applicant_id,income,loan_amount,credit_score,employment_years,debt_ratio,has_mortgage,education,approved
1,121843.64868802004,18541.993914493483,697.0,0,0.09893305341750766,0,PhD,1
2,46743.982130502605,13102.105699605128,355.0,16,0.3715554881618736,1,High School,0
3,85383.56858896797,22477.85172517198,372.0,1,0.38318472000922543,0,High School,0
4,90420.55439948506,10924.9205056682,772.0,3,0.5900122686802719,1,PhD,1
5,66577.23836330419,36067.8640096281,479.0,23,0.4014636357966694,1,Bachelor,0
6,49713.05106214579,36953.618697629165,493.0,2,0.3094259631162769,1,Master,0
7,115408.86331535019,5665.036690735855,683.0,26,0.5475725058508498,1,Bachelor,1
8,63299.35890782045,36268.99216449994,528.0,20,0.49696849121307346,1,Bachelor,1
9,104958.59210027657,18454.430279899963,565.0,2,0.3292477670641072,0,Master,0
10,68710.769100863,34529.16172484393,370.0,23,0.30680944664448434,0,Master,0
11,90748.35967319063,36791.7816159209,390.0,13,0.5651815114295261,0,Master,0
12,70446.33640852699,17500.1642090847,375.0,19,0.37027622637535845,0,Bachelor,1
13,79411.01781187956,13342.352297433805,744.0,26,0.4282675015017041,0,Bachelor,1
14,117847.98234301755,42186.151482843685,496.0,7,0.05200742528832187,0,Master,1
15,136058.98881934857,38263.292571776066,483.0,28,0.4309833727495555,1,PhD,1
16,91049.48757800202,42671.405294925215,376.0,7,0.15880910532400994,0,PhD,1
17,103230.12740783063,24607.39429573724,747.0,8,0.06932275392377504,0,Master,1
18,133729.17896161703,25536.595319633492,,17,0.5097996652831859,1,Bachelor,1
19,47186.688130750175,20487.52257280515,687.0,26,0.4147146519916476,1,Master,1
20,49463.758050457815,27457.81087351795,621.0,25,0.24453858734287823,1,High School,1
21,73108.43451058879,34095.652480145916,720.0,6,0.2588500357248399,1,PhD,1
22,67088.19367618076,41654.52205058436,845.0,9,0.11827063332588983,0,PhD,1
23,148364.8435532397,13242.678596809159,605.0,29,0.005730597279765148,0,PhD,1
24,97691.03699781744,23243.793372108263,645.0,29,0.209615483741626,1,Master,1
25,92868.79535508517,25754.07363686958,560.0,0,0.08904861580955133,0,High School,1
26,99446.23677239515,26959.754755487178,645.0,28,0.25303607741238915,0,PhD,1
27,135018.5250242229,29388.780928264827,448.0,3,0.500295052757975,0,High School,0
28,59225.73225963321,41078.62644425226,717.0,19,0.06885261804163183,1,Bachelor,0
29,91316.0734851879,44881.27604286961,328.0,3,0.055052161281687884,1,Bachelor,0
30,62515.58313546894,12162.095125006133,762.0,22,0.5412613319793371,1,PhD,1
31,123669.15731627116,37070.682869376884,488.0,28,0.44708373746299396,0,Bachelor,0
32,123253.83058834956,26559.871065583768,364.0,13,0.03184191937055405,1,Master,0
33,144891.56623372255,23797.252073538824,758.0,4,0.04774229115455029,1,Bachelor,1
34,83618.64718159416,10100.442160258564,523.0,4,0.4109545368893565,1,Master,0
35,49038.12624330544,7886.108819650233,775.0,18,0.22220652128861168,0,Bachelor,1
36,137569.30697305012,49001.49397881977,625.0,25,0.4345039773266653,1,High School,1
37,136872.31415629358,33906.5835180205,818.0,20,0.24267244158028659,1,Bachelor,1
38,58160.34483320359,25359.164730196557,491.0,4,0.5806720123927006,0,High School,0
39,63152.377986119565,39279.35773854985,387.0,23,0.41664996735639065,0,Master,1
40,67609.69286896223,9100.972963458342,757.0,10,0.02796945890740492,0,Bachelor,1
41,84210.00892071117,32335.087636969976,457.0,1,0.19830106492641972,0,Bachelor,0
42,129485.1818855016,34727.5215844779,572.0,14,0.3381637116816176,0,High School,1
43,47324.38686418928,25342.47067554677,631.0,13,0.08512418292021441,1,Bachelor,1
44,114046.91208784281,16366.937826192774,581.0,13,0.0015121800451774136,1,Master,1
45,72336.02622618567,47956.32002095371,462.0,7,0.04758487939302978,1,High School,0
46,53479.57906960667,18551.070500765138,473.0,19,0.3145580866177008,0,Master,0
47,70612.61640085948,10615.861956339053,407.0,24,0.37935305453134255,0,PhD,0
48,93993.11297040893,33371.31099387033,600.0,7,0.05574202541652749,0,Master,0
49,140569.6834221001,30844.533741159754,630.0,4,0.3990939143433679,0,High School,1
50,105392.23488535246,38964.7642238063,443.0,4,0.3702744943528055,0,Master,0
51,102849.73555864993,38920.240953231805,357.0,24,0.5639381892067575,1,Bachelor,0
52,43048.92442284032,32910.617429576145,597.0,28,0.504405294937362,1,Master,1
53,39576.11664160464,14339.088268358439,487.0,13,0.565945118243379,1,Bachelor,0
54,45535.63161726613,44921.54939887563,739.0,4,0.5796645738940597,0,High School,0
55,41465.476783735765,16172.735226945224,787.0,28,0.2644851215877732,1,Bachelor,1
56,99163.73220850083,9229.292979966096,,8,0.2927464087668064,0,Master,1
57,84313.8299554347,18567.460579770435,,21,0.16897318097346062,0,PhD,0
58,30599.05414775702,26745.448961793587,511.0,26,0.3050594415569021,1,Bachelor,1
59,72127.99833823793,14323.219123303197,835.0,10,0.09042881891952714,0,PhD,0
60,45283.69820362373,20015.225089381558,519.0,16,0.4028585764549188,1,PhD,1
61,148574.33978923984,28116.19364597324,472.0,26,0.014959520799017722,0,PhD,1
62,85218.90710781048,19532.274284739724,300.0,11,0.14137665377132985,0,PhD,0
63,81135.19665258322,9019.280816636929,767.0,11,0.12484301891478905,1,Master,1
64,107300.91982404569,13874.608257757363,324.0,23,0.5627334428532323,0,Bachelor,0
65,72851.22042446732,40739.30954481618,503.0,15,0.08694105102470948,1,High School,1
66,115861.75535552745,47944.92285202893,500.0,29,0.5344652704698565,1,High School,0
67,138575.2540571045,11679.660012659697,490.0,0,0.07461493282089826,1,Bachelor,0
68,89867.67438983097,35645.85736036344,,17,0.39041879176827743,1,High School,1
69,75950.76257448085,45751.08989103963,777.0,5,0.1919315809040029,1,Bachelor,1
70,92627.6212449526,18461.42866924801,603.0,4,0.18960142112819495,1,Master,0
71,102426.32343945684,42325.77806396994,835.0,17,0.598962660072879,1,Bachelor,1
72,131724.31260452393,45722.10971204104,381.0,12,0.13562571467575446,1,Master,1
73,77337.53416188549,18477.405068329797,846.0,5,0.12153604076066554,1,Bachelor,1
74,36171.77650802942,7553.336453725538,845.0,6,0.3536008494587781,0,PhD,1
75,105688.0588099797,46255.68898057667,561.0,2,0.4444514382171438,0,PhD,1
76,148425.3874944205,19871.720350293253,476.0,10,0.5895027141140685,0,Master,0
77,132508.4075309625,5618.212564296272,514.0,7,0.4208482645424764,1,High School,0
78,120990.71763033966,26371.389883925618,440.0,3,0.3371226397502457,0,PhD,0
79,51180.23844181915,10214.446136522187,567.0,9,0.24547903065485258,0,Bachelor,1
80,119834.30628093812,45576.58436222745,438.0,8,0.35706768538359984,0,High School,0
81,39777.1918290725,11974.794277856541,346.0,22,0.360500998051615,1,High School,1
82,89270.15659258807,18698.846217916434,359.0,12,0.13062689631859425,0,Master,0
83,74507.9700591849,40570.257690584076,360.0,18,0.402725136920282,1,High School,0
84,138634.35992663522,41285.613663170276,394.0,29,0.12265427439864245,0,Master,1
85,49180.28990450424,45557.59949007565,774.0,14,0.29397289403721544,1,PhD,1
86,124666.20042650895,27382.82706210464,339.0,4,0.15592170757794738,1,PhD,0
87,35821.42822730154,49402.42830712274,645.0,24,0.18768061423785062,0,High School,1
88,114210.57125668314,28228.505260447015,626.0,12,0.3683262119976179,1,High School,1
89,65253.38477376621,40581.850622361126,736.0,11,0.038691068842680164,1,Bachelor,1
90,147109.61074734386,21285.608714834394,,8,0.007220889194536472,0,Bachelor,1
91,110609.21279512346,47358.1092335097,510.0,23,0.07837200572858617,0,Master,1
92,67068.65774580278,35825.73019935515,337.0,7,0.10122418684469851,1,High School,0
93,58262.52290827285,8469.42132489812,767.0,8,0.11872378082738035,1,High School,1
94,106717.05322573967,9883.39229625536,616.0,20,0.4643586421286879,0,Bachelor,1
95,62727.65338225409,45086.47480168468,510.0,12,0.26811478022272717,1,Master,0
96,52416.642294402074,41430.13306137217,382.0,26,0.28196168030656327,0,Bachelor,0
97,107720.3646876232,19854.240791935714,655.0,28,0.38660049771332605,1,High School,1
98,116914.44535651857,28471.818365719948,838.0,8,0.4374652610477086,1,Master,1
99,58563.396811655504,43373.67970164389,508.0,5,0.0021050097320616246,0,PhD,1
100,94304.69596621903,9654.399686558532,575.0,28,0.5140352014831017,0,High School,0
101,109635.54592570283,11216.273970454848,791.0,29,0.593060908364465,1,Bachelor,1
102,143030.00538312324,37198.71224126122,597.0,5,0.07308445934305303,1,Master,1
103,126411.99526610757,8699.246709911447,357.0,10,0.3906483501941421,0,Bachelor,0
104,80497.78202972445,20865.492335921313,595.0,9,0.0014482526405858785,1,PhD,1
105,131328.88125602025,16331.374496861898,758.0,13,0.029417691704749414,0,High School,1
106,83003.27845772028,39212.865257126236,695.0,27,0.1710006120516332,0,High School,1
107,45615.198299070544,5110.154311834566,673.0,5,0.5078424506517805,0,Bachelor,1
108,70932.0540876614,10192.312263285225,361.0,6,0.39150054086264247,0,High School,0
109,126566.88127780988,9455.339345035336,745.0,8,0.2674925591833961,0,Bachelor,1
110,144696.5732235014,19313.46733555698,386.0,2,0.2631590841614357,0,Bachelor,0
111,148030.05055082403,15461.57745449154,698.0,11,0.27963214461187597,1,Master,0
112,106691.39907264503,15272.725330970923,423.0,15,0.18661986468060227,0,PhD,0
113,87401.03488525261,21667.696759310213,818.0,12,0.5266287105753086,1,High School,1
114,49446.847694321084,14632.203986900204,582.0,5,0.3407214787198784,1,High School,1
115,42302.91687566458,9779.638490894453,813.0,12,0.2903699781155117,0,Bachelor,0
116,92220.26468007949,31246.306895143214,456.0,25,0.2790459618942623,0,PhD,0
117,117333.49021458294,47828.19636590522,525.0,4,0.5614958801387655,1,Master,0
118,68870.64754505994,32322.42171671853,,3,0.43419715693180905,1,Bachelor,1
119,110961.20734273738,39065.93017834306,565.0,7,0.0868887328299514,0,PhD,0
120,98497.24790891063,48747.957763644656,565.0,2,0.26218210196595904,1,High School,0
121,142889.8634059265,11892.319032135836,848.0,1,0.173023326248714,1,Master,1
122,55146.83177963464,25691.448743999263,587.0,19,0.5921211946380975,0,Master,0
123,100927.01600735505,31183.131089040595,591.0,18,0.24923742378790847,0,Bachelor,0
124,79655.6287936705,19495.07719815219,619.0,6,0.040722061817869415,1,Bachelor,0
125,61389.065969745694,32590.826534149848,772.0,11,0.2467272008776826,1,Master,1
126,72875.07536825788,33071.92205724408,698.0,28,0.19281016836356116,0,High School,0
127,65344.194588551494,42900.3156320126,372.0,3,0.3597495882469487,0,High School,0
128,93317.83263812243,42463.192219683704,827.0,9,0.1356469051374179,0,Master,1
129,96966.51665318529,11413.487248246398,382.0,27,0.021584189819628997,1,Bachelor,1
130,133864.80808024987,12600.135059927301,473.0,8,0.05752822509533481,1,Bachelor,0
131,123756.69747592515,15006.739450663414,727.0,28,0.1698885537206192,0,High School,1
132,66301.82735926023,16755.360396289725,590.0,11,0.20899357891986456,1,PhD,0
133,141759.03427625197,30402.203325967504,680.0,10,0.5006703240268396,1,PhD,0
134,134202.33278658736,19737.065338530418,662.0,20,0.1620418104086309,1,PhD,1
135,105103.55556094942,47883.3208992276,485.0,29,0.018895832085627683,0,High School,1
136,32235.423921974685,10323.563956529597,304.0,18,0.4684400899217125,1,Master,0
137,55096.394071162926,16091.823942603492,561.0,1,0.5213505420533776,0,PhD,1
138,124718.31028644388,44074.28939534901,478.0,5,0.2953837424403167,1,High School,0
139,84451.29574425437,31294.90107763264,441.0,29,0.17095633845388244,0,High School,1
140,45114.06214732505,29634.280081493194,567.0,5,0.46328392807104957,0,Bachelor,0
141,78991.16051494612,31745.536328020284,769.0,0,0.005339044009194293,0,Bachelor,1
142,55428.374858400304,16351.905180047115,,6,0.5544169374647367,1,High School,0
143,137108.08762984048,39265.1250422994,406.0,11,0.5193189869263868,0,Bachelor,1
144,136711.00851727667,27343.945114184826,736.0,20,0.32689992597290146,1,Bachelor,1
145,76447.46185304038,6916.817356528782,330.0,22,0.16654871274587316,1,Bachelor,0
146,46487.220130449015,12972.12180299397,846.0,11,0.019706929649398595,1,High School,1
147,73059.7480557904,41748.08699216948,820.0,19,0.5998942501181173,1,PhD,1
148,45448.79579722051,20527.014453732398,341.0,20,0.45724423382321033,1,Bachelor,0
149,66485.51938048906,39804.98571573698,486.0,22,0.20322592548489501,0,High School,1
150,122541.78428628447,34851.95309239018,600.0,5,0.011563182983270748,0,High School,1
151,65033.572663681596,18565.69013268948,,13,0.3835750370764626,1,Master,0
152,95304.2329568351,10716.599480025772,789.0,16,0.5921424034510172,0,Master,1
153,44264.804626354264,41312.537895167756,556.0,16,0.42424362517960035,1,PhD,1
154,71715.0530598989,33938.93123733532,366.0,17,0.05022864514188317,0,Master,1
155,34756.52006931062,18535.887884865813,519.0,12,0.24136702330413373,1,High School,1
156,95780.19137574517,28547.37357009025,622.0,12,0.06551007763653484,0,Master,1
157,71714.78230487209,32535.638218310905,358.0,26,0.5472963297605685,1,Bachelor,1
158,134640.46958748487,5095.333475571275,477.0,10,0.19824868257154848,1,Master,0
159,77106.3120414335,35173.09736527719,760.0,2,0.4400259176044026,0,High School,1
160,96933.01433772329,34523.51301870262,589.0,16,0.05081421480546398,1,PhD,1
161,147197.29532191664,8716.028972168548,411.0,25,0.0770488174772637,0,PhD,1
162,107124.71174216365,40448.900017279,623.0,1,0.4076925972304108,0,PhD,0
163,90056.63937078914,42128.9982497129,481.0,29,0.5060879690173015,0,PhD,1
164,41774.96757143855,18057.311182881014,765.0,27,0.12086997379876735,0,Bachelor,1
165,128515.7149040546,12299.569572214517,523.0,1,0.2510023475982381,1,Bachelor,0
166,107086.00065409453,35891.66745888184,697.0,6,0.371650220821876,1,Bachelor,1
167,43022.9178034949,10550.757130228561,459.0,26,0.4777658035561635,1,Master,0
168,59480.29809311645,43611.90876313377,753.0,28,0.3769179662275686,1,Master,1
169,94517.69537250392,26605.826827001358,662.0,27,0.05725555238554603,1,Master,1
170,35407.49199723527,45941.404189413435,302.0,21,0.32569159700045036,0,PhD,0
171,116197.21156619002,33897.62174032479,659.0,24,0.530764008885942,0,PhD,1
172,57335.261334617084,17829.15196803311,614.0,9,0.5208142326143904,1,Master,0
173,88765.26892940825,26061.69720502759,321.0,13,0.35100936465057675,1,Bachelor,1
174,58997.209075441715,28820.621643910672,720.0,20,0.5974177240625034,0,High School,1
175,88702.42828499814,41682.13992064803,425.0,18,0.06307423343061325,1,Master,1
176,52761.48069399389,43783.48238765259,704.0,16,0.2871572144349917,1,High School,1
177,101270.47191433398,35735.52992963657,567.0,15,0.4650741836116442,0,Bachelor,1
178,139248.8072922043,18238.91473277108,405.0,16,0.08462287086849553,1,High School,0
179,126880.31352709343,28785.58285832534,844.0,17,0.5836498568897127,0,PhD,1
180,58982.4916701776,10877.983357113186,,28,0.212427927110187,0,High School,0
181,89773.13828011171,15354.926395455957,604.0,26,0.21008385238715452,0,Master,1
182,80773.01027736117,18637.638539748797,633.0,10,0.1279165806847237,1,Master,1
183,145857.0143266669,8274.196921215229,317.0,18,0.1728104784399566,1,Bachelor,0
184,125858.535280396,44824.48725518433,699.0,10,0.3465533400438584,1,Master,1
185,42891.43964183671,10518.987975134152,467.0,9,0.2576125734305727,1,High School,0
186,50226.28808561132,36357.74267384537,634.0,29,0.11602690699603813,0,PhD,1
187,114243.40731992474,27754.78409680313,454.0,13,0.48548396418988154,1,High School,1
188,49182.98107592718,42429.5522859113,675.0,13,0.0373435842744358,1,High School,1
189,144056.22594119573,38346.608669750676,380.0,9,0.5007916467001631,1,High School,0
190,149153.62197118462,39188.21024028586,749.0,20,0.16496323478874747,0,Master,1
191,123404.50395373932,23825.582494603215,609.0,22,0.29754199985758306,0,Bachelor,1
192,33216.02871784885,42528.92611532392,654.0,3,0.2286387231530351,0,Master,1
193,87927.21328199984,9263.38440140626,623.0,9,0.34236126803382844,0,High School,1
194,78729.54111598677,24998.85571372888,527.0,26,0.4775939970841052,1,Bachelor,1
195,125944.27699849156,49757.6327360002,490.0,5,0.593591876084817,0,Bachelor,0
196,64440.9993485318,47665.154526914106,596.0,21,0.18363548739234095,0,High School,1
197,76335.12518084138,8699.566324195435,488.0,28,0.33228264741812025,1,High School,0
198,41220.16147241451,30784.351512507692,492.0,10,0.2796045292649984,0,Master,1
199,71116.3303861281,19204.27752893343,,17,0.5993568955878724,0,Bachelor,1
200,146862.46141788794,37781.26407544437,308.0,5,0.48534817829966936,1,PhD,0
201,143057.98248229866,38110.43451418548,442.0,20,0.23825031514811568,0,Bachelor,0
202,120031.10473664102,5004.197060955929,786.0,14,0.28612743336458785,1,Master,1
203,138871.63866370264,43061.86313471103,493.0,26,0.147573956655956,0,High School,1
204,55340.46082253955,15061.221848147572,821.0,5,0.4531483918492959,1,Bachelor,1
205,104619.82422393112,48465.797639866905,732.0,19,0.5071270718270653,1,PhD,1
206,89996.66858699013,45744.40885532473,438.0,0,0.5789920941737522,1,Master,0
207,80722.80484413705,13579.657207105729,329.0,8,0.3394973380906782,0,Bachelor,0
208,68980.216435171,33635.09407834525,578.0,13,0.4024098013424637,1,Master,0
209,133958.35104073043,18335.808770453863,341.0,2,0.2676352990016756,1,Bachelor,0
210,88140.622679141,9634.286091096836,527.0,29,0.3654771062025862,0,High School,0
211,116884.01873628316,44330.10476469249,779.0,0,0.2092494181440785,1,PhD,1
212,114714.02925671767,13137.191249606985,716.0,13,0.4426134699123835,1,High School,0
213,46328.5340457463,23943.54021858402,500.0,13,0.013620219452626436,1,Bachelor,1
214,35872.283827551146,46588.510670855685,620.0,3,0.017074109815190152,1,PhD,1
215,130795.580831403,8390.945362876442,667.0,13,0.4296725341119588,0,Bachelor,1
216,88838.4045405461,29776.302307729326,625.0,22,0.5584096818750997,1,Bachelor,1
217,127210.26380118946,30746.496754429405,609.0,3,0.3793493606618678,1,PhD,0
218,65647.82971946581,39338.00198048649,660.0,10,0.43591697940221813,1,PhD,0
219,133419.83655389384,42220.88913914855,827.0,19,0.49436057473090056,0,Master,1
220,129698.45818516197,24086.470764224283,602.0,8,0.21700455867814764,0,PhD,0
221,75800.57131928304,38465.73683140731,578.0,10,0.06486819453564503,1,High School,1
222,79403.76740834664,45969.76927164916,620.0,14,0.5598553723500578,1,PhD,0
223,72107.08793417682,44881.97895751369,776.0,5,0.563142339001464,0,PhD,1
224,34178.70878568659,27581.85808771542,603.0,24,0.2651043333432474,1,Master,1
225,112519.27094732753,32316.329728097087,818.0,11,0.13030179419676827,0,High School,1
226,62727.90591053797,35276.39878615976,355.0,27,0.5354126296619934,1,High School,0
227,136081.64908350073,41859.89599623839,,12,0.4250560182511519,0,PhD,0
228,137685.25771458313,27847.989042722027,321.0,17,0.004937010328177082,1,PhD,0
229,116709.50473461743,10035.500868323154,379.0,22,0.0646318208754495,1,Master,1
230,51787.67867609643,22338.578170262153,583.0,22,0.5899197856630467,0,High School,0
231,40715.09909552333,37409.093573955935,727.0,13,0.022876907284886804,1,High School,1
232,127973.591454886,33070.952533274976,402.0,23,0.16953300621817324,0,Bachelor,0
233,137167.93306343324,38907.131066790884,441.0,25,0.32909780682368184,1,Master,1
234,72244.69496806146,27497.918224504945,702.0,10,0.11061336972332732,1,Master,1
235,72354.71204713284,12848.214764534032,461.0,24,0.13923245181777538,0,PhD,1
236,76833.10888422407,10184.339237323205,515.0,23,0.2117804919372013,0,High School,1
237,129314.67681197358,26656.787255607815,777.0,1,0.16173256099377215,0,PhD,0
238,114848.6349000937,14257.617629692279,550.0,18,0.48201373675200426,1,Master,0
239,44637.16009229125,49202.009962419164,709.0,27,0.30016468403556285,1,High School,1
240,106162.86871749138,13943.883737270287,618.0,1,0.16717208854656626,1,High School,0
241,31173.319194978245,30505.293261034683,687.0,16,0.18785762009681903,1,Master,1
242,115246.34460327761,5079.557038585521,384.0,28,0.023918975752818827,1,High School,1
243,121755.87808489236,16414.028698953276,814.0,22,0.029635245708525357,1,Bachelor,1
244,127793.81036380827,16661.23192486007,304.0,7,0.43074453981533045,0,Master,0
245,105077.11461654677,38209.434602720205,534.0,4,0.06774650224266843,1,Master,1
246,51670.572529845536,27303.176234500683,712.0,25,0.28547806480906907,0,High School,1
247,125249.61367777926,5544.133295485176,674.0,28,0.505419385713478,1,Master,1
248,137974.8671090199,22062.692248514642,574.0,10,0.2210721034363207,0,PhD,1
249,106055.53716673408,34015.14936824434,670.0,29,0.20745133620642356,0,Master,1
250,63014.14487586367,33651.81296918339,831.0,24,0.523828965472183,1,PhD,1
251,51523.2866021644,7424.992139564996,693.0,19,0.5189102379898035,0,Bachelor,1
252,57775.56260437713,46801.08195680839,303.0,0,0.5280820808761703,1,Bachelor,1
253,32028.510484175655,16114.598093631399,833.0,19,0.3431483760790553,0,PhD,0
254,31220.23092798816,45118.67513471745,823.0,15,0.5713825641439562,0,Master,1
255,65644.61050148832,14603.650066745286,,4,0.49137836869042634,0,PhD,0
256,140755.1657128349,30553.262792015936,712.0,26,0.24938065617142124,0,High School,1
257,104559.29470474155,23273.61387106728,488.0,27,0.377733085164023,0,PhD,1
258,76332.8470972698,31160.717741588476,616.0,15,0.07307344965498581,0,Bachelor,1
259,31301.70752644801,27403.826637494894,838.0,23,0.33079931157051085,0,Bachelor,1
260,148764.01824297349,5092.128988415691,730.0,4,0.1578894501325612,1,PhD,0
261,84701.3265512454,20809.956865936616,639.0,27,0.17012833590682133,1,Bachelor,1
262,148980.34003799592,5504.772034836475,818.0,9,0.0754309397567549,1,High School,1
263,116416.79463398598,35751.49405961488,729.0,8,0.2149195341443559,1,Master,1
264,36148.662134219296,43407.31123348388,726.0,21,0.2888341981794946,0,Master,1
265,133083.07680926833,22312.150776943727,821.0,29,0.3602126647121178,0,PhD,1
266,93647.92737848128,28616.09169056489,814.0,23,0.18292160176158573,1,Bachelor,1
267,84327.40898433106,7962.680623066652,599.0,18,0.4753489405860548,1,Master,1
268,120942.20413271419,22333.88339660895,353.0,28,0.31257597696223083,0,Bachelor,0
269,122976.11191817839,11248.718289408112,461.0,2,0.3828312653734384,1,PhD,0
270,125571.56997008913,7911.582752675076,748.0,8,0.1668861653871197,0,Bachelor,1
271,121264.36258985737,12741.491637539551,510.0,21,0.4884815274073588,1,High School,0
272,106952.4062390056,44187.977460428425,746.0,19,0.3745646703395623,0,High School,1
273,111074.67783951676,49199.19814980271,369.0,7,0.5174092496694942,1,Bachelor,1
274,133029.91032427544,44564.63597463206,600.0,3,0.09597094736297669,1,High School,1
275,112864.8747785716,48635.171225857644,367.0,10,0.22839796015859914,1,PhD,0
276,42162.899973791646,37886.306066845806,581.0,3,0.0678097104343558,0,High School,0
277,107460.07536094247,12186.747491839102,453.0,11,0.12931638654263547,1,High School,1
278,50399.253327389146,30342.67038850702,761.0,22,0.23672850269092197,1,Master,1
279,31710.355490066064,37921.823133517566,523.0,6,0.5367491445956245,0,Master,0
280,55700.006672971394,28105.8257366959,667.0,27,0.33422440144314236,0,PhD,1
281,48528.59801432752,29960.025534600492,488.0,7,0.19822699842855496,1,High School,0
282,42251.48821386538,31378.554275653056,685.0,9,0.4481394977277554,0,Master,0
283,55798.41298868222,26008.089772075266,340.0,22,0.011809623716580874,0,Bachelor,1
284,97628.32074004269,18076.480989457435,816.0,28,0.22205532674560072,0,Bachelor,1
285,48176.3763663591,33666.131246208264,429.0,23,0.36049901795602707,1,High School,0
286,63532.593240985625,7407.8778152377945,321.0,12,0.3499423823173212,0,PhD,1
287,131951.0532255466,12691.726101420441,340.0,23,0.36453472946549653,1,High School,0
288,136566.15294336563,46636.76920941345,452.0,13,0.1269004588886796,0,Master,1
289,69970.1240143761,26996.731361996466,649.0,15,0.20224749179608728,1,High School,0
290,137874.13210695097,41975.77151128643,308.0,6,0.558939271268776,0,High School,0
291,100287.33241353475,37694.33112590898,346.0,15,0.5843853187720185,0,Bachelor,0
292,57164.208531662916,19431.907429288418,629.0,16,0.18722301079913684,1,Bachelor,0
293,120515.20861672367,41164.20783772058,302.0,19,0.38670222204525256,1,Master,0
294,140651.29736853577,9109.509802398881,708.0,18,0.1447780674821435,1,PhD,1
295,109108.29930977919,44374.02144559426,335.0,11,0.22111720018422867,1,PhD,0
296,54159.68743389055,35625.20005986903,542.0,8,0.47540081808957824,1,Master,0
297,40305.60920092607,46718.25426133094,733.0,27,0.3007072380038494,1,Master,1
298,57529.4364847436,45297.96801120073,717.0,25,0.5097539759049238,1,High School,0
299,70621.020650322,22111.79160059295,518.0,7,0.37724414739543416,1,High School,0
300,70048.2364808436,43557.463484121574,500.0,8,0.37735271108768914,0,PhD,0
301,89825.51196163686,30335.72324087007,693.0,4,0.020328016888695056,1,High School,1
302,90620.30592383388,12070.144236499673,,20,0.4498022155451457,1,High School,1
303,86571.91339381636,42329.788852607766,568.0,9,0.5867199167702982,1,Bachelor,0
304,71258.86510594923,45856.389138812105,423.0,4,0.2838171361520308,0,Master,0
305,42819.65686064458,8804.624344659473,699.0,13,0.09514800897550331,1,Master,1
306,80198.19497983143,46874.87798496688,580.0,17,0.5861866028283236,0,Bachelor,1
307,148291.24109427893,32056.920932845533,732.0,28,0.17407552489071978,0,Bachelor,0
308,108464.98477013373,6165.383693099586,699.0,6,0.24551877344230225,0,High School,1
309,82773.28166445656,29380.758407167283,301.0,7,0.046419848460919,0,Master,0
310,40018.8753691771,40853.706542751934,628.0,4,0.06650211941545114,0,PhD,1
311,55589.846287503104,28993.165121084905,682.0,23,0.1299394023356438,0,Master,1
312,98957.6752806211,36826.081428103746,377.0,5,0.3290796390541206,0,PhD,0
313,89744.86147776074,44581.22293447608,631.0,19,0.33467352111864485,0,Bachelor,1
314,32303.40750768852,44139.267956991825,462.0,22,0.36374629370572914,1,Master,1
315,40348.29981190747,13049.146307099283,449.0,23,0.35029017420455777,0,Bachelor,0
316,72721.02973456666,24220.8511293011,804.0,8,0.29714218985004864,0,Master,1
317,46899.09393963263,10002.427964604416,449.0,20,0.4812591927612654,1,PhD,0
318,144941.12147727708,31779.40176873701,346.0,8,0.5603398184243235,1,Bachelor,0
319,34094.12338207155,47962.70380155481,661.0,7,0.1618567999675376,1,High School,1
320,146885.92472503666,13183.113783640565,673.0,16,0.07811620938386095,1,Master,1
321,108786.44643128976,23163.36637034153,394.0,23,0.2550523763435748,1,PhD,1
322,78867.32687228642,47931.205999581005,400.0,7,0.01585342505638556,1,High School,0
323,94731.90553484818,38755.320188660095,689.0,28,0.5299913242270059,1,Bachelor,1
324,79214.96545816699,8202.626558175192,381.0,22,0.14382375614779447,1,Master,1
325,98784.91501138745,24278.700495791414,712.0,0,0.32957797784897697,1,Master,0
326,48240.73849595967,49454.85746829448,302.0,21,0.06905699393788542,0,High School,0
327,44401.585076816045,25395.916931679752,312.0,17,0.33195440354597056,1,High School,0
328,93430.88113173982,33323.063447163,463.0,14,0.02339607174111864,0,Bachelor,1
329,38560.75894136808,36543.95154781354,644.0,21,0.4612840173534351,1,High School,1
330,65098.11631762825,34876.91254319003,465.0,26,0.5732528775863488,1,Master,0
331,141227.40395261813,28342.330656841033,374.0,15,0.18418563896615725,0,Master,1
332,135145.57300174562,10975.805937094767,359.0,1,0.15492876627257557,0,Master,1
333,129768.27544893572,36878.668703623116,681.0,12,0.26879698295210414,1,Master,1
334,90859.6423773837,46999.7542720119,372.0,1,0.3719841961502255,0,High School,0
335,33346.164551697766,47376.34912724551,422.0,13,0.11337747719508479,0,High School,1
336,44564.31136823001,31702.523277675486,766.0,6,0.48198479835772645,0,PhD,0
337,140334.12898672832,27148.887011499966,588.0,10,0.11912088801024646,1,Bachelor,1
338,130368.87985250095,20028.249514626543,815.0,14,0.003284531990224804,0,High School,1
339,75182.6186572465,9660.604491489363,780.0,25,0.3145503501513447,0,Bachelor,0
340,117477.06418559869,44740.30209273912,536.0,16,0.06908982669954707,0,High School,1
341,132543.33518619466,11167.403926253588,471.0,20,0.4189432352322385,1,PhD,1
342,104440.27194474616,17957.55782531485,684.0,16,0.10048199752110311,1,High School,1
343,132423.23361468775,38317.93118386136,745.0,14,0.49042823731202123,0,Master,1
344,59360.880944274824,36714.365764814844,506.0,15,0.2822208797255988,0,High School,0
345,85456.28961315723,35645.5739314412,449.0,8,0.33976674276999747,0,Bachelor,0
346,99485.01417787722,38376.81479547097,450.0,20,0.11195109918162705,1,Master,0
347,105738.89362960432,29388.983627700767,412.0,20,0.08801284651827772,0,High School,0
348,148438.83870824028,11972.793926614362,531.0,19,0.3787754799121272,0,Master,1
349,131511.76060505246,49926.110586311064,787.0,18,0.15327636920501111,0,Master,1
350,36631.309565051735,45146.281422290354,682.0,23,0.23155534099065467,0,Master,1
351,50296.00853322704,24401.851117776354,673.0,22,0.2876694923621916,0,PhD,1
352,108857.03560096271,28864.67493895863,546.0,8,0.13778016334856383,0,Bachelor,1
353,58861.203557019035,22709.79275691515,,5,0.4772542863358221,1,Bachelor,0
354,49076.14958887789,33709.01790439348,701.0,0,0.5636546453453433,1,High School,0
355,109998.10586355971,37901.30178890073,424.0,4,0.25913589723613667,1,Master,0
356,94370.94616001424,15420.343944924703,655.0,4,0.5505290306932582,0,High School,1
357,126622.7972965596,24475.844008053362,538.0,22,0.5296096904054151,1,Bachelor,0
358,68323.34366476187,33810.56540339922,812.0,25,0.09962833723207547,1,Master,1
359,69564.46902144008,49460.88742633849,831.0,0,0.10402916749374792,0,Bachelor,1
360,48059.035525487474,19619.33611101899,572.0,0,0.28644303688223016,0,Master,0
361,108270.97752343296,38525.02010865652,,28,0.31551430753917215,0,Master,1
362,115067.0213154095,20600.229359646146,705.0,21,0.20467783539143491,0,PhD,1
363,46611.218714116665,9155.288886636139,413.0,5,0.18775258790317031,1,Master,0
364,60493.612958177066,39656.56190123664,326.0,8,0.2588203738809273,0,High School,0
365,48512.55808440478,34218.809733899456,717.0,18,0.4142875688395205,1,Bachelor,1
366,119721.23963988348,28145.28719852618,761.0,27,0.050636179807128645,0,Bachelor,1
367,55091.727556309066,35376.6149972056,479.0,4,0.4263492021074042,0,Bachelor,0
368,48269.58775084287,44568.502428156076,546.0,20,0.5557441569792808,1,Master,0
369,38382.20489839057,39042.97704504849,799.0,16,0.4581040253046177,1,High School,1
370,129755.93690714204,43601.78403167841,616.0,21,0.11500611380769543,1,PhD,1
371,44877.49786175801,18050.84764186034,733.0,19,0.05248871326628517,1,PhD,1
372,33560.046463742925,41021.75827828385,,11,0.29422824539372333,1,High School,1
373,37716.638442113595,21200.42062099,668.0,5,0.5738436535073922,0,High School,1
374,74019.70465539322,5929.3335377267285,467.0,28,0.4914355724332925,0,High School,0
375,101598.30488717156,6943.290640564974,367.0,12,0.3376401834077957,1,Master,0
376,77784.5649073099,37865.955321732086,644.0,23,0.08578885405055567,0,Master,1
377,84648.83045718263,17235.9187087774,829.0,7,0.4283020692669573,0,PhD,1
378,140316.65478315717,18841.29140975087,351.0,28,0.4877989431645388,0,High School,1
379,121070.5393596077,33016.01207609961,,2,0.561041481855506,0,High School,1
380,70924.95640202222,38367.91669616841,439.0,24,0.3672697404959491,1,Bachelor,1
381,48517.74987565083,30149.791301012414,708.0,10,0.3086794887872451,0,PhD,1
382,119900.69339356277,36786.75086006962,634.0,28,0.37150922614060755,1,Master,1
383,98822.85326542953,47347.377643013846,580.0,19,0.5659515027951267,1,High School,1
384,145469.60245931806,43437.197530422396,704.0,0,0.3768762517039705,1,Master,0
385,139013.0817188882,15836.164302374187,421.0,24,0.15455510963622457,1,Bachelor,1
386,97637.1276786825,45805.624148138144,759.0,13,0.38169084476540777,1,High School,1
387,38389.22322069973,18376.89148618455,338.0,28,0.5278467436809328,1,Master,1
388,33715.16174459711,34726.471658659095,374.0,20,0.34020121715761015,0,Master,1
389,130502.44807513012,44362.234558516764,516.0,28,0.30161929680582444,0,PhD,1
390,113765.05510625328,33055.07572704596,545.0,23,0.4400215497015088,1,Master,1
391,97218.88642275927,41278.82612491421,717.0,12,0.3965932170868873,1,Master,1
392,112671.0281249273,46730.619899634825,502.0,14,0.03401255937221335,1,Master,1
393,94774.4201107269,48512.16793002942,818.0,22,0.43518668453845843,1,Master,1
394,99400.52826926806,23478.4818572007,595.0,20,0.24452965805165072,1,Bachelor,1
395,57106.675369156015,49674.56929675373,749.0,7,0.5645389680184422,1,Master,0
396,84660.52960035109,17225.652370307627,527.0,14,0.5824817930511248,0,PhD,1
397,31328.825095850498,25798.395977579356,402.0,12,0.2692432908747301,0,Bachelor,0
398,110248.03793531866,39231.7501794564,391.0,0,0.5812769079947536,0,Bachelor,0
399,69876.30698622229,48656.91055646825,656.0,10,0.18649230897359775,0,Master,1
400,108758.89829248023,7382.3612560203055,445.0,19,0.4095866528711867,0,High School,0
401,141175.40034663992,47553.87635174208,566.0,14,0.04503282666565058,1,Master,0
402,100997.19775932936,49940.397390189624,418.0,20,0.08699360910926832,0,Bachelor,1
403,69370.20028363318,45931.074855597144,802.0,3,0.5187155414266911,1,Master,1
404,54859.0344504034,9877.289692751929,563.0,5,0.5362704235781781,0,PhD,0
405,60205.018317116206,42831.51163627365,575.0,24,0.3195667151818468,0,PhD,1
406,148475.64352105063,33789.281163579435,358.0,11,0.20386405616814915,1,PhD,0
407,103843.56605440732,5428.694271003903,646.0,0,0.2706143590583703,1,Master,0
408,82865.46096927524,49296.92951599474,485.0,9,0.5217746934867935,0,Master,0
409,57717.002829760604,11773.567549994783,414.0,26,0.12659605357255074,0,Bachelor,0
410,122766.08601288707,22856.962861536314,661.0,17,0.17692213878095783,1,Bachelor,1
411,76493.2012698341,6362.262681720949,535.0,0,0.4712657605516606,0,Bachelor,0
412,66135.19266037986,18928.360167295486,741.0,6,0.5611616675498494,1,High School,1
413,56676.56648146018,30574.657549683037,562.0,29,0.055756404009302575,0,PhD,1
414,52275.747799024815,46888.39050926021,350.0,1,0.48226338081137743,1,High School,0
415,62805.23712713585,49566.4036778146,650.0,24,0.3870409841590946,1,High School,0
416,105264.35376356641,24051.122378030697,716.0,7,0.13846292667842933,1,PhD,0
417,58781.732693813654,24268.27491167952,312.0,25,0.45349031799886075,0,High School,0
418,37271.80956106163,12215.454430872696,,0,0.4367496389995967,1,Master,0
419,73082.94296746014,27426.15034972529,831.0,18,0.08521788692964684,0,PhD,1
420,100182.22896733474,47303.64570925287,512.0,5,0.3013506344468332,0,High School,0
421,37226.16642902374,12442.827084867147,569.0,10,0.45497464971039947,0,High School,1
422,84315.02189952906,16991.295939300056,339.0,18,0.1149264760846875,1,High School,0
423,36274.6481886893,45109.30431734261,480.0,24,0.2776596134347021,0,Master,1
424,122181.54790707615,33189.377622227694,564.0,27,0.07244467481718683,1,High School,1
425,134625.8991798471,19872.825708153876,,9,0.18410095442453617,1,High School,0
426,145656.97684194404,41573.523432381415,786.0,15,0.1307669405409205,0,High School,0
427,112951.63965148795,9903.38637659495,703.0,15,0.3030426760349135,1,Bachelor,1
428,105847.72772946396,43625.81146241756,689.0,9,0.08472920089245146,1,PhD,0
429,113289.25025674184,28310.074969451427,422.0,17,0.22989045323550772,1,High School,0
430,132557.7823088665,39062.0493678028,336.0,21,0.16509774299139565,0,High School,0
431,126851.13472940763,28327.621620475627,802.0,17,0.447629348524186,1,PhD,1
432,82619.57206542738,16082.281485453805,826.0,2,0.41980186388120627,1,High School,1
433,108128.78090715391,33838.1880252925,391.0,11,0.05695831779937366,0,Master,1
434,49430.433679727335,11965.601120305593,399.0,9,0.5720903327267509,1,High School,0
435,113391.07499229608,15344.16955466792,754.0,27,0.44680975084805324,1,High School,1
436,117692.46342473876,29719.655105541013,,15,0.369575217448661,1,Bachelor,1
437,126157.1880730539,22549.26115895987,804.0,24,0.2866208968708108,0,Bachelor,1
438,128117.83219027067,38534.10283792483,416.0,8,0.10675345245926338,1,Master,1
439,82788.9663171625,31260.76148937282,790.0,29,0.5772095861920762,1,PhD,1
440,138422.0138559152,22160.080742401075,641.0,17,0.0047150260214449125,0,Master,1
441,147714.0376489353,19702.847067562172,725.0,12,0.41548868053792654,1,PhD,1
442,147364.92989592926,46095.92518855942,769.0,23,0.30446659472297904,1,High School,1
443,100291.31498815681,6803.719788229031,433.0,13,0.5415491340147444,1,Bachelor,0
444,97137.93110833231,36096.396763284734,479.0,18,0.22841836761286555,1,Master,1
445,84880.10283207046,22635.436050297507,511.0,13,0.31118665138077045,0,Master,0
446,65975.29131601295,21981.095355353013,817.0,1,0.4454036351480316,0,Bachelor,1
447,70050.93433045431,34334.45479781514,712.0,10,0.02853992599351338,0,PhD,0
448,55890.25257974144,43270.91389597231,656.0,25,0.03268514461501293,1,High School,0
449,144686.71535726872,37598.5510394031,752.0,7,0.12700364930275723,1,PhD,1
450,104379.19143488418,35155.00707102597,734.0,2,0.08785475011753723,1,Bachelor,1
451,142135.58103688416,27329.110251862854,376.0,14,0.0038660810003357192,1,High School,1
452,76455.07868420638,26113.030876098495,582.0,12,0.3737938932637264,0,PhD,0
453,65783.38373591194,25732.187396909434,836.0,7,0.4775627804736045,0,High School,1
454,45929.391466291476,11545.13584780843,720.0,12,0.5742689858013547,1,Bachelor,1
455,66029.50901508823,30177.634476737985,450.0,15,0.264540190603151,0,High School,0
456,136819.2729086974,19195.892513150473,802.0,21,0.16783239494494098,0,Master,0
457,99873.14384431513,32820.25533014056,814.0,0,0.5183414692670985,0,Bachelor,0
458,84297.36358786501,29045.08614309772,634.0,29,0.5066373677036354,0,Master,1
459,98189.94455445581,47296.588791263646,711.0,1,0.374905926560222,0,High School,0
460,137122.7118087886,24571.855942552553,554.0,12,0.16388942318516078,1,PhD,0
461,53138.72045200737,34897.8743605678,517.0,28,0.5451105569435606,1,High School,1
462,145879.12277825506,31676.115141045542,507.0,13,0.10704080201506742,0,Bachelor,0
463,109943.3255934275,35797.76410568411,589.0,1,0.026187902186211365,0,Bachelor,0
464,132642.02569481905,17013.868644778184,584.0,15,0.47797097083641854,0,High School,1
465,93048.82436765234,16576.202498837076,815.0,13,0.3381954362606751,0,PhD,1
466,58396.54466356476,30185.5080303084,531.0,6,0.14788069027111508,1,Bachelor,0
467,98092.12373199042,43207.77116135081,631.0,21,0.4025373973921276,0,High School,1
468,38152.74646584509,37400.39076635119,506.0,13,0.4600299142876591,0,PhD,0
469,132263.4196171451,27002.061485694612,660.0,17,0.5067275708053761,0,Master,1
470,107949.49215562917,16479.249493938536,650.0,16,0.1692756095811787,1,Bachelor,0
471,63942.852734077605,39170.62517454594,672.0,4,0.015352470751169633,0,Master,1
472,62936.32242270414,46681.07889257027,400.0,10,0.3060232920161116,0,Bachelor,0
473,138336.72233899753,14585.914444319254,843.0,17,0.5136471588782361,0,Master,1
474,130908.85191947984,40959.21745457286,769.0,15,0.1246928023571629,0,High School,1
475,121573.04068692366,12760.048781701025,430.0,25,0.25267528387112304,0,PhD,0
476,79775.02832838391,45535.23402245407,828.0,9,0.15385244105093324,0,High School,1
477,134700.6101696989,33892.245224861275,776.0,5,0.008017590854345813,1,High School,0
478,59626.81480692334,13145.450191777174,547.0,13,0.5391144578660082,1,High School,1
479,32910.47013829946,6631.678795862583,674.0,1,0.08103193602539494,0,Bachelor,1
480,81932.39501759317,36257.7332128283,695.0,28,0.4600602694521041,1,Master,0
481,140343.03506076348,32274.582082378092,377.0,26,0.2079619390749963,0,Bachelor,1
482,98547.2418285579,32509.301742803265,340.0,8,0.16660914534399912,1,Bachelor,0
483,57532.29008400385,26701.78635408552,557.0,27,0.564617331903221,0,PhD,0
484,108098.55632414708,32649.941453393596,480.0,12,0.39431969204438544,0,High School,1
485,119398.28219136613,44295.03916199781,589.0,20,0.41215359715288546,1,Bachelor,1
486,96040.53932647523,47840.071171429976,424.0,22,0.45579175107230674,1,Master,1
487,131111.76283699644,20502.858054409324,767.0,19,0.2045600016135985,0,Bachelor,1
488,101084.7110300805,26954.23856667518,534.0,11,0.33819868841746387,0,PhD,1
489,41522.47064569502,17286.25445277551,799.0,1,0.1621340064281314,0,PhD,1
490,127145.41006982722,23521.34071761394,,2,0.5007249092861215,1,Master,0
491,47562.743999812665,40814.9849362106,304.0,12,0.35958442757919595,1,PhD,0
492,135930.61964205664,24124.511228675034,417.0,20,0.14604409562467058,1,High School,1
493,92621.40207169246,22623.81856375251,613.0,0,0.5398550437930669,0,High School,0
494,117824.00731477403,43254.999677802654,500.0,27,0.34850400029031103,1,PhD,1
495,146651.38941906317,5057.256276265773,842.0,19,0.29701830195444784,1,Bachelor,1
496,81833.17723062533,43348.46343150457,729.0,28,0.020692551859180286,0,PhD,1
497,85166.62127733955,13163.35847353606,458.0,3,0.5458812030963675,1,Master,0
498,129101.50526312877,17353.03887691854,600.0,17,0.5713643496188269,1,High School,0
499,43228.53065518237,21272.408084043127,719.0,24,0.3375591767026823,0,High School,1
500,33323.8676524278,44629.350388407955,557.0,12,0.2655080121687344,1,Bachelor,0
501,102517.98496315438,45890.66933797196,361.0,5,0.21573903960281418,0,Master,0
502,50102.3735865692,34753.03507842524,461.0,24,0.1608287895216214,1,High School,0
503,60688.58732921348,24774.928905317578,385.0,5,0.3447176026825237,0,High School,0
504,147153.59027199325,28225.75146462034,312.0,14,0.07685703180873922,0,Master,0
505,108377.76567783699,31118.072415260143,574.0,17,0.5515041649470841,0,Bachelor,1
506,132691.52135221378,47929.58620445458,716.0,16,0.10557524283469248,0,PhD,1
507,137734.92551005306,48612.524007015134,423.0,13,0.4473079574061104,1,Bachelor,0
508,44562.00306393494,43129.98175760863,348.0,3,0.1841326634211909,0,High School,0
509,141333.30218008347,31267.79180009862,302.0,28,0.13564264660720696,0,High School,1
510,133982.30242241628,22583.051341022365,570.0,0,0.33472150761286784,0,Bachelor,0
511,35441.11631116035,15362.59625086442,849.0,7,0.45907498869570307,1,Bachelor,1
512,147264.91443884547,29050.513715243324,452.0,10,0.43604200136418875,0,High School,1
513,84998.03402937092,20553.39018412782,616.0,12,0.14025381053832447,0,Master,1
514,146938.60948212328,8273.502393850466,733.0,16,0.19830141016176056,1,Master,1
515,128862.53442524157,26429.934127314023,821.0,20,0.5212993098002257,1,PhD,0
516,82816.10365029844,30698.87824896173,789.0,13,0.43394624670984483,0,High School,1
517,91386.89198069827,32509.181478798102,498.0,24,0.42761634321153724,1,High School,1
518,63011.70143698686,8321.62464396734,735.0,16,0.16134304579913458,0,PhD,1
519,88430.37665880451,26739.958197029006,516.0,19,0.4752025846046613,0,High School,1
520,42899.084797376454,34516.08726121738,809.0,23,0.21505067725946267,1,High School,1
521,139036.20607396727,48247.883139115314,339.0,23,0.24083431209558592,0,Bachelor,0
522,115585.45175793712,6127.061381980732,788.0,0,0.17253665340043564,1,Master,1
523,126624.80686861985,35432.7035650897,548.0,7,0.07283414822354517,0,Master,0
524,93734.66547570887,7805.183450119006,384.0,26,0.25223613779747883,0,Master,0
525,45076.06582955201,12147.956925078892,703.0,27,0.010163701153421157,1,PhD,1
526,94469.35818847892,12798.858725138249,328.0,18,0.2735461436563558,0,Bachelor,0
527,69504.75105918536,19799.259662978842,336.0,29,0.43500386286189174,1,High School,1
528,31212.6962790451,42408.45655276369,806.0,10,0.5764470196586851,0,Master,1
529,103804.29516430988,43530.67647223899,831.0,22,0.047167886739620045,0,Master,0
530,132437.90690882853,21872.836069303623,559.0,9,0.16877442250529703,1,Bachelor,1
531,115266.24701374173,24408.627226328383,554.0,26,0.29647863096702015,0,High School,1
532,56823.88650092539,14766.382044791188,385.0,0,0.10223276922114978,1,PhD,0
533,128295.9838038117,24463.120597579033,711.0,4,0.0700971132457828,1,High School,1
534,67139.9380676646,17367.54945583013,687.0,15,0.2713908632703303,1,PhD,1
535,56218.25366876726,12869.719035980559,699.0,19,0.34843831733532404,1,PhD,1
536,145337.014571751,12131.063130838007,721.0,19,0.4921246359278173,1,High School,1
537,31991.661940197162,39904.12181232116,632.0,27,0.5986820530765072,1,PhD,1
538,50108.29645055169,10262.587574701354,752.0,4,0.4645624679923108,1,Master,0
539,86040.12394567078,32721.551222852988,448.0,15,0.13280427117979213,1,Bachelor,0
540,50048.30471017559,12536.69059852419,469.0,2,0.4487868412567485,1,Master,0
541,50024.34029804427,42702.773859726454,624.0,29,0.3222921745914494,1,PhD,1
542,106121.79736003578,17351.018066155717,527.0,22,0.27048574542206333,0,PhD,1
543,128283.6146046303,7020.206758588969,625.0,1,0.5614370963443618,1,Bachelor,0
544,109394.09396746574,25343.292139426085,304.0,16,0.4212555521517969,1,Bachelor,0
545,42174.26460193659,49990.870076538304,451.0,21,0.40901584412637476,0,Master,0
546,137445.4167737667,41591.169602458,520.0,27,0.0070535788365601254,1,Bachelor,1
547,140729.7402164982,30661.812164895957,456.0,0,0.5190428948278698,1,Bachelor,0
548,63720.30562073053,13524.74638107894,557.0,15,0.4759802864461866,1,PhD,1
549,96373.50470087718,10287.726695086325,305.0,26,0.17936512675826555,1,Bachelor,0
550,88228.39403717473,42734.77427457182,589.0,22,0.1752680475039652,0,PhD,1
551,110186.96716284407,40446.83324416625,503.0,23,0.03208707603114003,0,High School,1
552,147353.56947041504,25798.48543267096,,29,0.030513854237206293,1,High School,1
553,148365.64154880715,23963.435906546947,433.0,1,0.40115670807700876,1,High School,0
554,91097.31911485997,38690.27551738613,,19,0.11174256774466763,1,PhD,0
555,41033.95949748793,29121.694212725917,645.0,6,0.5541287099031303,1,High School,1
556,70136.70320746112,23187.61632594961,415.0,10,0.5054426568149715,0,Master,0
557,79627.97898342143,16327.438522152175,612.0,5,0.20933109601931024,1,PhD,0
558,94156.00354351074,10515.357720728807,720.0,1,0.22804113108746127,1,Master,1
559,145244.44448230808,31765.706225280184,472.0,13,0.19636593651286838,0,PhD,1
560,61490.1036297781,42172.19814706171,468.0,3,0.05543694791505558,0,Master,1
561,94402.5261895887,38578.240065609985,402.0,18,0.01885809459013077,0,High School,0
562,64925.7294158085,36334.33036097733,527.0,24,0.2712798950039384,1,Master,0
563,140335.42343671474,46798.34491325437,432.0,21,0.5658240686948967,1,High School,0
564,148794.92351567163,22753.25342043237,510.0,28,0.5503495924914811,0,PhD,0
565,134488.7119788563,11174.790521149895,408.0,27,0.48590324467281865,1,High School,0
566,70649.23103701178,9587.709642978094,,1,0.37715695646580283,1,Bachelor,0
567,63346.08268367029,47975.543426699835,656.0,1,0.5137334440148693,0,Bachelor,1
568,81740.47328970743,31503.389713058288,820.0,12,0.30904111063893847,0,High School,1
569,119709.1273994682,41485.69587208336,725.0,12,0.10809607981237902,1,Bachelor,1
570,31117.85996451295,29100.19343789372,373.0,2,0.4105022086735391,1,Bachelor,1
571,149413.33897448558,22932.247841847096,395.0,20,0.5523876211070972,0,Bachelor,0
572,136009.3633088766,14012.134289014295,428.0,27,0.011763058443448072,1,Bachelor,1
573,32857.86377461789,43538.375522440314,642.0,5,0.15086643132475844,1,Master,0
574,75852.01824532429,7858.185678153386,670.0,20,0.15926291476276286,1,Bachelor,1
575,112540.08703196982,45510.47926649176,700.0,27,0.05942372316975655,1,PhD,1
576,58968.70398539015,14225.575049576984,521.0,16,0.1352965328391296,1,High School,1
577,47140.64602700148,5428.897066541152,811.0,28,0.23038924674685127,0,PhD,1
578,105518.2092788367,9675.370180806494,804.0,0,0.5639012549089945,1,Bachelor,0
579,138423.0541750513,44757.892051172006,634.0,6,0.5161594614760778,1,PhD,0
580,144671.19869453757,8316.822973621636,673.0,29,0.5676037345575701,1,Bachelor,1
581,31231.596754042253,20985.826403507286,785.0,25,0.07234306603340353,0,Master,1
582,134934.88240806642,16264.24569532641,306.0,29,0.016829076971554002,1,Master,1
583,97292.14866408758,6658.459343824557,688.0,6,0.065929898646663,1,Master,1
584,58524.51586265505,28916.008428176647,735.0,12,0.5485773809115763,0,Bachelor,0
585,104033.24492838873,49924.9810499611,415.0,25,0.09449318312133037,1,High School,1
586,149494.652093294,43385.33660357846,402.0,21,0.3435820239435149,1,Master,0
587,63140.680637654346,12600.1679851476,302.0,8,0.13654942191645716,1,Bachelor,0
588,63226.592304216,44794.220392923846,843.0,17,0.01238125495007969,0,Bachelor,1
589,113873.09532336083,25330.706650481636,379.0,0,0.0507728052855466,0,PhD,0
590,35184.90728397699,17296.274601998237,695.0,10,0.42587821377984786,0,Bachelor,0
591,128465.66619156992,33813.76428053106,688.0,21,0.10941987120800346,1,PhD,1
592,108303.47069389699,14751.266744236777,559.0,21,0.13748352326008764,1,Master,1
593,130942.95271564698,44584.33040241792,611.0,24,0.22635390049421145,0,PhD,1
594,57688.80927847589,33088.28864140896,635.0,10,0.394344936081704,0,Bachelor,1
595,131662.82689767695,11120.984679681267,509.0,9,0.28162343577579974,1,PhD,1
596,83833.62221101263,30679.19928272608,810.0,16,0.5667661295962618,0,Master,1
597,45926.667995401796,27966.69690841429,747.0,26,0.260509314443798,0,Bachelor,0
598,138170.71159221954,26215.498888301096,344.0,16,0.11947855211848302,1,High School,0
599,114601.57774502871,21423.916468086616,703.0,11,0.32168570364540483,0,High School,1
600,50194.21627404653,26339.24849778771,608.0,29,0.2705337690569202,1,Bachelor,1
601,59580.58747758974,31370.516764687876,526.0,27,0.47228300312101784,1,Master,1
602,62263.62469453903,38010.61922903595,,9,0.5610727383236894,0,Bachelor,1
603,145600.10247126216,46304.40115033907,412.0,11,0.5017771368219044,0,High School,0
604,136341.25962848432,6997.284289468065,329.0,5,0.2334238349555653,1,Bachelor,0
605,71561.41584510797,30620.48084411409,575.0,20,0.1296696733748158,0,PhD,0
606,85996.4340351761,38838.82899664733,661.0,26,0.5486933622083564,0,PhD,0
607,64233.5897907677,10199.936001496226,386.0,5,0.2315637908623008,0,Master,0
608,119117.8389594199,46017.40070549562,735.0,5,0.46212397406922606,0,Master,0
609,49345.09799031704,16024.539283990372,321.0,28,0.5937164047277343,0,Master,0
610,70633.71329629602,42499.93636442674,684.0,19,0.34646560890916567,0,Master,1
611,102732.53635760584,34790.29993021537,320.0,25,0.28792828102133133,1,PhD,1
612,135281.33739888162,30179.59671612082,790.0,7,0.4199224694887292,1,High School,1
613,106266.03091543398,44115.90678118357,766.0,4,0.11635858847438452,1,Master,1
614,142767.17378869417,48615.55203540426,755.0,5,0.29294384327919004,0,Master,1
615,141697.11382968188,49870.888967954015,520.0,1,0.18739845426619545,0,High School,0
616,116195.93556372316,35747.64567764962,797.0,16,0.09853672240540794,1,Master,1
617,63444.23132946006,20260.89907851776,458.0,7,0.3660819294185717,0,High School,1
618,111969.48851828476,44361.466156387985,442.0,21,0.345423651274888,1,Master,0
619,53128.52451013162,34445.67390414442,344.0,28,0.4567221598455239,1,Master,0
620,69984.56432132513,19549.81392843036,750.0,8,0.5237820745448167,0,Master,1
621,120947.92947047336,46956.40855114487,535.0,20,0.13222559161253356,0,PhD,1
622,132075.8319082671,38644.26790822691,524.0,7,0.46782159123228007,0,PhD,0
623,80012.26657389523,25377.25117823861,707.0,22,0.22043109645175743,0,PhD,1
624,92812.42529091127,25452.07669246192,,10,0.37728336107605487,0,Master,0
625,76335.94358316409,49816.78567489592,579.0,9,0.5101440165574866,0,PhD,0
626,87516.0245030339,21816.909702789395,716.0,16,0.15371106917149133,0,PhD,1
627,91498.51625241688,9233.630505338424,446.0,22,0.36057677037950225,0,PhD,0
628,113020.13573852027,29235.268408900636,770.0,19,0.2881913263201086,0,Bachelor,1
629,120062.93573241423,44818.43227534477,348.0,12,0.4743463760704314,0,PhD,0
630,147001.94911754876,31303.390372167356,316.0,21,0.41834477936466313,1,Bachelor,0
631,82518.1809728929,40688.93627302096,448.0,8,0.461779101541945,0,PhD,0
632,39976.779350696386,7468.911466524876,511.0,14,0.17276587776192487,1,Master,0
633,112579.96038204846,35302.76336885864,362.0,12,0.42261377645345755,1,Master,0
634,89792.93764776432,8563.735245626967,835.0,12,0.36348352455577115,1,Master,1
635,130922.61284155252,30036.05063149045,844.0,12,0.274008273627454,0,Bachelor,1
636,47585.3203920782,27399.534606842706,786.0,24,0.22700621422089018,1,Master,1
637,107389.67953980864,47552.19914022828,779.0,24,0.19896001847725853,1,High School,1
638,85111.00629773118,10960.898030293603,343.0,20,0.005804616781697969,0,PhD,0
639,80316.36345198673,5427.113386090951,755.0,3,0.10173513078407259,0,Bachelor,0
640,97783.91301474946,11180.96391460909,810.0,21,0.035386927334043895,0,Bachelor,1
641,112101.92820358317,12681.776369367979,654.0,9,0.5090145255778015,0,Bachelor,1
642,132111.29351217323,16291.016038811762,311.0,14,0.5160533222490492,0,Master,0
643,58213.39054060193,41678.994055664334,655.0,20,0.5077160020135606,0,High School,1
644,65171.367195513856,21959.637554290537,436.0,27,0.4907518586122695,1,Bachelor,1
645,95829.78253240642,42834.09145954365,773.0,9,0.1327982721167861,1,PhD,1
646,71586.85708992655,17237.023696058237,352.0,20,0.29507170470640437,1,PhD,0
647,98201.34262763812,43724.350319756035,412.0,7,0.5447062631810381,0,High School,0
648,54018.0957776165,5364.069937203695,777.0,9,0.45586907642823854,1,PhD,1
649,66917.73692481908,47054.0961736173,634.0,20,0.0010921715726165404,0,High School,1
650,68981.03885508358,38572.21495058817,716.0,16,0.2756559458422761,0,PhD,1
651,149078.47085677672,23572.871589478527,366.0,4,0.006402119555792773,0,High School,0
652,132521.7996448003,30980.07586777134,619.0,12,0.1683966281884049,1,Master,0
653,130524.07616237212,46985.75483866866,553.0,20,0.261457464736131,1,PhD,1
654,91628.38848228438,31215.214339514376,700.0,20,0.5357395755901674,0,PhD,0
655,86021.76457323402,15285.583564242672,599.0,27,0.3926305704883959,1,PhD,1
656,38415.06540928155,30779.3256178346,304.0,18,0.21749073929394455,1,Master,0
657,53679.189232268865,44215.12821828316,745.0,11,0.2943929414717526,1,Master,1
658,137441.614574524,49435.249029976,534.0,11,0.4904336931581844,1,Bachelor,0
659,93076.97056838463,31283.74710115906,746.0,24,0.17979335946822791,0,Bachelor,1
660,148492.5911170332,12004.032866268317,338.0,20,0.3690208652811999,0,High School,0
661,101014.55972458883,39728.859851967194,499.0,27,0.15734813033271025,1,Bachelor,0
662,75298.4504601126,49861.01047581003,,1,0.2879780623341975,1,PhD,0
663,62893.189049255554,26313.61751337711,373.0,20,0.014795102137238003,0,Master,1
664,140203.1597912897,22267.97451633825,448.0,8,0.5113651916950152,0,Master,1
665,74487.87484639625,29862.529066173924,,29,0.029009298907307968,1,Master,1
666,47536.992011166,12414.478093107318,385.0,23,0.13461629990305904,0,Master,0
667,63391.04488618582,48707.75230266149,401.0,21,0.2001071273752863,1,High School,0
668,107474.7796476231,42725.06085837088,830.0,24,0.37509667006030895,1,Bachelor,1
669,45961.25313277792,10084.58198931973,362.0,22,0.4320200793450334,0,Master,1
670,40987.962369380155,47528.66737981164,849.0,1,0.04827062537126598,0,High School,1
671,84915.19229536709,47426.87558921718,707.0,29,0.026079291530874227,1,PhD,1
672,40038.20538006922,19235.963739128707,472.0,0,0.47939393197760927,1,Bachelor,0
673,77152.57376196087,32861.392839426495,820.0,13,0.42729992034247577,0,High School,0
674,68727.02916846724,9983.942841021932,820.0,12,0.4989302125527939,1,Master,1
675,76977.2620307479,8788.61301810879,832.0,2,0.4059229591101098,1,Master,1
676,88534.5969192413,27580.75524261712,323.0,26,0.4506073622139916,1,Master,0
677,52239.47805041445,7235.51310612801,394.0,19,0.22742302982828685,1,PhD,0
678,83090.93218990232,44370.122448947484,595.0,24,0.3541105922369819,1,Bachelor,1
679,73382.29517017258,46764.29213949103,479.0,4,0.48323540572208556,0,Master,0
680,125456.82384591285,8028.788514048768,430.0,1,0.10327052064391026,1,Bachelor,0
681,113362.69755401196,7127.812520168878,832.0,25,0.25369377649571495,1,PhD,1
682,134705.01384352823,14963.801948794788,307.0,20,0.44429386108791674,1,High School,0
683,110281.1602493624,46848.126151041724,500.0,28,0.31958194305911125,0,Bachelor,1
684,44530.194144090245,39605.65821361989,684.0,17,0.4089944717557029,0,High School,1
685,90849.2419962628,35442.4004263483,825.0,8,0.17572151752548837,0,Bachelor,1
686,119096.35182100043,39935.62445617096,,21,0.01940547079061079,0,Master,1
687,131001.41719418041,13976.45518568459,705.0,27,0.017487467852625692,0,Master,1
688,51753.08424877979,16546.476331552833,672.0,27,0.5656687059182086,0,High School,0
689,56820.31782421707,19293.28861481982,463.0,11,0.5667240263970248,1,Bachelor,0
690,133468.8835152436,32227.966108340115,822.0,4,0.12676940397277164,1,PhD,1
691,88248.51321728979,32369.902951155505,653.0,17,0.0884793947825664,1,Bachelor,1
692,84290.76154353863,14387.347720544532,708.0,22,0.010883900335812524,0,High School,1
693,89293.82364145105,24652.722788632163,810.0,22,0.1387541137891551,0,Bachelor,1
694,50799.93786162513,36050.894998855925,511.0,1,0.20061086469274417,0,Bachelor,0
695,105316.37418285622,18932.868075206152,644.0,9,0.14474558018272868,0,High School,1
696,126956.84232242711,8396.468549816465,310.0,21,0.47843048418372075,0,High School,0
697,130447.34398156514,13882.54905880672,635.0,9,0.4496582995652612,0,High School,0
698,33645.40631640615,12413.102879340644,639.0,25,0.04860848681152439,1,Bachelor,1
699,115822.69894609737,33437.425510685425,557.0,2,0.4183929648612556,0,High School,1
700,40946.95943443524,8084.704425029688,353.0,23,0.3123510719327499,1,High School,0
701,146024.30588598695,44813.730890582716,595.0,13,0.07929966382491582,0,PhD,1
702,87868.90456704605,8797.421239582794,516.0,4,0.44372125829578946,0,PhD,0
703,123049.81738135763,31905.938224054633,687.0,23,0.05162733910452155,0,PhD,0
704,104622.92356372751,46828.96858260863,406.0,22,0.10629039948082204,1,High School,0
705,144232.37936101764,7809.031791744979,772.0,29,0.08953588893189786,1,High School,1
706,146838.95522172976,22239.719472127326,307.0,12,0.5634200424998904,1,PhD,0
707,63465.5629194464,19757.560683337382,843.0,26,0.41889360192278924,1,Master,1
708,87944.28465211378,20489.39482426957,467.0,23,0.24677155749885601,0,Master,0
709,90508.85161479111,32014.01594353642,630.0,27,0.49332249050928123,1,PhD,1
710,51323.724360771404,16794.63929579229,336.0,16,0.12957564571335858,1,PhD,0
711,138472.5222677567,6229.533077807304,,5,0.5586559674270593,0,Master,0
712,71952.78174000053,48302.37663988617,,28,0.4181983925274615,0,PhD,0
713,40494.814810159296,38694.91935942654,591.0,28,0.3357483846048793,0,High School,1
714,48543.94409950872,11080.741650605327,821.0,26,0.4767890692219968,1,PhD,0
715,91596.4686745125,25482.05840793179,369.0,12,0.386868588855095,1,Bachelor,0
716,135802.23806742558,7822.477994555738,536.0,28,0.5322655650062894,1,Master,1
717,105386.2399927912,6253.534912887259,763.0,11,0.49749159604465326,0,High School,1
718,55779.77988072315,7138.027914544149,417.0,2,0.11869830302446728,0,Master,0
719,65616.35055421255,39009.99796158694,490.0,29,0.14379828032662104,0,PhD,1
720,147123.01028170862,25021.578077020327,805.0,15,0.03905844826538609,0,Master,1
721,36341.86531060749,42997.861184056004,803.0,4,0.1321193503036815,1,PhD,1
722,149320.59941572847,18734.679683347174,700.0,1,0.2060933189628808,0,High School,1
723,138702.92306361164,39889.47820843613,616.0,10,0.01729641310349588,0,High School,1
724,111417.99261446176,8507.055107754593,521.0,3,0.18897752772636836,0,Master,1
725,143184.2823481344,33579.867092975124,488.0,21,0.46292750497638024,0,High School,1
726,48296.14168263423,21227.086111070807,591.0,0,0.504196558808169,1,Master,0
727,143110.72326357168,17452.62169702757,522.0,12,0.00532397399245399,0,Master,0
728,55509.01002967638,41679.90923677817,,17,0.004288222961539611,0,Master,1
729,95545.55118425978,7336.495382259869,706.0,15,0.08778426495060067,1,Master,1
730,88651.40576186702,47728.91573088007,337.0,1,0.5235462364402738,0,Bachelor,0
731,91494.97184720029,40349.5504638107,752.0,8,0.28156683067941224,1,Bachelor,1
732,62085.571354663916,21002.417326725117,506.0,26,0.5897412457007885,0,PhD,0
733,123676.64327770166,49609.984615453286,699.0,11,0.5323988794600808,0,High School,1
734,119109.99609885065,14112.015760296625,486.0,4,0.5340768680838239,1,Bachelor,0
735,144475.8158793205,23108.630598192354,659.0,4,0.07708585915726207,0,Bachelor,0
736,90838.92334881428,44819.579133174324,305.0,21,0.28513760952762507,1,High School,0
737,95771.0479627511,49856.3188161137,432.0,12,0.5961543583908112,0,Master,1
738,138404.74910325775,15760.076960505605,772.0,15,0.08942653815625154,1,Bachelor,1
739,140332.7547648753,38440.10328680037,812.0,25,0.3445400721709167,1,Bachelor,1
740,107944.40232880849,18757.819878599956,382.0,18,0.20656799517185087,1,Bachelor,1
741,128447.41055304548,39491.27018211227,676.0,8,0.23271488401221313,1,Bachelor,0
742,90616.76495918364,10637.780666011058,634.0,15,0.5344755024243006,0,Master,0
743,76583.4636141932,20127.64701985546,401.0,18,0.3527415415153698,1,High School,0
744,133688.19953353977,8374.981349951751,587.0,3,0.45526583363328316,0,Bachelor,0
745,123272.63458633577,27135.361410812948,330.0,27,0.4039406384971446,0,Bachelor,0
746,59089.3912791633,36567.524873918665,613.0,14,0.31740941434198167,0,Bachelor,0
747,35717.41486470333,22037.72397447814,453.0,8,0.47502671926222556,0,Bachelor,1
748,97871.97964344069,32662.26162510557,452.0,15,0.5824397435462304,1,High School,0
749,130993.98256523664,30608.904301359427,531.0,25,0.5800917323734717,1,Master,0
750,59664.17578292019,18256.84328378165,420.0,23,0.4736712005960222,0,PhD,0
751,122087.44613267163,26905.018455544465,484.0,5,0.2923978534495374,1,High School,0
752,79680.86808757203,8105.8569349620775,755.0,7,0.09789537551472076,1,Bachelor,1
753,70285.02520652722,25696.097589921512,687.0,0,0.02668230538313665,0,PhD,1
754,50737.95613634298,25618.527244064393,525.0,13,0.13886698101956643,0,Bachelor,1
755,142115.23162229158,6292.3059885837265,,3,0.20415479975852605,0,High School,0
756,57083.76396775621,28124.296165242635,,9,0.07790976955083159,1,Master,0
757,63502.636694748035,38196.214968061344,493.0,26,0.13485919776747132,0,PhD,1
758,69778.54045068956,25351.3478676467,318.0,15,0.050127278736530445,1,PhD,0
759,64159.42954634743,34071.14846187268,836.0,3,0.31420618323778726,0,Master,1
760,49548.673273426204,28958.94359008618,563.0,1,0.07579091470412821,1,Master,0
761,72534.00762157231,40333.0448586804,814.0,1,0.4456611779537728,1,PhD,1
762,86612.73568138649,28150.486936508165,770.0,12,0.1995898668864496,1,PhD,1
763,96212.70159653474,19922.40563481027,538.0,10,0.4032376285267387,0,PhD,1
764,48779.95223702858,42240.59463095805,588.0,9,0.5295116610482307,0,PhD,1
765,123529.65194355864,8042.963660897944,667.0,24,0.051609925522206244,1,Master,1
766,67383.5282802025,18025.53106437876,711.0,5,0.5934004724476263,0,High School,0
767,140153.83996512857,31616.799420336654,321.0,6,0.38714600542004124,1,High School,1
768,69546.29219946018,43521.19326262689,653.0,26,0.03201956126199355,1,Master,1
769,133545.46538730786,8246.3826738485,841.0,26,0.18840133915570015,1,High School,0
770,72303.90911733411,9322.38197330933,719.0,14,0.5317470893648738,1,High School,0
771,90699.93449773363,17707.325956678935,614.0,19,0.3577401626237387,1,Bachelor,0
772,74682.56291484105,20505.737938810358,628.0,18,0.17233342034694907,1,High School,1
773,76451.43774741911,42959.22103736908,769.0,2,0.5642967506391084,1,PhD,0
774,104229.86444288424,48150.644772859785,762.0,20,0.4723515422446931,1,High School,1
775,113151.43137131936,5775.2909503638775,739.0,26,0.4413230976899687,0,Master,1
776,134456.82257956636,5691.025011889875,547.0,13,0.5330562720040216,0,High School,0
777,98286.30506661488,43916.46479940593,470.0,21,0.46186796682516945,0,Master,0
778,56021.29829868163,11102.763797045518,578.0,29,0.17204301191931773,1,PhD,0
779,148749.6116095731,20270.12725685101,447.0,1,0.3503316453153647,0,Bachelor,0
780,112052.8126148334,17384.608731445256,442.0,22,0.505371700657178,1,Bachelor,1
781,74970.26488969871,17684.069724943278,370.0,15,0.10850886403370094,1,High School,0
782,146184.53698732995,19786.635416776146,610.0,22,0.09781396770072193,0,High School,1
783,145016.82009797616,20122.078280631384,766.0,16,0.09538574854252795,1,Master,1
784,39544.70656768167,32907.01277248541,340.0,14,0.11655316479751247,0,Bachelor,0
785,32379.079544931494,33295.284901176914,655.0,29,0.0619384893679306,0,PhD,1
786,35334.79181161425,28530.139852314664,443.0,28,0.5025774119784997,0,Master,1
787,112237.73074691296,43634.370911517864,578.0,12,0.49099093223849033,1,High School,0
788,115305.4902593914,43055.23308717777,,28,0.09082139511545702,0,Bachelor,1
789,116883.33305906609,14774.783032647974,357.0,28,0.4233223060262076,1,High School,0
790,105628.72654002607,29463.78008842205,467.0,11,0.3761853355259698,1,Bachelor,1
791,64258.95785088628,40272.66911935864,,6,0.16571655936741683,1,Master,0
792,50055.468766978855,44009.345154060524,672.0,28,0.13642106021599168,1,PhD,1
793,141342.99798331916,16483.35978828786,381.0,19,0.15035151316525286,1,PhD,0
794,139576.82024351525,27234.506722886075,433.0,19,0.4383783648641206,1,PhD,0
795,59098.33213000557,28626.22775775462,663.0,2,0.1915902398042705,0,PhD,0
796,50152.45630290716,36483.72431989529,784.0,8,0.16677556657048404,0,PhD,0
797,75040.91905183566,19861.665664977678,345.0,2,0.013488659921189328,1,High School,0
798,35808.79482383856,18205.330968126258,561.0,15,0.5449418962659129,0,High School,1
799,49456.694270916356,36751.88685656107,768.0,19,0.45162248668737837,1,PhD,1
800,75635.87974241677,22970.096762088786,521.0,2,0.28367020548403227,0,Bachelor,1
801,58649.27487667747,5181.077637056895,391.0,7,0.5657561522103434,0,Master,0
802,118418.43175086478,47203.096055183916,318.0,7,0.17611932706525332,0,Bachelor,1
803,138595.15581983374,11734.047306783861,569.0,25,0.4048230259098889,0,Bachelor,1
804,139096.81945180055,11688.53521800629,714.0,23,0.1830902266072346,1,PhD,1
805,102513.33482150994,41826.46106920829,546.0,14,0.18874345531136888,0,Bachelor,1
806,114418.76840313172,20097.627394175375,601.0,4,0.5068255000291619,0,High School,1
807,89283.77248438203,19767.888797821895,315.0,12,0.4722131720734984,1,Master,0
808,47602.52553682748,33007.7933321131,,14,0.17646445839440927,1,Master,1
809,106204.29956930349,7656.73938236188,694.0,6,0.04883370939995628,0,Master,1
810,71994.4575580653,15663.277659434796,483.0,11,0.2145504837547191,0,Bachelor,0
811,30695.220648668,7397.202353595935,740.0,2,0.45603452129118915,1,Master,0
812,98994.44470094865,18117.93477762962,549.0,7,0.06032661671100392,0,Master,0
813,53804.25494328033,44146.85713157565,675.0,9,0.4032605188339515,0,High School,1
814,136380.67636719198,45919.96449943914,757.0,1,0.5338579559483428,1,PhD,0
815,142073.36678728304,18924.651262805084,387.0,7,0.10753629336302825,0,PhD,0
816,49460.76736231512,13441.401333056505,645.0,21,0.5173225945717222,1,High School,1
817,33529.53414687097,11087.41947014189,689.0,17,0.03081832947413463,1,High School,1
818,30485.332142403215,22748.860436603078,479.0,11,0.400128154854338,0,PhD,0
819,139565.22664204089,42188.282815110455,675.0,21,0.47462335222552365,1,Bachelor,1
820,48242.22877939785,43369.85451324029,482.0,26,0.26685967059559934,0,High School,1
821,82239.89286550586,7066.7592868531465,628.0,25,0.12223721688810811,0,Master,1
822,36859.363978771056,14415.298532081493,,17,0.5548376993421034,0,High School,1
823,74801.5040692393,14142.661483164498,499.0,18,0.011981321161901292,0,Bachelor,0
824,124250.98771842578,42279.358100723635,778.0,26,0.33304273753771946,0,High School,1
825,78800.2396483107,25533.154214527913,754.0,4,0.22370964522301934,1,Master,1
826,123069.6241832682,21577.78543800084,739.0,15,0.2766343172886274,1,High School,1
827,112660.70691814726,48047.265098212236,798.0,16,0.3219390337673375,1,High School,1
828,92076.97113530798,46641.07838509989,455.0,8,0.32084917335990526,0,High School,0
829,118525.17730045787,24804.80090259292,758.0,9,0.12217419825385922,1,PhD,1
830,135493.6793098787,10774.932170130523,482.0,18,0.40782139374002596,0,PhD,1
831,125161.3736995606,12695.156906293756,735.0,28,0.01148897471528767,0,Bachelor,1
832,113007.59133524277,10043.776276690693,345.0,11,0.01271045652771403,1,PhD,0
833,114218.66346679759,35622.67476618092,543.0,0,0.28709240476698594,1,Bachelor,0
834,49331.818036383054,29960.918977792557,455.0,21,0.3251417281621655,1,PhD,1
835,144080.63879546706,30049.001482942705,693.0,16,0.16493368902015623,0,Bachelor,1
836,54679.71286662459,9427.00346360431,548.0,2,0.3310053201761001,0,Bachelor,1
837,71874.25974199272,40697.37302217607,554.0,6,0.309665539791354,1,Bachelor,1
838,92158.38171515806,29100.78015792711,661.0,19,0.20953233286358688,1,High School,1
839,45141.6937232719,9093.613835097547,676.0,8,0.39106478192706995,0,High School,1
840,101229.10035587275,38620.88557270982,452.0,22,0.5747623299280615,1,Bachelor,0
841,51921.42250496802,49158.414708899494,,4,0.29448161665508127,0,Bachelor,0
842,140804.12642857927,24853.123002930883,759.0,8,0.4716304555649881,0,High School,0
843,136641.1360336634,10204.4580073769,451.0,18,0.14855793814379378,0,Master,1
844,95331.05138079917,9562.961959119846,739.0,10,0.45717035610448875,0,High School,1
845,83937.15844932596,6164.578796157649,539.0,13,0.38934357270119657,0,Bachelor,1
846,42312.22945562321,39667.91659039791,482.0,13,0.3838186679569823,1,High School,1
847,128796.02377339742,36230.044872523635,609.0,7,0.5358212042653365,1,PhD,1
848,75524.41183768387,31290.76804047417,558.0,23,0.14001015297135103,1,Bachelor,1
849,59558.88409342439,39453.319551887726,759.0,19,0.22107007025456527,0,High School,0
850,149435.76228123237,49968.395079313246,730.0,0,0.049840474206591434,1,PhD,1
851,110195.68947925163,23083.157189267742,799.0,3,0.4356719860615273,1,High School,1
852,38863.513002895575,36761.46013093385,375.0,15,0.506320371179767,1,High School,0
853,126155.48452006359,21972.272237907033,596.0,24,0.2435001021790818,0,Master,0
854,120048.27511863064,20842.60486249043,661.0,25,0.21409609108095567,1,High School,1
855,78144.03067397795,43291.404360704466,482.0,0,0.3951911135139165,1,High School,0
856,44842.71093645768,30864.341366811783,358.0,18,0.04535427647360217,0,Master,1
857,89693.38778985356,10427.5972921514,705.0,23,0.17630513768178824,1,High School,1
858,121598.26988496687,23158.219906265225,826.0,2,0.21972767912111024,1,Master,1
859,39121.77033188191,40844.94437873817,486.0,1,0.3111541704184512,0,PhD,0
860,49612.97205902094,47299.915357485945,324.0,16,0.2859415316814056,1,Master,0
861,104271.14130520217,32649.265792493134,598.0,24,0.1252082536647761,0,PhD,1
862,97145.36852587611,22739.6169218878,491.0,10,0.3244727243179995,1,Master,1
863,138610.52113115834,16339.207621782434,430.0,25,0.5555212145320618,0,PhD,0
864,127775.06214058457,23991.06641630104,803.0,2,0.01625273417827793,0,High School,1
865,140259.5716133407,30454.451501144973,506.0,6,0.4081839434428035,0,PhD,1
866,85915.05641503989,5198.753133044482,537.0,9,0.37482541635738525,0,PhD,1
867,124536.0960423241,17090.50196334315,491.0,2,0.5546561728269973,1,Bachelor,0
868,35846.01119844072,35218.21729334313,327.0,28,0.38720696424424905,0,PhD,0
869,65339.01798035367,35295.33297014223,406.0,7,0.37490562748862605,0,High School,0
870,107312.69339203226,34385.302496064425,522.0,24,0.4618833960589441,1,Bachelor,1
871,121642.06449814506,47747.40618822199,679.0,27,0.16068356929179614,1,Bachelor,1
872,98459.08802677316,30584.554713553727,728.0,23,0.35743935745934224,1,Master,1
873,87688.28587886045,17137.762285183642,383.0,4,0.3116526656171075,0,PhD,0
874,57991.913660838225,41522.571184491884,797.0,26,0.2630835039929841,1,Master,1
875,50902.411143430756,22521.980439651954,536.0,9,0.04769230042167649,0,Master,1
876,135057.88541575897,15768.073772104026,448.0,11,0.1755773148077048,1,PhD,1
877,47065.4655675563,30053.706098844923,334.0,17,0.16798902839410168,1,Master,0
878,82234.44449214739,18006.54939912603,396.0,5,0.4345505742984006,1,High School,0
879,136617.75123455218,22827.201715083,532.0,7,0.5523936811262609,0,High School,0
880,47725.44265381301,36192.09012684667,706.0,17,0.13847233372610915,0,PhD,1
881,45305.54621986786,49817.6652466282,824.0,5,0.04477436333479554,0,PhD,1
882,113101.0886468089,34012.921722025465,788.0,22,0.5999741726212621,0,Bachelor,1
883,69789.03664601187,17441.595660021067,703.0,29,0.4147231980804329,0,PhD,1
884,82284.72887275141,9070.949322615706,522.0,8,0.5318825081941545,0,PhD,0
885,105071.21577777089,21288.543429686597,702.0,15,0.08632764951827776,0,High School,1
886,75477.09927267955,5868.980849902489,750.0,10,0.4804608246704212,0,High School,0
887,125980.97237991929,25913.963083701085,483.0,24,0.4879942475928601,0,PhD,1
888,146278.1600608816,34699.26952065011,576.0,29,0.09089335559436548,0,Bachelor,1
889,141967.29579032192,28030.818940812984,685.0,1,0.09684250805645744,0,High School,1
890,95454.24058079591,43937.70359376265,792.0,16,0.1772707296730806,0,High School,1
891,72577.98316742238,27232.253909614516,594.0,12,0.13007246858144386,1,Master,0
892,82047.87689569306,25807.102732225285,360.0,6,0.5852459448339563,1,PhD,1
893,69618.77457253507,18935.47310612556,445.0,21,0.21776630018186066,1,Master,1
894,83006.90506856043,42692.61667887943,825.0,9,0.45678384706032416,1,PhD,1
895,31556.75894472564,45661.940200416706,,25,0.48303048208960353,0,Bachelor,1
896,36625.726188122884,49006.3431338217,614.0,12,0.23156453229280471,1,Master,0
897,122560.44442833724,49154.4048242282,335.0,9,0.4095513325694013,1,High School,0
898,70177.56679852403,49119.06317377826,355.0,27,0.06468008453743625,0,PhD,1
899,125328.74594623128,37038.15114906775,340.0,3,0.23817723088916157,0,PhD,0
900,87593.31059445784,30319.380595861403,682.0,26,0.5803863960569399,1,Master,1
901,126710.08949773593,12755.500871749897,468.0,10,0.1011183923481622,1,Master,1
902,109630.14715075132,39517.84305693774,,8,0.23142678282037876,0,Bachelor,0
903,54120.147091355946,38069.606601385,755.0,15,0.47431290593521946,1,High School,1
904,83726.70596658537,42908.097096617756,790.0,16,0.3992539529462761,0,Bachelor,1
905,114519.89182676429,25810.298397304145,593.0,22,0.3789111609446391,1,High School,1
906,69674.04780979082,45158.96562036661,563.0,4,0.5119544756054534,0,High School,0
907,53196.26277424852,37340.34552113517,546.0,4,0.01745630581421853,0,PhD,1
908,94783.3107561097,12700.640198696241,447.0,5,0.4626986209091953,1,High School,0
909,62837.778443783565,14310.65826183637,740.0,1,0.529529423529491,1,Master,1
910,101321.05981396705,41641.94844658918,661.0,26,0.009704686497718095,1,PhD,0
911,62608.12815912537,24156.203385221124,521.0,13,0.3353777706643833,0,Bachelor,0
912,138789.50879342164,16205.582598977695,407.0,10,0.20915309112637834,1,High School,0
913,71268.24151878481,24015.94253159807,514.0,18,0.030457625288125633,0,PhD,1
914,138894.04830776114,12261.99801578498,429.0,10,0.250648871590886,0,Master,1
915,63537.816962233344,45128.15058017937,599.0,24,0.38641808470313155,1,Bachelor,1
916,102534.54349028446,8219.273696383942,,19,0.5514081789536355,1,PhD,1
917,45626.20357831406,20895.86818520768,661.0,5,0.3723182918976428,0,PhD,1
918,123404.6217214719,30061.794168769473,523.0,12,0.5140458489335923,1,Master,0
919,54026.126207943875,44314.05316303046,786.0,28,0.07294290400473903,0,Master,1
920,133682.46997065673,40169.70000229666,673.0,18,0.12631270051388052,0,High School,1
921,84293.50709072006,6009.0612821071445,407.0,2,0.5821757185287407,1,Bachelor,0
922,41344.74655365241,42136.166422820366,650.0,24,0.5324404141538663,0,PhD,1
923,73624.61633157905,33715.40296461087,722.0,15,0.1411361718120153,0,Master,1
924,123567.11106372559,11000.677924300646,,8,0.3725843290785477,1,Master,0
925,39155.397443984504,32786.49017225765,375.0,28,0.2175796551171195,0,PhD,1
926,105087.4971125589,41805.239782438715,549.0,2,0.2811591052373012,0,Master,0
927,90871.9467021832,32095.03418076922,540.0,18,0.5165268894553741,0,Master,0
928,67184.35287781555,49961.60355361424,,14,0.44142756607981976,1,High School,1
929,120674.08592744383,27815.15397351339,772.0,21,0.1430655370320572,1,PhD,1
930,36292.888517117826,35290.89859905945,562.0,12,0.18959584481812944,0,High School,1
931,89717.01967501646,8166.808084229198,314.0,16,0.17382627589139868,1,Bachelor,1
932,90823.57730792984,41593.91777091942,640.0,29,0.4683976670044466,1,Master,1
933,40368.7355633604,33084.636067885964,795.0,20,0.29405305268209875,1,High School,1
934,46322.72683364398,30255.926180941442,740.0,24,0.5704345842146316,1,PhD,1
935,79158.52889586978,36896.39199393439,849.0,24,0.49001230633743054,0,Bachelor,1
936,94382.70260313322,30222.93928195349,336.0,7,0.1267166585127488,1,Bachelor,0
937,36383.45709728481,39490.31368189078,474.0,21,0.4715656772127298,1,High School,0
938,31410.78239126113,31258.201706261552,735.0,13,0.30364760832835613,0,High School,1
939,53112.50823107869,28402.42247665424,592.0,8,0.15222607570842298,0,Master,1
940,88537.13623018534,11075.87681247592,600.0,2,0.21799904569073403,1,High School,0
941,34833.44528510478,26232.384389596285,638.0,28,0.5832756700460017,0,High School,1
942,117988.24277743966,29220.559778109313,,8,0.2903768655504749,1,High School,0
943,48231.38189669154,33105.820929790105,649.0,23,0.43176350976639777,0,Bachelor,1
944,122713.33987279653,25515.147350135096,365.0,11,0.28625117709766323,0,PhD,0
945,54568.007263883774,11598.95485155992,694.0,14,0.22293436430767155,1,High School,1
946,71594.33578408138,11766.3179427053,732.0,16,0.4778520109556151,1,Bachelor,1
947,87491.15372825626,37444.4487286135,328.0,8,0.5089946110650377,1,Bachelor,0
948,71672.49365979468,34765.126199396705,382.0,23,0.0431334993995222,0,High School,0
949,32834.3245777382,16677.469467123752,775.0,7,0.16738655347899975,1,Bachelor,1
950,139028.8875257091,25063.591755988284,734.0,5,0.3047226285785284,0,Master,1
951,64375.98264010594,18813.09571283766,432.0,8,0.18989864846665988,0,PhD,0
952,46324.32480061878,13146.028547559614,414.0,14,0.47014980297645204,0,Master,1
953,45902.188705893015,19677.3610211743,333.0,23,0.06884001644932118,1,PhD,1
954,146953.50117893086,16821.00803868002,377.0,17,0.4786789717719439,0,Bachelor,0
955,44766.92300136623,8709.242903416029,574.0,21,0.3707318503169242,1,High School,0
956,71585.68481185625,27701.89577025471,643.0,27,0.1736206311224898,0,High School,1
957,38114.58391813516,25289.782385003917,380.0,10,0.20667281306470744,0,Bachelor,0
958,118256.73754120708,37157.37485127796,371.0,23,0.10973949305592086,0,High School,0
959,101610.19766634649,32913.75508678466,444.0,13,0.15154404017888268,0,Bachelor,1
960,94028.26948051182,20452.01785452165,337.0,12,0.43036132138949784,0,Master,0
961,132700.8412647794,27333.689047466476,773.0,12,0.22553048432471579,1,Bachelor,1
962,98800.41265224789,29123.740093815926,470.0,21,0.41249048321222936,0,Bachelor,1
963,144663.71162544843,46289.68734364641,339.0,12,0.30846452466104884,1,Master,0
964,104733.6105151483,49176.245402002394,472.0,29,0.08717864978635544,1,Master,0
965,72520.84819996872,41699.42606728061,,26,0.29944238867981526,1,Bachelor,1
966,34409.62577183603,30294.70484584825,498.0,24,0.4538819075055797,0,Master,0
967,117033.072753898,46764.80791853919,521.0,15,0.1786053028345946,1,PhD,1
968,74837.41982584793,13015.072331149844,749.0,11,0.38884899881215684,0,Master,1
969,101904.26152892795,36342.32358385164,727.0,20,0.11941959272502502,0,High School,1
970,135161.78555965392,25721.047239310603,747.0,23,0.08141937475005061,1,Master,1
971,30918.987663483083,11513.701545934124,731.0,25,0.216135678374374,0,Master,0
972,121153.49492070885,8384.449422560068,621.0,17,0.23352215621980216,0,Bachelor,1
973,82234.17301358991,26633.382667489488,451.0,11,0.4566057782202614,0,Master,0
974,44887.21966203101,15753.614178469554,344.0,4,0.27604725076069514,0,PhD,0
975,99894.92869842755,16272.781644641127,623.0,16,0.04874093719849184,0,Bachelor,1
976,93913.79082965673,19409.759930236196,711.0,20,0.3803996990132372,1,PhD,1
977,131076.96457712856,37326.38985114327,560.0,22,0.28155195591962834,1,High School,1
978,92587.52917211413,12384.032069933732,518.0,0,0.1989859203391897,0,Bachelor,0
979,129282.22440816328,37290.014854598245,346.0,12,0.4813312851665917,0,Bachelor,0
980,95338.70954737006,40221.94671655872,,9,0.09263087413655066,1,High School,1
981,83633.4700015213,31751.604335578373,,2,0.547927406386778,1,High School,0
982,74542.06807940114,16140.088787857834,635.0,5,0.20043689419026664,1,PhD,0
983,50843.692584601056,7318.963770538829,519.0,15,0.2765648669055766,0,Master,0
984,100083.70565317564,23357.530021997754,418.0,27,0.5575397973361149,1,Bachelor,1
985,95310.0342617114,43135.034940455465,381.0,0,0.4567438990426245,1,Bachelor,0
986,147088.75819176796,9584.16201930174,312.0,18,0.04458146028289176,1,PhD,0
987,79489.05609139391,38517.38470574766,777.0,7,0.34697811525322236,0,Bachelor,1
988,80582.79157136724,26055.041359379604,598.0,8,0.18621772300391698,1,High School,1
989,49664.566196317086,45447.48835419988,391.0,22,0.30509294990443203,0,Bachelor,1
990,101708.58655225905,21028.914441841094,575.0,19,0.4457814249804968,0,Master,0
991,131742.27228445516,36713.6974518896,603.0,22,0.29770374835119,0,High School,1
992,59750.77975016484,38305.37194042163,572.0,6,0.04261312616702708,0,PhD,0
993,31089.3480774271,13943.377083929056,711.0,10,0.3179883111658102,0,PhD,1
994,112976.83480150247,12116.611658427648,335.0,22,0.014477799936086222,1,Bachelor,1
995,33764.854998215196,9172.901624322616,721.0,7,0.20904561441596475,0,High School,1
996,79113.15591840193,36571.205449745044,777.0,10,0.28681831375405903,0,High School,1
997,103525.24052700405,29666.77046060814,801.0,13,0.3868041380259765,1,High School,1
998,76321.40605736387,8902.344764460753,637.0,13,0.30372407257300815,1,Bachelor,1
999,61269.38594201307,18875.036790512757,709.0,3,0.09116808632830131,0,Bachelor,1
1000,125911.98095430354,11405.588872198063,762.0,19,0.559330538376625,1,PhD,1
