ticket_id,service_type,arrival_hour,day_of_week,staff_count,queue_length,is_priority,wait_time
1,Consultation,11,1,6,10.0,0,33.699887253275485
2,Insurance,11,2,2,6.0,0,45.075157318564166
3,Insurance,14,1,3,13.0,1,54.87001296174183
4,Insurance,17,4,5,13.0,0,44.14143620395874
5,Insurance,9,0,2,10.0,1,60.0
6,Consultation,17,0,8,3.0,0,4.66084324525735
7,Insurance,10,1,4,6.0,0,21.16521959627434
8,Insurance,11,4,6,7.0,0,19.571963185153916
9,Consultation,17,1,3,19.0,0,60.0
10,Insurance,16,0,3,15.0,0,60.0
11,Consultation,17,4,4,7.0,0,33.59696501318532
12,Insurance,16,1,9,13.0,0,25.15547985705582
13,Insurance,14,3,3,13.0,0,60.0
14,Banking,17,0,8,12.0,0,9.52391288759532
15,Consultation,11,0,9,1.0,1,0.0
16,Consultation,12,4,9,3.0,0,6.2716893802288
17,Banking,9,3,2,3.0,0,7.43917832972032
18,Consultation,15,3,8,9.0,0,29.404823597141906
19,Consultation,10,2,3,3.0,0,18.50525850505528
20,Consultation,9,0,8,16.0,0,39.87221084166598
21,Banking,16,2,7,5.0,0,3.6058768796427523
22,Consultation,17,3,8,10.0,0,34.23737427239864
23,Insurance,12,4,2,,0,18.769882787983363
24,Insurance,17,1,8,1.0,0,4.8759577265101015
25,Consultation,11,1,2,12.0,0,60.0
26,Banking,16,0,6,6.0,0,2.8181931626056906
27,Insurance,13,3,6,1.0,0,7.858696842261365
28,Insurance,10,2,7,0.0,0,0.0
29,Insurance,13,4,6,17.0,0,51.92239902631893
30,Banking,14,1,7,16.0,0,12.341881679546075
31,Consultation,13,1,9,11.0,0,27.7562762388786
32,Insurance,15,1,6,5.0,0,12.614198732106589
33,Insurance,12,2,4,5.0,0,32.19198730210098
34,Consultation,15,0,4,18.0,0,60.0
35,Consultation,17,0,5,9.0,0,34.22016201506838
36,Insurance,10,4,2,1.0,0,2.9858423145583126
37,Insurance,17,2,5,7.0,0,14.907377439017946
38,Insurance,10,0,4,4.0,0,16.769588703474227
39,Banking,15,3,8,3.0,0,0.0
40,Consultation,13,2,7,3.0,0,6.973737095612651
41,Banking,12,1,7,14.0,0,8.655182929612138
42,Banking,15,1,5,12.0,0,12.26546842177133
43,Banking,9,2,8,4.0,0,0.0
44,Consultation,11,2,2,14.0,0,60.0
45,Consultation,10,2,6,19.0,0,57.05578376640725
46,Insurance,10,1,3,6.0,0,30.485705069866672
47,Banking,13,4,4,13.0,1,6.635345480454687
48,Consultation,10,0,7,11.0,0,31.506481039598665
49,Banking,11,2,2,5.0,0,14.983602863577596
50,Banking,15,0,3,6.0,0,11.71113322094046
51,Consultation,10,3,4,1.0,0,0.0
52,Banking,12,0,2,12.0,0,29.384478019705877
53,Insurance,10,0,4,18.0,0,60.0
54,Insurance,16,3,2,18.0,0,60.0
55,Banking,14,3,4,14.0,0,10.404227472985266
56,Insurance,16,2,4,16.0,0,60.0
57,Banking,14,3,7,13.0,0,4.898531107685887
58,Insurance,9,3,6,4.0,1,4.308783410263538
59,Banking,17,1,9,0.0,0,0.23130048635535994
60,Insurance,17,0,8,18.0,0,32.290495367249314
61,Insurance,13,4,2,13.0,0,60.0
62,Consultation,15,0,5,8.0,1,22.68491714865232
63,Banking,11,4,3,17.0,0,27.835199458783332
64,Insurance,10,3,9,2.0,0,0.0
65,Consultation,16,1,9,18.0,0,47.34252671914371
66,Consultation,11,0,4,12.0,0,55.00309898999317
67,Banking,10,0,6,0.0,0,5.5185191542600585
68,Insurance,15,4,7,,0,1.261175645563279
69,Insurance,17,2,5,9.0,0,29.22992871807498
70,Insurance,14,0,4,10.0,0,41.412337887927805
71,Insurance,10,3,2,6.0,0,45.570832250631845
72,Consultation,10,4,3,10.0,0,60.0
73,Consultation,9,0,5,15.0,0,60.0
74,Consultation,17,2,9,16.0,0,38.601981755862575
75,Banking,12,0,9,17.0,0,17.874205256892232
76,Banking,12,4,3,17.0,0,38.98521816601448
77,Consultation,12,2,8,9.0,0,30.211003144583437
78,Insurance,9,1,8,3.0,1,0.0
79,Insurance,16,0,4,19.0,0,60.0
80,Consultation,17,2,6,16.0,0,54.9518262121331
81,Insurance,17,3,7,1.0,0,5.087187416205364
82,Insurance,17,4,7,17.0,0,30.69856513081977
83,Banking,14,2,5,10.0,0,9.509759628888592
84,Consultation,15,4,4,0.0,0,0.0
85,Banking,9,1,9,15.0,0,5.825207894370362
86,Banking,13,4,9,4.0,0,3.987046012184882
87,Insurance,14,1,7,5.0,0,9.957674317360896
88,Consultation,16,0,4,12.0,0,57.113658048260454
89,Consultation,9,0,8,10.0,0,27.021862074167846
90,Insurance,16,0,7,13.0,0,27.426821954356214
91,Consultation,15,3,3,6.0,1,30.154821899454983
92,Insurance,10,0,6,8.0,0,20.115430180096492
93,Banking,15,3,9,8.0,0,6.205757945209115
94,Consultation,12,3,5,16.0,1,45.90855756436132
95,Banking,14,1,8,5.0,0,3.29368453889296
96,Banking,17,0,3,6.0,0,18.029128347274842
97,Consultation,12,3,8,9.0,1,0.0
98,Insurance,10,4,3,4.0,0,18.134136401014825
99,Banking,17,1,8,1.0,0,1.2750401453663085
100,Consultation,9,0,4,7.0,0,29.337189122805782
101,Consultation,14,3,4,0.0,0,0.0
102,Insurance,15,3,4,12.0,0,42.81042395044731
103,Banking,16,1,8,11.0,0,3.922768872517848
104,Insurance,12,1,2,3.0,0,25.95856901354064
105,Consultation,9,1,9,9.0,0,17.065697653417697
106,Consultation,9,0,5,5.0,0,22.558258448862457
107,Insurance,9,3,5,14.0,0,43.132974710408575
108,Banking,11,4,7,14.0,0,13.572153085671447
109,Insurance,17,4,7,18.0,1,26.792141228503134
110,Banking,14,4,6,,0,0.0476110194858701
111,Banking,15,1,2,7.0,0,22.99269713597024
112,Consultation,15,1,6,5.0,0,23.054025583444993
113,Consultation,10,1,6,10.0,0,41.79268468084855
114,Insurance,14,0,8,7.0,0,7.670870230218025
115,Banking,17,3,2,6.0,0,10.594770882698008
116,Insurance,12,4,2,18.0,0,60.0
117,Banking,16,3,2,13.0,0,30.846471908933648
118,Insurance,16,4,6,19.0,0,37.192301096095264
119,Insurance,11,3,5,17.0,0,53.138213635360636
120,Insurance,15,1,8,7.0,1,0.0
121,Consultation,16,0,6,5.0,0,16.76644215931737
122,Insurance,14,4,3,13.0,0,60.0
123,Insurance,12,2,9,4.0,0,4.65090048344797
124,Banking,16,4,9,6.0,0,1.8673046982988992
125,Consultation,12,0,7,19.0,0,57.55857012442091
126,Banking,14,3,4,3.0,0,0.0
127,Insurance,10,4,8,10.0,0,12.440236380928953
128,Insurance,10,3,5,1.0,0,0.0
129,Insurance,12,1,3,13.0,0,60.0
130,Consultation,14,0,8,7.0,0,25.38006114759282
131,Banking,11,0,5,6.0,0,0.39531021434100744
132,Consultation,11,4,3,19.0,0,60.0
133,Insurance,14,3,4,18.0,0,60.0
134,Banking,16,2,4,16.0,0,14.916558933050048
135,Insurance,14,3,5,12.0,0,32.5888934062076
136,Insurance,16,3,6,4.0,1,0.0
137,Consultation,12,3,9,2.0,0,6.592405601745712
138,Insurance,13,3,9,10.0,1,14.05827424591337
139,Insurance,11,3,9,13.0,0,15.249023496849937
140,Insurance,15,4,3,11.0,0,55.80797106151687
141,Insurance,15,4,8,8.0,0,20.524074476159498
142,Banking,14,2,7,13.0,0,13.964600057918176
143,Insurance,12,0,4,9.0,1,27.249293325694254
144,Consultation,15,0,3,4.0,0,34.208204091700814
145,Consultation,11,2,2,14.0,0,60.0
146,Banking,14,3,6,17.0,0,10.589792771478109
147,Insurance,12,1,6,15.0,0,36.910646895370895
148,Consultation,13,4,5,5.0,1,13.467366368701654
149,Consultation,14,2,3,18.0,1,60.0
150,Consultation,15,0,3,9.0,0,60.0
151,Insurance,15,3,4,2.0,1,0.0
152,Banking,15,3,2,15.0,1,29.41811682057503
153,Banking,13,3,7,16.0,0,2.450691823310425
154,Banking,15,1,7,3.0,0,0.0
155,Consultation,13,2,2,8.0,0,60.0
156,Banking,13,4,9,3.0,1,0.0
157,Consultation,11,4,3,4.0,0,26.278932521240133
158,Banking,17,4,4,3.0,0,4.081342858757305
159,Consultation,17,3,6,3.0,0,7.526297727873768
160,Insurance,9,0,5,15.0,0,46.654337398970824
161,Consultation,12,3,6,11.0,1,26.674571185268388
162,Banking,11,3,2,5.0,0,8.697776379938677
163,Consultation,12,1,2,18.0,0,60.0
164,Insurance,10,3,3,5.0,0,21.1531944420158
165,Banking,14,3,2,13.0,0,33.87739028969001
166,Insurance,14,1,4,8.0,0,29.534534622788467
167,Banking,15,3,9,2.0,0,2.0916277637248974
168,Insurance,14,2,9,10.0,1,7.62666486200167
169,Banking,16,2,6,6.0,0,10.85452912155818
170,Insurance,12,2,3,,0,46.57300744206118
171,Banking,10,1,4,17.0,0,25.08236184976822
172,Consultation,15,4,4,18.0,0,60.0
173,Insurance,9,2,8,17.0,0,24.405983660580734
174,Banking,9,0,5,14.0,0,15.58298963942957
175,Banking,13,0,8,18.0,0,8.596783623447273
176,Consultation,13,3,2,15.0,0,60.0
177,Insurance,13,4,9,6.0,0,20.76357309061362
178,Banking,11,3,2,9.0,0,25.25521031794372
179,Banking,14,2,4,18.0,0,20.646977698767035
180,Consultation,10,0,7,10.0,0,33.670569989525134
181,Consultation,16,1,3,4.0,0,31.13433786682679
182,Insurance,16,4,8,5.0,0,9.680271666215441
183,Insurance,13,3,9,7.0,0,12.322638506102965
184,Consultation,14,0,9,8.0,0,17.102406985339105
185,Insurance,10,2,7,11.0,0,22.72138742039332
186,Consultation,13,2,4,5.0,0,20.831910651298948
187,Consultation,16,4,4,10.0,0,47.24365157883702
188,Banking,15,3,2,1.0,0,2.344781759536836
189,Insurance,17,2,6,1.0,0,0.6694890679407803
190,Banking,17,0,8,19.0,0,8.213501204828578
191,Consultation,16,3,9,2.0,0,13.18154707289474
192,Consultation,10,0,2,6.0,0,60.0
193,Insurance,12,2,5,11.0,0,31.484096898095213
194,Insurance,12,0,5,3.0,1,4.51656151492217
195,Consultation,16,2,3,18.0,0,60.0
196,Consultation,10,1,6,17.0,0,54.05300099990219
197,Insurance,17,3,9,3.0,0,0.0
198,Consultation,10,0,9,14.0,1,20.205208580430607
199,Insurance,12,3,4,4.0,1,8.682410646447464
200,Banking,11,0,8,3.0,0,5.05554027060527
201,Banking,16,2,8,8.0,0,6.880679992237113
202,Consultation,9,2,9,15.0,0,34.389549508397586
203,Consultation,15,1,9,16.0,0,33.655162308318026
204,Insurance,15,0,9,8.0,0,21.501495912632492
205,Insurance,17,1,7,13.0,1,30.352181585077318
206,Banking,16,0,6,14.0,0,11.230211906417688
207,Consultation,14,1,2,12.0,0,60.0
208,Banking,14,3,2,2.0,0,0.0
209,Insurance,14,2,4,8.0,1,20.14260961322715
210,Consultation,13,0,7,1.0,0,0.0
211,Insurance,9,4,4,18.0,0,60.0
212,Banking,10,4,5,17.0,0,23.809831484941657
213,Consultation,14,2,2,17.0,0,60.0
214,Insurance,10,4,7,16.0,0,31.94856562264052
215,Insurance,13,4,2,8.0,0,60.0
216,Banking,9,4,8,3.0,0,9.315872713540159
217,Banking,9,1,5,10.0,0,15.93962445171817
218,Consultation,14,1,8,5.0,0,18.87851244176177
219,Banking,9,0,3,14.0,0,22.506969493063718
220,Insurance,12,1,7,3.0,0,13.012066214575508
221,Consultation,10,3,3,3.0,1,1.4712314125259098
222,Insurance,17,0,5,18.0,0,56.78218191091513
223,Consultation,9,4,2,3.0,0,30.264101763463703
224,Insurance,11,4,2,3.0,0,30.70331689327047
225,Banking,15,2,7,14.0,0,7.135727321100216
226,Banking,9,0,8,3.0,0,5.7545240917208
227,Consultation,9,4,8,14.0,0,45.3591211695629
228,Insurance,14,1,3,13.0,0,60.0
229,Banking,14,4,4,14.0,0,19.674271326668652
230,Banking,12,4,4,10.0,0,12.318619998434846
231,Banking,11,2,5,8.0,1,0.0
232,Consultation,9,4,4,11.0,0,52.60446541131343
233,Banking,16,3,3,17.0,0,30.920130934372953
234,Insurance,16,3,6,13.0,0,29.90376928744974
235,Consultation,15,4,5,2.0,0,8.938302152284198
236,Consultation,12,4,2,,0,60.0
237,Consultation,10,3,9,5.0,0,16.320603026343935
238,Consultation,15,1,9,2.0,0,8.08549172305022
239,Consultation,16,0,9,1.0,0,0.0
240,Consultation,13,3,6,10.0,0,31.170609137991473
241,Banking,17,2,3,11.0,0,15.179049658023137
242,Consultation,16,3,8,15.0,1,26.345742261536863
243,Banking,12,0,2,12.0,0,33.86410352214461
244,Insurance,17,3,4,15.0,0,52.86444758419834
245,Banking,9,0,9,18.0,0,7.053313378677414
246,Consultation,17,1,9,1.0,0,0.7194842075549381
247,Insurance,9,1,5,8.0,0,26.1355042174754
248,Consultation,13,4,4,3.0,0,4.813173163085498
249,Consultation,13,1,5,10.0,0,41.867055099613985
250,Consultation,16,3,3,9.0,0,49.1553519117039
251,Banking,13,2,7,6.0,0,4.210861314730936
252,Insurance,16,3,9,4.0,0,3.661052241014583
253,Insurance,9,1,7,15.0,0,23.580088498113838
254,Insurance,11,2,3,6.0,0,34.73336233965572
255,Banking,15,1,2,,0,37.67193342379655
256,Banking,14,0,8,10.0,0,0.08014018893598784
257,Banking,13,3,5,7.0,0,8.536718064572522
258,Banking,15,2,6,1.0,0,6.020177804346964
259,Insurance,13,4,4,7.0,0,20.120958031804705
260,Banking,15,2,5,15.0,1,9.937947961784051
261,Consultation,11,2,6,4.0,0,5.478737115417274
262,Insurance,14,2,4,7.0,0,15.99751174940506
263,Banking,10,4,9,1.0,0,0.0
264,Banking,9,2,3,19.0,0,31.24674376621974
265,Consultation,10,3,3,12.0,0,60.0
266,Consultation,12,2,8,11.0,0,25.045085014959565
267,Consultation,14,1,2,2.0,0,19.764368112388254
268,Consultation,13,2,8,2.0,0,1.8850988249847407
269,Insurance,16,2,9,1.0,0,12.342793016114916
270,Consultation,10,4,3,13.0,0,60.0
271,Consultation,11,0,3,13.0,0,60.0
272,Banking,10,4,3,2.0,0,1.788624266994444
273,Consultation,10,4,5,7.0,0,26.783383758842817
274,Banking,12,2,2,10.0,0,15.106700921706347
275,Consultation,10,0,5,14.0,0,51.33541952374346
276,Insurance,10,4,8,16.0,0,23.469470478549383
277,Banking,11,1,6,14.0,0,7.990311982635804
278,Banking,9,0,7,9.0,0,14.551176619343588
279,Banking,13,4,3,6.0,0,0.0
280,Banking,12,2,6,15.0,0,5.892859252906155
281,Banking,9,1,8,15.0,0,12.004462525489943
282,Consultation,14,0,6,17.0,0,52.466628376845605
283,Consultation,15,1,5,0.0,0,4.846550897654786
284,Insurance,12,3,9,14.0,0,29.072950518921203
285,Consultation,11,4,3,6.0,0,30.755383637525632
286,Insurance,17,2,8,7.0,0,6.4900805890935995
287,Insurance,11,3,5,12.0,0,45.294602224714
288,Banking,13,2,4,0.0,0,2.2780904738166123
289,Insurance,13,4,4,3.0,0,4.204783156871908
290,Insurance,15,3,7,2.0,0,0.0
291,Insurance,9,0,3,11.0,0,58.540426305099174
292,Insurance,11,3,9,16.0,0,26.212015837853528
293,Insurance,11,0,7,18.0,0,39.7313829800169
294,Banking,16,0,9,17.0,0,6.413968301391448
295,Insurance,11,2,7,0.0,0,0.0
296,Banking,15,1,6,5.0,1,0.0
297,Consultation,17,1,9,5.0,0,15.108585406290258
298,Insurance,16,0,8,14.0,0,18.733727015423952
299,Consultation,14,4,5,17.0,1,55.67379525578188
300,Consultation,13,1,6,10.0,0,37.87115621845484
301,Insurance,15,1,7,9.0,0,5.062510908966365
302,Consultation,17,4,7,6.0,0,6.067973102392363
303,Banking,14,2,4,13.0,0,24.73792593960746
304,Banking,10,0,9,15.0,0,8.289791794940873
305,Consultation,16,3,5,5.0,1,9.23435508498512
306,Insurance,12,3,5,12.0,0,39.67816501240292
307,Consultation,14,0,5,17.0,0,58.06825752465621
308,Insurance,10,2,8,0.0,0,0.8781518871665438
309,Consultation,14,3,3,10.0,0,60.0
310,Insurance,10,1,3,3.0,0,12.861043363034955
311,Consultation,9,2,8,9.0,0,30.667781750241303
312,Insurance,13,4,3,2.0,0,18.745358459420082
313,Consultation,12,0,5,14.0,1,52.71094118792745
314,Insurance,12,3,6,19.0,0,49.24734000871992
315,Banking,9,0,2,4.0,0,9.446036585544132
316,Banking,17,4,8,15.0,0,7.022958498811513
317,Insurance,16,3,6,9.0,0,22.15988064252434
318,Insurance,9,0,7,15.0,0,37.21549706014392
319,Banking,13,4,9,14.0,0,1.1315736645262957
320,Insurance,17,1,4,19.0,0,60.0
321,Banking,9,4,9,3.0,0,5.514310492739491
322,Banking,11,2,7,12.0,0,4.411184976867743
323,Consultation,12,2,7,17.0,0,48.29124233457889
324,Consultation,10,4,4,16.0,0,60.0
325,Insurance,17,1,3,15.0,0,60.0
326,Insurance,9,0,2,10.0,0,60.0
327,Banking,12,0,9,6.0,0,0.0
328,Banking,11,1,9,1.0,0,0.0
329,Banking,17,3,3,18.0,0,29.66227794127466
330,Consultation,11,4,6,14.0,0,48.92785852245329
331,Banking,15,2,9,0.0,0,0.0
332,Consultation,10,2,3,19.0,0,60.0
333,Insurance,16,2,4,18.0,0,60.0
334,Consultation,10,0,7,16.0,0,45.09217616495277
335,Insurance,17,0,8,0.0,0,0.0
336,Insurance,17,1,4,5.0,0,12.991790985615872
337,Insurance,17,3,3,6.0,0,28.495219209374586
338,Consultation,14,4,6,13.0,0,41.378269284441515
339,Insurance,15,2,7,0.0,0,0.0
340,Consultation,12,1,5,14.0,0,60.0
341,Consultation,10,3,6,15.0,0,52.0039879870276
342,Insurance,11,0,3,4.0,0,21.15161189144658
343,Insurance,11,2,6,4.0,0,7.340944528974713
344,Consultation,9,4,4,18.0,0,60.0
345,Insurance,11,2,2,10.0,0,60.0
346,Banking,12,2,4,0.0,0,9.485539421615305
347,Insurance,12,4,4,14.0,0,60.0
348,Insurance,11,1,5,18.0,0,47.52110913780838
349,Banking,12,4,3,7.0,0,7.063843552070574
350,Consultation,12,4,5,,0,43.998576700993056
351,Insurance,11,0,5,14.0,0,40.86160822623189
352,Banking,13,1,8,18.0,0,13.284321024847753
353,Banking,11,1,9,8.0,0,2.3103547315515636
354,Consultation,16,3,8,7.0,0,3.6308629567575412
355,Consultation,11,3,3,4.0,0,20.814937072282888
356,Consultation,11,0,6,12.0,0,41.663653205513874
357,Banking,16,0,7,10.0,0,6.907714292898441
358,Consultation,9,3,2,10.0,0,60.0
359,Insurance,12,3,5,13.0,0,38.797637673407195
360,Insurance,11,1,5,0.0,0,0.0
361,Insurance,9,3,6,17.0,1,25.72352725905171
362,Banking,9,4,9,12.0,0,0.0
363,Consultation,15,2,3,18.0,0,60.0
364,Banking,12,4,4,3.0,0,8.645354292814659
365,Banking,13,3,6,0.0,0,4.502254320126421
366,Consultation,10,2,4,15.0,0,60.0
367,Insurance,11,0,2,3.0,0,12.513441922216762
368,Banking,9,3,7,6.0,0,1.9688934965524143
369,Consultation,12,3,9,9.0,0,22.39840227891938
370,Insurance,16,0,5,1.0,0,3.1616522113764516
371,Consultation,11,3,2,5.0,0,48.0472687675197
372,Consultation,9,2,9,8.0,0,21.96415462225235
373,Insurance,12,0,4,6.0,0,31.679409094557013
374,Insurance,17,0,4,6.0,0,14.204586112496484
375,Banking,16,1,4,18.0,0,29.968035544929343
376,Banking,11,3,5,6.0,0,4.163722923492436
377,Insurance,12,1,3,15.0,0,60.0
378,Consultation,13,2,3,17.0,1,60.0
379,Insurance,15,2,8,6.0,0,5.425830429559407
380,Insurance,9,0,7,15.0,0,32.96630127554944
381,Insurance,11,1,9,16.0,0,29.19120828686696
382,Banking,9,3,7,0.0,0,0.0
383,Consultation,11,2,5,11.0,0,33.48353274128626
384,Banking,14,1,3,1.0,0,2.4001705781042673
385,Banking,17,0,9,8.0,0,10.41397979514046
386,Insurance,14,4,9,18.0,0,29.475856659764002
387,Insurance,16,0,3,0.0,0,0.0
388,Banking,12,0,9,11.0,0,10.260569619403494
389,Insurance,13,1,7,13.0,0,26.695283696500947
390,Consultation,16,4,5,12.0,1,36.01090883738231
391,Banking,9,3,3,9.0,0,14.110848936797794
392,Insurance,16,0,7,0.0,0,0.0
393,Banking,10,0,7,8.0,0,5.080686716392526
394,Consultation,14,4,3,14.0,0,60.0
395,Banking,12,3,6,15.0,0,18.394388076187564
396,Banking,12,0,8,11.0,0,0.0
397,Banking,13,0,7,17.0,0,9.757657787748244
398,Insurance,9,1,2,3.0,0,29.385293525330216
399,Banking,12,1,9,14.0,1,0.0
400,Insurance,16,2,2,15.0,0,60.0
401,Insurance,17,1,2,12.0,0,60.0
402,Banking,10,3,6,18.0,0,21.934553576458985
403,Banking,14,2,2,11.0,0,28.957292038043665
404,Banking,13,1,4,9.0,0,17.145339166668943
405,Banking,16,4,2,2.0,0,6.579973206590517
406,Banking,16,1,8,12.0,0,13.081056237326676
407,Banking,16,1,9,11.0,0,14.86264708278342
408,Banking,9,1,5,9.0,0,12.419437613710397
409,Insurance,12,0,2,14.0,0,60.0
410,Consultation,10,4,9,16.0,0,32.519422893511575
411,Consultation,12,2,8,4.0,0,10.010805759738853
412,Consultation,14,0,4,3.0,0,8.535191914500066
413,Consultation,12,4,2,12.0,0,60.0
414,Insurance,13,2,3,13.0,0,60.0
415,Consultation,11,1,4,15.0,0,60.0
416,Banking,10,0,5,2.0,0,10.811898789210698
417,Insurance,15,2,3,6.0,0,28.093356141694084
418,Consultation,14,1,3,15.0,0,60.0
419,Consultation,11,0,6,4.0,0,11.91002013900856
420,Consultation,17,2,9,10.0,0,21.052446871344017
421,Consultation,14,2,3,6.0,0,26.18758644082671
422,Consultation,13,0,8,11.0,0,27.551458551998287
423,Consultation,16,0,2,9.0,0,60.0
424,Insurance,10,2,3,13.0,0,60.0
425,Banking,14,3,3,18.0,0,26.139699542969407
426,Consultation,14,1,6,9.0,0,26.91671035496921
427,Consultation,15,2,9,15.0,0,33.29136509576482
428,Consultation,11,0,2,3.0,0,34.455201351004916
429,Insurance,14,2,2,5.0,0,38.26850502283505
430,Consultation,11,0,3,5.0,0,31.43152258814589
431,Insurance,16,1,5,18.0,0,56.72570976681678
432,Insurance,13,0,5,17.0,0,52.74712024456903
433,Banking,14,0,2,2.0,0,2.8397760911372902
434,Insurance,17,3,5,7.0,0,9.768790845727693
435,Banking,17,0,2,16.0,0,46.80954116493259
436,Consultation,13,4,2,2.0,0,17.007446036329245
437,Consultation,15,4,4,5.0,0,28.754441347664976
438,Consultation,14,3,8,12.0,1,22.715135060714488
439,Consultation,12,1,2,19.0,1,60.0
440,Insurance,9,1,4,15.0,0,53.616571021985266
441,Banking,12,0,3,12.0,0,11.819664538366933
442,Insurance,10,3,6,,0,17.898709662270367
443,Consultation,16,3,7,7.0,0,18.912200591717212
444,Insurance,10,3,2,3.0,0,24.84102632454775
445,Consultation,17,4,3,19.0,0,60.0
446,Banking,14,1,8,10.0,0,5.850193578758452
447,Insurance,13,4,2,12.0,0,60.0
448,Banking,17,1,2,13.0,0,32.82107055216438
449,Insurance,10,2,8,18.0,0,33.478758907920785
450,Banking,9,0,7,1.0,0,0.3085475484512538
451,Insurance,17,2,6,18.0,0,45.96375909131646
452,Insurance,12,0,4,15.0,0,60.0
453,Consultation,10,0,8,9.0,0,25.36065710453232
454,Insurance,14,3,9,10.0,0,9.240059219467392
455,Banking,9,4,8,16.0,0,10.529508460900512
456,Banking,12,4,8,18.0,0,3.464745585277055
457,Banking,12,1,7,16.0,0,14.049189686592669
458,Consultation,15,3,2,13.0,0,60.0
459,Banking,11,4,2,14.0,0,28.673078204649162
460,Consultation,16,1,8,5.0,0,11.101844660761609
461,Banking,10,1,4,9.0,0,10.871309327656139
462,Consultation,12,1,5,6.0,0,33.23184293398805
463,Banking,16,4,8,17.0,0,2.72881423201233
464,Consultation,12,0,6,3.0,0,10.65916406161575
465,Insurance,13,3,6,15.0,0,38.437898520703556
466,Banking,16,3,9,10.0,0,3.9953994715872754
467,Consultation,16,1,2,10.0,0,60.0
468,Consultation,13,1,9,7.0,0,10.543162138642522
469,Consultation,14,1,8,7.0,0,19.428368461666487
470,Consultation,17,1,7,12.0,0,32.053156067332125
471,Banking,10,1,9,6.0,0,0.42272072044208153
472,Consultation,11,1,6,10.0,0,37.448859598463315
473,Banking,17,3,9,5.0,0,6.476055625554889
474,Insurance,11,1,7,8.0,0,23.101735336231044
475,Insurance,13,0,9,4.0,0,4.003159527754966
476,Insurance,11,2,9,18.0,0,38.24595698010294
477,Banking,12,4,5,17.0,0,12.004662522552962
478,Insurance,11,4,2,9.0,0,60.0
479,Banking,12,3,4,18.0,0,12.870471994475276
480,Insurance,9,4,4,3.0,0,4.511250386070673
481,Insurance,16,1,2,16.0,0,60.0
482,Banking,15,0,4,1.0,1,0.0
483,Insurance,14,3,4,4.0,0,17.046859957643743
484,Banking,15,3,2,5.0,0,3.6541970122609886
485,Banking,16,0,3,5.0,0,7.700590617531089
486,Insurance,9,1,7,2.0,0,0.0
487,Banking,15,3,8,3.0,0,0.0
488,Consultation,17,0,8,14.0,0,37.53905229580738
489,Consultation,12,1,9,8.0,0,22.230471434758464
490,Insurance,10,0,7,0.0,0,2.5069028890188556
491,Consultation,9,1,6,15.0,0,59.52381104031569
492,Insurance,16,4,6,7.0,0,16.094124970182794
493,Banking,17,0,3,3.0,0,6.640681295799176
494,Banking,11,1,4,3.0,0,4.074513553180491
495,Consultation,16,2,6,10.0,0,38.99536197496318
496,Consultation,16,4,5,17.0,0,60.0
497,Consultation,9,3,7,17.0,0,49.10885562567033
498,Banking,16,0,3,11.0,0,27.448157637312654
499,Consultation,10,1,4,4.0,0,15.904713414103252
500,Insurance,10,3,5,6.0,1,11.813139692563968
501,Banking,12,3,7,14.0,0,10.195513824281777
502,Consultation,15,3,3,16.0,0,60.0
503,Banking,10,3,4,15.0,0,18.32166795245902
504,Banking,13,1,2,8.0,0,24.25365133383348
505,Insurance,12,1,7,12.0,0,25.538050076236782
506,Insurance,14,2,4,3.0,0,5.3703173817190395
507,Consultation,11,2,8,10.0,0,25.011873447525023
508,Banking,17,1,9,13.0,0,0.0
509,Insurance,9,1,5,14.0,0,46.148889523535146
510,Insurance,16,2,6,7.0,0,11.292393036985938
511,Consultation,14,1,7,5.0,0,17.88032304172865
512,Banking,12,0,9,3.0,0,2.609253727386146
513,Consultation,17,0,3,9.0,0,49.894271057963856
514,Consultation,9,0,7,19.0,0,53.03640550230039
515,Consultation,17,0,7,9.0,0,24.066985555535872
516,Banking,10,3,7,19.0,0,9.210656712980063
517,Banking,14,0,2,6.0,0,18.83150536108705
518,Consultation,16,2,3,4.0,0,16.216683830900507
519,Consultation,10,3,4,6.0,0,24.032218982263867
520,Consultation,13,2,7,14.0,0,39.06803581712401
521,Banking,12,4,2,16.0,0,48.72166304371744
522,Consultation,13,4,6,17.0,0,60.0
523,Insurance,12,1,3,19.0,0,60.0
524,Consultation,11,3,9,1.0,0,0.0
525,Consultation,12,0,9,12.0,0,33.362214807319226
526,Banking,13,4,3,17.0,0,32.9248739665877
527,Banking,9,3,5,,0,6.057850463867764
528,Insurance,12,0,8,10.0,0,23.264594223239236
529,Consultation,17,4,4,11.0,0,60.0
530,Banking,16,1,7,16.0,0,8.579509391376133
531,Banking,13,2,5,3.0,1,0.0
532,Banking,11,1,2,19.0,0,38.79287812536911
533,Banking,10,4,8,3.0,0,4.5205420881631575
534,Banking,16,2,3,16.0,0,27.764962194484504
535,Banking,16,4,2,9.0,0,20.526649906701138
536,Consultation,13,4,6,15.0,0,44.57660987593568
537,Banking,15,0,8,,0,3.163201508890582
538,Consultation,9,3,9,1.0,0,9.208802033923885
539,Consultation,14,2,6,13.0,0,49.21022789748574
540,Insurance,17,1,7,16.0,0,47.40814117421756
541,Insurance,15,2,7,7.0,0,8.972921520250573
542,Insurance,13,3,5,7.0,0,21.95263140616173
543,Consultation,14,3,9,13.0,0,26.238812771305486
544,Consultation,15,3,5,4.0,0,9.897201757760506
545,Consultation,14,0,5,19.0,1,60.0
546,Banking,13,4,7,9.0,0,14.80173997577626
547,Insurance,10,1,3,17.0,0,60.0
548,Banking,11,1,6,0.0,0,3.172466581121114
549,Insurance,12,1,6,1.0,0,10.179227942162942
550,Insurance,13,2,7,6.0,0,10.878233614395679
551,Banking,9,0,5,5.0,0,1.2686850762468387
552,Consultation,15,0,6,6.0,0,26.721259687711
553,Insurance,16,1,7,14.0,1,17.803101570179653
554,Consultation,15,1,3,9.0,0,60.0
555,Banking,13,3,4,13.0,0,17.8440201019343
556,Insurance,9,2,3,2.0,0,10.992725167436737
557,Consultation,17,3,2,2.0,0,23.392654809331848
558,Insurance,10,4,9,8.0,0,10.604230853754004
559,Consultation,9,3,9,7.0,1,3.565226882150285
560,Consultation,10,4,2,6.0,0,55.38096761999353
561,Consultation,12,4,5,13.0,0,47.36957243513473
562,Banking,10,3,2,3.0,0,2.9471782968367757
563,Insurance,14,1,5,19.0,0,59.1748990270476
564,Consultation,16,3,7,17.0,0,48.19535849627939
565,Banking,17,4,4,14.0,1,7.4509732978687255
566,Consultation,16,0,8,5.0,0,7.818994846051508
567,Consultation,16,4,3,5.0,0,40.066300124403206
568,Banking,17,2,8,,0,8.63589649356873
569,Banking,16,0,7,14.0,0,9.390155947875787
570,Insurance,10,3,7,19.0,0,40.973642002834694
571,Banking,15,4,6,5.0,0,9.81193373326446
572,Consultation,11,0,9,10.0,0,28.66120558099927
573,Banking,9,1,2,15.0,0,41.58664213791234
574,Banking,17,3,4,15.0,0,23.73992515989407
575,Consultation,16,4,3,11.0,0,60.0
576,Consultation,14,2,7,5.0,0,10.616611903580042
577,Insurance,10,1,4,6.0,0,32.40356720186629
578,Consultation,9,2,9,11.0,0,24.672463311078108
579,Banking,14,0,7,18.0,0,12.780484635450401
580,Banking,13,2,9,4.0,0,9.204123262456001
581,Consultation,10,4,7,3.0,1,0.0
582,Insurance,9,4,3,13.0,0,60.0
583,Insurance,11,2,2,9.0,1,60.0
584,Consultation,13,0,5,6.0,0,21.24289806798293
585,Banking,17,4,7,4.0,1,0.0
586,Consultation,16,4,8,2.0,0,0.24148706710853052
587,Banking,17,2,3,19.0,1,19.500964674341425
588,Banking,13,2,9,1.0,0,0.0
589,Banking,12,0,3,2.0,0,5.283245166319432
590,Consultation,11,1,9,4.0,0,9.09601199068946
591,Banking,11,3,4,14.0,0,26.457149132131335
592,Consultation,12,3,2,0.0,0,0.0
593,Consultation,13,3,4,15.0,0,60.0
594,Insurance,15,2,8,19.0,0,36.132477350705074
595,Insurance,17,4,7,14.0,0,33.53882448901291
596,Insurance,12,4,5,2.0,0,2.181119760105471
597,Consultation,13,1,8,8.0,0,18.098457942139564
598,Consultation,13,4,6,3.0,0,16.534950008808966
599,Consultation,12,2,4,12.0,0,60.0
600,Insurance,11,0,7,9.0,0,24.504485127775983
601,Banking,15,0,7,13.0,0,7.5858748051154885
602,Banking,13,3,8,14.0,0,16.378672190806373
603,Insurance,10,3,6,12.0,0,27.170654438721588
604,Insurance,17,0,4,1.0,0,1.0362913956388056
605,Banking,9,3,3,17.0,0,28.043835406629103
606,Insurance,12,3,5,10.0,0,37.08303147001323
607,Consultation,15,1,8,8.0,0,16.900945716150254
608,Consultation,16,0,9,8.0,0,11.40934980426852
609,Insurance,14,1,9,14.0,0,29.980615577315525
610,Consultation,15,3,6,12.0,0,36.647726942673586
611,Consultation,17,4,6,17.0,1,52.473351246175824
612,Consultation,14,3,4,,0,0.0
613,Banking,15,3,5,16.0,0,15.038752414056349
614,Insurance,10,1,4,11.0,0,49.47501046676062
615,Consultation,15,2,6,18.0,0,60.0
616,Insurance,15,2,5,0.0,0,7.596464139428615
617,Consultation,10,4,9,3.0,0,4.650698280950535
618,Banking,13,3,4,18.0,0,24.24824503893317
619,Consultation,12,2,3,6.0,0,42.6297487680609
620,Banking,15,4,7,10.0,0,10.764666762817768
621,Consultation,12,3,9,15.0,0,33.70164875948141
622,Banking,17,0,5,13.0,0,20.73206596744283
623,Consultation,17,4,8,18.0,0,39.11337875948237
624,Consultation,13,2,3,4.0,0,32.50475255348462
625,Banking,16,3,9,11.0,1,0.0
626,Consultation,11,4,9,12.0,0,41.61666186301702
627,Consultation,12,1,9,10.0,0,22.108536533458267
628,Consultation,10,4,7,0.0,1,0.0
629,Banking,11,2,5,2.0,0,1.277150653600261
630,Insurance,12,3,7,17.0,0,31.473012934427626
631,Consultation,17,0,8,0.0,0,6.591569798787752
632,Consultation,12,0,7,4.0,0,9.825828808324438
633,Banking,9,4,7,0.0,0,0.0
634,Insurance,10,1,6,,0,2.6339242784303085
635,Consultation,15,0,5,0.0,0,0.0
636,Consultation,10,1,3,7.0,0,43.20927031013244
637,Insurance,11,4,7,12.0,0,18.904098599663367
638,Consultation,11,3,4,0.0,0,0.0
639,Insurance,16,3,7,6.0,0,12.237597112692514
640,Banking,15,0,8,2.0,0,0.0
641,Banking,9,0,6,18.0,0,10.079015705720169
642,Insurance,16,0,3,1.0,0,7.478216392559396
643,Banking,11,0,2,1.0,0,6.949200353108537
644,Insurance,13,4,5,5.0,0,16.939852819632222
645,Consultation,15,1,2,2.0,1,10.702928713258446
646,Banking,11,2,3,9.0,0,24.065004207224188
647,Insurance,16,4,2,3.0,0,20.519633461184032
648,Insurance,16,0,3,1.0,0,10.230104686173725
649,Insurance,17,0,6,6.0,0,28.678145318912176
650,Consultation,14,0,4,19.0,0,60.0
651,Consultation,10,2,9,0.0,0,0.0
652,Consultation,16,1,4,8.0,0,35.65130976330443
653,Banking,10,0,8,0.0,0,0.0
654,Consultation,17,3,5,,0,2.8490132004621667
655,Insurance,10,0,8,6.0,0,6.995907787638193
656,Consultation,15,2,6,8.0,0,27.474407918804474
657,Banking,11,2,2,15.0,1,18.297375698118863
658,Consultation,9,2,6,17.0,0,60.0
659,Insurance,16,2,2,18.0,1,60.0
660,Banking,15,4,6,13.0,0,13.873511278936297
661,Insurance,11,0,7,13.0,0,25.469430494977704
662,Consultation,9,3,4,4.0,0,15.866376479234908
663,Banking,12,4,8,5.0,0,9.373141594112884
664,Banking,13,1,7,18.0,0,12.92295888482341
665,Insurance,11,4,8,,0,4.130257407374357
666,Banking,13,0,5,4.0,0,6.38705979989425
667,Banking,9,4,4,10.0,0,16.620898697535825
668,Banking,15,2,4,6.0,0,7.000169799789575
669,Insurance,10,4,7,9.0,0,12.5699412517608
670,Consultation,13,2,6,17.0,0,60.0
671,Insurance,10,4,2,7.0,1,47.2379780566235
672,Consultation,16,1,6,0.0,0,0.0
673,Consultation,11,0,9,14.0,0,29.356648841873472
674,Banking,9,0,2,10.0,1,15.044857276999524
675,Banking,14,4,8,17.0,0,17.174878922489125
676,Consultation,16,2,3,2.0,0,15.661100921996377
677,Consultation,15,1,5,18.0,1,60.0
678,Banking,14,2,2,12.0,0,28.378033674210528
679,Consultation,13,0,3,18.0,0,60.0
680,Consultation,16,2,5,10.0,0,45.22174891862236
681,Consultation,12,1,8,4.0,0,12.978807897533695
682,Consultation,15,1,2,12.0,0,60.0
683,Consultation,10,2,4,2.0,0,13.367583508703902
684,Banking,17,3,5,19.0,0,20.108511210654374
685,Banking,16,1,8,16.0,0,24.434731882853427
686,Insurance,12,1,5,2.0,0,8.94428015116948
687,Consultation,15,3,6,3.0,0,6.533595679322
688,Insurance,9,0,7,0.0,0,3.7459454564967967
689,Insurance,13,4,5,6.0,0,15.374075395005983
690,Banking,10,4,6,19.0,0,15.894001080755379
691,Consultation,10,4,8,13.0,0,25.018922769944897
692,Insurance,10,4,3,10.0,0,54.045992838611554
693,Insurance,10,0,7,18.0,0,31.738801473819727
694,Insurance,13,3,5,12.0,0,37.64166152745647
695,Banking,12,1,2,7.0,0,15.719653843584071
696,Consultation,9,0,9,4.0,1,0.0
697,Consultation,14,4,5,17.0,1,60.0
698,Banking,11,2,5,13.0,0,6.791652890193028
699,Consultation,16,4,2,16.0,1,60.0
700,Banking,10,0,5,11.0,0,9.182346601016812
701,Consultation,16,0,6,7.0,0,29.8755711214461
702,Insurance,14,1,7,2.0,0,0.0
703,Consultation,13,2,7,5.0,0,15.09365617053526
704,Insurance,14,4,2,11.0,0,60.0
705,Consultation,14,2,4,16.0,0,60.0
706,Insurance,12,3,5,3.0,0,15.973101797110159
707,Consultation,9,3,7,1.0,1,0.0
708,Insurance,10,1,9,0.0,0,4.329184104070781
709,Consultation,16,2,5,18.0,0,60.0
710,Banking,17,0,8,17.0,0,10.92580691291995
711,Consultation,12,4,6,1.0,0,9.69221015944618
712,Insurance,16,0,2,6.0,0,42.29965635861074
713,Banking,14,3,9,10.0,0,5.048479346501907
714,Banking,9,2,8,11.0,0,0.0
715,Insurance,14,1,5,18.0,0,48.54790237746877
716,Banking,15,2,6,5.0,0,2.7839365026063865
717,Insurance,9,3,8,8.0,0,15.575344201604882
718,Banking,17,0,4,15.0,0,21.17088585299036
719,Consultation,14,2,7,18.0,0,40.724076690672064
720,Insurance,16,2,4,14.0,0,60.0
721,Banking,16,4,6,1.0,0,0.0
722,Banking,17,1,2,13.0,0,31.096555638889168
723,Insurance,9,1,5,17.0,0,45.79665784118798
724,Insurance,14,4,6,4.0,0,2.8770437334841317
725,Insurance,17,4,6,5.0,0,17.297603898904402
726,Banking,16,3,6,19.0,0,18.1639283632667
727,Banking,12,0,9,5.0,0,3.3517933738283348
728,Consultation,13,4,7,19.0,0,55.071009004728374
729,Insurance,17,3,3,11.0,0,56.49871018027305
730,Consultation,13,0,7,4.0,0,14.001219741096532
731,Insurance,17,2,4,6.0,0,19.582266100575808
732,Banking,9,4,7,1.0,0,3.7688955440699106
733,Insurance,17,1,8,8.0,0,14.63961697132579
734,Consultation,17,1,8,4.0,0,3.4289427655436713
735,Consultation,14,2,3,8.0,1,45.926148068094186
736,Banking,15,2,6,18.0,0,9.395919407106287
737,Consultation,14,2,7,6.0,0,11.333473162339802
738,Consultation,12,3,8,11.0,0,32.07350450323985
739,Banking,15,2,8,7.0,1,0.0
740,Consultation,10,3,4,11.0,0,49.64017160307986
741,Banking,11,4,5,4.0,0,1.1252239302585423
742,Banking,12,4,5,15.0,0,10.665805661592877
743,Consultation,11,3,7,8.0,0,34.68242507325555
744,Banking,17,0,3,2.0,0,3.3345442057991126
745,Insurance,12,0,8,7.0,1,6.335695283959613
746,Banking,9,4,3,10.0,0,22.55695027757848
747,Consultation,16,4,7,17.0,0,49.56426970603266
748,Insurance,12,0,4,9.0,0,40.03327577278804
749,Insurance,17,0,5,0.0,0,4.012044310457624
750,Insurance,17,3,3,14.0,0,60.0
751,Insurance,17,0,7,9.0,0,20.113630950582845
752,Banking,17,1,6,11.0,0,14.594636802381885
753,Banking,15,0,6,18.0,0,4.393636746741663
754,Banking,17,0,9,2.0,0,0.7280414576696634
755,Consultation,15,1,7,0.0,0,0.0
756,Consultation,16,2,3,2.0,0,13.366218034322173
757,Insurance,10,1,7,0.0,0,5.6587296249601104
758,Consultation,12,4,8,3.0,0,6.914181538635636
759,Banking,12,4,7,9.0,0,2.219459523602249
760,Banking,12,4,7,14.0,0,0.0
761,Banking,11,2,2,8.0,0,19.363446955377434
762,Banking,9,2,3,13.0,0,26.51352195389381
763,Banking,14,4,2,16.0,0,39.43422150473732
764,Insurance,13,0,5,19.0,0,58.08080105938573
765,Banking,11,3,3,19.0,0,31.25411904699073
766,Banking,15,3,8,0.0,0,3.291346667675236
767,Banking,14,2,5,11.0,0,12.554372637570916
768,Insurance,12,2,9,18.0,1,19.794008775494593
769,Banking,17,3,3,4.0,0,0.0
770,Consultation,12,0,3,15.0,0,60.0
771,Insurance,17,0,6,8.0,0,20.65133708130085
772,Insurance,11,2,9,13.0,0,27.372819927629273
773,Banking,15,0,6,8.0,0,6.5661411047409555
774,Banking,15,3,2,13.0,0,33.25499093838839
775,Banking,9,2,7,13.0,0,6.909931000971678
776,Insurance,9,1,5,6.0,0,18.081525719845942
777,Insurance,10,2,4,8.0,0,31.45281533015752
778,Consultation,12,4,2,11.0,0,60.0
779,Banking,10,0,9,8.0,0,0.0
780,Banking,13,0,9,13.0,0,2.445866987887009
781,Banking,10,3,9,18.0,0,10.50126383815204
782,Insurance,16,2,7,1.0,0,5.404569100698376
783,Insurance,14,3,3,9.0,1,29.498895082863108
784,Insurance,11,2,3,14.0,0,60.0
785,Insurance,10,2,6,15.0,0,42.64987248099704
786,Insurance,17,1,7,14.0,0,30.029718886265858
787,Consultation,9,0,9,4.0,0,8.987123759648394
788,Insurance,14,4,9,4.0,0,5.832907345949735
789,Insurance,15,4,7,1.0,0,0.0
790,Consultation,17,0,2,,0,60.0
791,Insurance,15,3,3,3.0,0,21.042471025954637
792,Consultation,12,4,7,0.0,0,3.673994343704085
793,Banking,10,1,9,11.0,0,0.0
794,Consultation,14,1,5,0.0,0,0.0
795,Banking,15,1,4,19.0,0,13.750525418061649
796,Consultation,14,4,7,8.0,0,27.1338096845355
797,Banking,12,1,4,8.0,0,18.93147215138486
798,Consultation,15,1,5,15.0,0,55.87937686852356
799,Banking,14,3,2,0.0,0,7.418448880859994
800,Insurance,14,0,2,18.0,0,60.0
