car_id,brand,model_year,mileage,fuel_type,transmission,engine_size,color,accident_history,price
1,Toyota,2017,196698.51703071914,Diesel,Automatic,3.257452331210531,Silver,0.0,14291.849678270912
2,BMW,2018,92766.00173113606,Hybrid,Automatic,1.0889588548412754,Blue,0.0,23838.732339618116
3,Toyota,2022,194525.08996829993,Diesel,Automatic,1.295290879138586,Red,0.0,17253.04326859408
4,Mercedes,2016,13039.983520390435,Diesel,Automatic,3.396962555283926,Silver,0.0,42188.70708564472
5,Kia,2016,117532.4739566364,Gasoline,Automatic,3.180832491361852,Blue,0.0,10749.131063550352
6,Kia,2014,166330.0253454842,Diesel,Automatic,1.8349842329902946,White,0.0,3000.0
7,Kia,2017,44855.80187853815,Hybrid,Automatic,1.4169989641299505,Red,3.0,3000.0
8,Mercedes,2023,105700.71102163714,Electric,Automatic,1.4458746840685484,Blue,0.0,38197.16570954472
9,Mercedes,2018,164573.98275937972,Electric,Automatic,3.4158484438555297,Black,0.0,36579.52310331044
10,Toyota,2013,101611.54424215108,Hybrid,Manual,3.7926809376563853,Blue,2.0,8315.544593900642
11,Kia,2023,119175.15192976719,Hybrid,Automatic,2.7938909876046876,Black,0.0,14220.75732248035
12,Toyota,2020,17262.01798670333,Hybrid,Automatic,1.889439583872721,White,0.0,22095.46714511793
13,Kia,2021,174579.20292161382,Diesel,Automatic,3.935105715668248,White,0.0,17898.362669793278
14,Kia,2021,,Hybrid,Automatic,1.943103797537289,Black,1.0,12721.947763850383
15,BMW,2021,104786.55717051009,Electric,Automatic,3.087699539769491,Black,1.0,33231.2328158946
16,BMW,2015,97551.95728161151,Electric,Automatic,3.7631388832736015,White,0.0,30868.65033845461
17,Kia,2011,21561.02106885214,Hybrid,Automatic,3.192037121608254,White,3.0,3000.0
18,BMW,2023,49805.874046657016,Diesel,Automatic,3.7499749825427102,Silver,0.0,43446.41186020545
19,Hyundai,2011,146709.6071137162,Gasoline,Automatic,1.7392860757548136,Silver,0.0,3000.0
20,Kia,2023,179886.6948924746,Electric,Manual,2.0302863458837916,White,0.0,10705.683057826089
21,Kia,2016,37768.551298870574,Diesel,Manual,3.0312519089821977,White,1.0,14404.038764052244
22,Toyota,2016,192113.34594591308,Hybrid,Automatic,2.4673400206421485,Black,0.0,7816.880855170701
23,Hyundai,2010,39926.107730349904,Electric,Automatic,1.5497575654340592,Red,0.0,3000.0
24,Hyundai,2015,124974.51222654186,Hybrid,Automatic,3.257696988026847,Red,0.0,4212.335737207079
25,Hyundai,2018,132041.64249739205,Electric,Manual,2.0275088009109017,White,3.0,3000.0
26,Kia,2012,136311.3015836786,Hybrid,Manual,3.6971093837252225,White,1.0,5469.830617904792
27,Hyundai,2014,153017.31069800296,Hybrid,Automatic,3.2037921496931343,Silver,1.0,3000.0
28,Mercedes,2010,113468.26700251164,Electric,Automatic,2.005480924397109,Blue,0.0,22032.490083485794
29,BMW,2020,10343.892408249721,Electric,Automatic,2.4598641994525936,Black,0.0,39074.20635648386
30,Hyundai,2014,108307.41457565651,Electric,Automatic,3.8188133514280604,Blue,0.0,4085.52683525031
31,Hyundai,2016,167435.02118934115,Hybrid,Manual,2.7556174076635025,Red,0.0,6759.353403383647
32,BMW,2023,117422.41220345844,Gasoline,Automatic,3.2656196900152996,Silver,1.0,38851.95206004742
33,Toyota,2023,35580.66998172847,Electric,Automatic,3.8724992037234105,Silver,0.0,32897.99955098306
34,Mercedes,2011,45090.58641769453,Electric,Automatic,3.3289650152072623,Silver,3.0,23508.060685827095
35,Toyota,2023,101720.44826816708,Gasoline,Automatic,1.1244904744635096,Red,2.0,15968.734826021493
36,BMW,2012,28764.182206641384,Diesel,Automatic,1.7691068796884648,Red,1.0,14631.198127563319
37,Toyota,2015,30112.151288634603,Diesel,Manual,1.837209660887439,Black,1.0,11306.244676610157
38,BMW,2021,117247.43370336996,Diesel,Manual,2.583365967453355,Silver,1.0,37631.66663092973
39,Kia,2016,190805.34266134593,Hybrid,Manual,2.084180619883729,Silver,1.0,3617.574414441343
40,Toyota,2016,52440.39092765751,Electric,Automatic,2.8458567966373387,Blue,2.0,10120.022821497569
41,Kia,2013,96120.88242798217,Gasoline,Manual,3.764144765684188,Blue,0.0,5507.236597652941
42,Mercedes,2021,68022.60340222002,Hybrid,Automatic,3.218213832845558,Silver,,43102.282837264196
43,Kia,2011,148231.0382924928,Hybrid,Automatic,1.0152814610037826,White,0.0,3000.0
44,Toyota,2014,109438.90739334348,Gasoline,Manual,3.8423704047994596,Silver,0.0,17784.524088211656
45,BMW,2015,121470.18350328966,Electric,Automatic,1.5529230941003722,White,1.0,18225.290647705602
46,BMW,2017,108725.994347204,Electric,Automatic,2.0593495623857114,Blue,2.0,20811.13415061572
47,Hyundai,2020,163355.80535975634,Hybrid,Automatic,1.200573115850087,Black,2.0,7201.830776920206
48,Mercedes,2016,40255.98806575107,Gasoline,Manual,1.5231743470686743,Red,1.0,28705.58911552202
49,Mercedes,2021,170960.75426347944,Gasoline,Automatic,3.828092389448778,Black,2.0,39201.54290350473
50,Toyota,2021,,Hybrid,Manual,2.781367235808868,Black,2.0,20059.40739318957
51,Toyota,2011,122815.94284732128,Gasoline,Automatic,1.7012813190744263,White,0.0,6326.705379657429
52,Kia,2022,101631.91925488017,Electric,Automatic,1.5618153121781135,Blue,0.0,9471.976703840712
53,BMW,2016,80824.68207336358,Electric,Manual,3.5690237626543557,Silver,1.0,30570.980400273875
54,BMW,2022,108090.54977538016,Electric,Automatic,1.3760813050656755,Silver,3.0,31304.699065881177
55,BMW,2016,55807.73732976984,Gasoline,Automatic,2.044458384285823,Red,0.0,34297.53757658751
56,BMW,2014,83292.0537169807,Hybrid,Manual,2.182376529813159,Silver,1.0,23732.132982137227
57,Kia,2022,11983.03318098737,Electric,Automatic,1.2235158951183662,White,0.0,12074.327022392605
58,Kia,2014,199502.28748882172,Diesel,Manual,2.237504754278148,Blue,0.0,3000.0
59,Hyundai,2011,22632.923222627513,Hybrid,Automatic,3.353961750586441,Red,0.0,3903.673560143973
60,Hyundai,2015,166615.37768216679,Gasoline,Automatic,3.3431615829317365,Black,1.0,7913.91277561895
61,Hyundai,2010,74103.08652440707,Electric,Automatic,1.5733830232941086,Red,2.0,3000.0
62,Mercedes,2016,148442.581283296,Diesel,Automatic,3.274819467684151,Silver,0.0,35756.437287221655
63,Kia,2022,71681.16006007163,Electric,Automatic,1.8244051597307975,Blue,1.0,12705.710309626762
64,Hyundai,2022,189876.52184331664,Electric,Automatic,3.1707292457099268,Silver,0.0,16850.64537251205
65,Kia,2021,33737.49734525202,Electric,Automatic,3.115330640284169,Black,0.0,17539.006040349326
66,Toyota,2019,74040.2111351116,Diesel,Automatic,3.5195031334487585,Silver,2.0,16499.302178350386
67,Hyundai,2014,195904.83571404818,Hybrid,Automatic,3.9637417560882193,Silver,1.0,3000.0
68,BMW,2017,37656.88699250147,Hybrid,Automatic,1.289113297715907,Red,0.0,27534.067596484132
69,Mercedes,2021,112222.56518728803,Gasoline,Automatic,1.766450043104649,Silver,0.0,39912.19753287204
70,BMW,2019,,Electric,Automatic,2.8608292129640724,Blue,0.0,37735.02992743268
71,Toyota,2013,177512.16435937915,Diesel,Manual,2.6338379826023957,Silver,0.0,6742.213412896067
72,Hyundai,2014,54786.62253075864,Electric,Automatic,3.5013858312792063,Red,0.0,8868.839753062302
73,BMW,2013,85146.13881677635,Electric,Automatic,1.3044160909255926,Blue,0.0,18171.301231398476
74,Kia,2018,81795.07709253978,Diesel,Automatic,2.4644171161178767,Silver,0.0,9127.740758303626
75,Kia,2019,,Gasoline,Automatic,2.0478875876488645,Red,3.0,8593.030247058485
76,Kia,2021,140889.1896532932,Diesel,Automatic,1.2193579012432618,Black,0.0,10762.135799876976
77,Mercedes,2012,111908.39249771791,Gasoline,Automatic,3.2371781390143988,Silver,0.0,28311.64280950753
78,BMW,2010,51340.97541225226,Diesel,Automatic,2.4096104208427835,Silver,0.0,22657.847062413843
79,BMW,2023,181426.93029599116,Diesel,Automatic,1.2044218577186598,Blue,0.0,36240.01342440962
80,BMW,2014,85752.3777710793,Diesel,Automatic,1.0239237924785307,Blue,1.0,20500.64488500045
81,Kia,2020,97993.61362155185,Gasoline,Automatic,1.0709708529074415,Blue,0.0,10180.722505335587
82,Hyundai,2014,95695.13493810296,Diesel,Automatic,2.1813834095738844,Black,0.0,3000.0
83,Kia,2023,18407.228818981534,Hybrid,Manual,3.7186423345173374,Silver,0.0,25363.242979452756
84,Toyota,2020,21096.83915379159,Electric,Manual,1.7589888056118923,Red,0.0,18677.963414188656
85,Hyundai,2018,163532.98714709672,Diesel,Automatic,1.399473087100001,Silver,0.0,5003.904308410309
86,BMW,2010,161382.29291462473,Gasoline,Automatic,2.742332841119364,White,0.0,20234.773206830032
87,Hyundai,2023,149820.84266306434,Electric,Automatic,2.4196184894162114,Blue,0.0,15599.89974830253
88,Kia,2020,162536.91504819616,Electric,Automatic,3.1250881479396506,Silver,2.0,5713.03055265021
89,Hyundai,2023,55526.30676564292,Hybrid,Manual,2.113778351165676,Blue,,21607.969442554306
90,Toyota,2022,188302.79670905342,Diesel,Automatic,1.7143979478970977,Black,1.0,15170.12079654031
91,Hyundai,2018,14002.842491079768,Diesel,Manual,3.2479566937134177,Silver,2.0,9223.71381324895
92,BMW,2014,111531.95769361901,Diesel,Automatic,2.480993803376403,Blue,0.0,24224.730777392448
93,Toyota,2011,113899.12212833135,Gasoline,Automatic,3.4900696418359507,Black,0.0,8681.71411245808
94,BMW,2019,91477.93300485366,Electric,Manual,1.1074008906580164,Red,0.0,25551.71828231275
95,Kia,2020,144428.4251210921,Electric,Automatic,1.31533005032058,White,0.0,6953.165291962658
96,Hyundai,2010,67621.0269943398,Electric,Automatic,2.1554725341253205,Red,1.0,3000.0
97,BMW,2015,70461.55614697254,Diesel,Manual,1.985839182625737,Blue,0.0,19375.78505349884
98,Hyundai,2010,20979.750374090472,Hybrid,Automatic,1.1434806029525868,White,1.0,3000.0
99,Toyota,2021,198948.5331570661,Electric,Automatic,1.8131854344644278,White,1.0,17928.912957060842
100,Hyundai,2012,129973.82807948269,Diesel,Automatic,2.4419041095715524,White,2.0,3000.0
101,Mercedes,2018,109070.76348643866,Hybrid,Automatic,3.123844695157274,Black,0.0,37850.00280416241
102,BMW,2015,20437.795908825137,Electric,Automatic,1.7324184863502707,White,1.0,24918.67609877817
103,Mercedes,2023,60507.69311755978,Diesel,Automatic,3.420079558342473,White,1.0,42217.84090161768
104,Hyundai,2019,114415.38342253512,Gasoline,Automatic,3.5550928889333804,Black,0.0,16350.578593718588
105,Mercedes,2019,146895.53778896385,Hybrid,Manual,1.7754051573926455,Black,0.0,31048.533135059228
106,Toyota,2022,116086.58437991508,Gasoline,Automatic,2.2101278982811015,Silver,1.0,12553.18025245989
107,BMW,2015,192915.29114903495,Hybrid,Automatic,3.8965940486963513,Red,0.0,27225.43470238024
108,Hyundai,2011,55609.97761760789,Electric,Automatic,2.8232781190238487,Silver,0.0,3000.0
109,Mercedes,2018,167747.30575305579,Gasoline,Automatic,2.273627058061951,Black,1.0,35770.13157743021
110,BMW,2013,144527.91111739888,Electric,Automatic,2.9977599609142525,White,1.0,19190.07209014827
111,BMW,2018,16954.48284235241,Gasoline,Automatic,2.1846112694878426,Red,0.0,31410.734191108306
112,Hyundai,2013,73540.84512483045,Diesel,Automatic,3.9748363952992793,Red,3.0,3000.0
113,Hyundai,2020,199629.88680865525,Gasoline,Automatic,1.0930883687835051,Red,0.0,4541.367416505005
114,BMW,2013,33420.57127670425,Gasoline,Manual,1.412748806555373,Black,1.0,17142.742671231703
115,BMW,2015,32902.928394118884,Diesel,Manual,3.3193285041027254,Black,3.0,22408.830510785425
116,Kia,2020,118145.92722716501,Gasoline,Automatic,3.4405573330460855,Black,0.0,15509.924071804246
117,Toyota,2016,154021.39825722395,Electric,Automatic,2.6043106841651755,Black,1.0,6704.930916767744
118,BMW,2022,10342.822965829213,Diesel,Automatic,1.8839617040753716,White,0.0,44187.86094787697
119,Kia,2015,55888.12599216978,Diesel,Automatic,3.128085452298034,Red,0.0,7758.9439646897135
120,Hyundai,2010,94826.2499644425,Hybrid,Automatic,1.5410836337687095,Silver,0.0,3013.7850130583583
121,Kia,2017,138110.63974622078,Gasoline,Automatic,1.7159366633563327,Blue,1.0,3000.0
122,Toyota,2010,67794.09326902326,Diesel,Automatic,3.371215779090482,Blue,1.0,3000.0
123,Hyundai,2016,107743.1586342663,Hybrid,Automatic,3.0860486536687204,Red,1.0,8551.898408393537
124,Toyota,2011,85056.4028357521,Diesel,Manual,2.627967639432906,Black,0.0,3951.2446948638594
125,Hyundai,2016,106779.01484422134,Diesel,Automatic,1.5154373968956762,Red,0.0,3000.0
126,Toyota,2012,137184.00443446424,Gasoline,Automatic,3.5271579789709775,Blue,0.0,3466.013429659347
127,Toyota,2021,140478.4187766195,Hybrid,Automatic,1.2152396892935684,White,0.0,13990.963006349508
128,Kia,2020,43177.34782601402,Electric,Automatic,2.973617774106818,Red,1.0,17522.335517331398
129,Hyundai,2013,78431.60334788961,Gasoline,Automatic,3.2468493066880377,Silver,0.0,6415.329477549469
130,BMW,2015,59367.940207296306,Gasoline,Automatic,1.8707069541230774,Silver,0.0,24973.674531229553
131,Hyundai,2014,74046.36312561332,Diesel,Automatic,3.316576846782392,Blue,,3000.0
132,Mercedes,2011,73923.06395464286,Electric,Manual,1.0794603184799905,Blue,1.0,23861.18214165772
133,Toyota,2023,13057.715772170239,Diesel,Automatic,3.802213905481148,Black,0.0,28885.971590788507
134,Toyota,2021,166636.02555073064,Hybrid,Automatic,2.1412009560805907,Red,0.0,14124.938883559344
135,Toyota,2023,86272.12660896288,Electric,Automatic,3.5159501358445344,Red,1.0,23730.862612864566
136,Hyundai,2011,180517.98353476322,Hybrid,Automatic,1.956364797982857,Red,1.0,3000.0
137,Mercedes,2010,132941.02549090958,Diesel,Automatic,3.1207003949598695,Red,3.0,16817.97950178257
138,Mercedes,2021,184480.43691998595,Gasoline,Automatic,2.7040469543954284,Red,0.0,31452.39225135141
139,Kia,2012,185804.0110731131,Gasoline,Automatic,2.34591100608331,White,1.0,3000.0
140,Mercedes,2011,,Gasoline,Automatic,3.9749370395443293,Black,0.0,34044.44278667947
141,BMW,2013,92651.26074932194,Diesel,Automatic,3.3929495636948275,Blue,1.0,22315.898190007953
142,Toyota,2014,50500.24838217356,Gasoline,Automatic,1.3883303622795506,Blue,1.0,4088.505130463213
143,Toyota,2021,69589.14731218721,Gasoline,Automatic,3.928086843547155,Silver,1.0,25797.624226665226
144,Kia,2013,36908.02010974637,Electric,Automatic,2.407633089059318,Red,0.0,5871.09312733439
145,Hyundai,2010,,Diesel,Manual,2.9107620298039607,Blue,1.0,3000.0
146,Mercedes,2011,76624.39443444509,Hybrid,Manual,1.3547500639481855,Black,0.0,20844.310845125445
147,BMW,2022,152873.27454676747,Hybrid,Automatic,3.9622530620981355,Silver,0.0,34707.86184113714
148,BMW,2012,184295.885473237,Gasoline,Automatic,2.429072030129644,Black,,15358.341279048944
149,Toyota,2016,110450.81736669654,Hybrid,Manual,2.3813524034311024,Blue,2.0,6769.447167182763
150,Toyota,2014,27304.178162776832,Electric,Manual,1.8984473129499568,Silver,1.0,13358.50063451209
151,Mercedes,2011,89748.81696483979,Diesel,Automatic,2.1602154034335976,White,1.0,24192.712183705695
152,Kia,2019,143084.48275999757,Diesel,Automatic,3.2947351012759984,Silver,0.0,15526.412738615481
153,Toyota,2023,93050.63415116118,Electric,Automatic,1.2796703033785513,Blue,0.0,16744.554884919013
154,BMW,2016,47114.05844247261,Hybrid,Automatic,1.8351430500188575,Red,1.0,26246.33883291995
155,Kia,2012,149964.53166678813,Electric,Automatic,2.0286225778626266,White,1.0,3000.0
156,Kia,2016,160483.23453925396,Electric,Automatic,1.7533352777015356,White,2.0,3000.0
157,Kia,2015,151501.76092806706,Gasoline,Automatic,1.6410946493015293,Black,0.0,3000.0
158,BMW,2020,113993.98974279547,Hybrid,Manual,3.9965355984487574,Black,1.0,29537.348869330937
159,Mercedes,2015,128272.73130913329,Electric,Automatic,3.448533422457829,White,1.0,34616.060636054855
160,Kia,2020,135511.19175820213,Hybrid,Automatic,1.654245629675084,White,0.0,3825.5314544508365
161,Toyota,2023,184746.9991770678,Hybrid,Automatic,3.6877138570166914,Red,0.0,24312.157864272132
162,Toyota,2023,35792.91522900947,Diesel,Manual,2.182484267500611,Red,0.0,25886.9801139371
163,BMW,2011,115713.89234454981,Diesel,Automatic,1.2389859629787876,Blue,0.0,19498.355520905723
164,Mercedes,2012,101233.43809185253,Electric,Automatic,2.7854145430945314,Red,0.0,32284.998470333718
165,Hyundai,2019,48812.469968901016,Hybrid,Manual,2.592566377207304,Blue,0.0,15767.089407251246
166,Mercedes,2020,198511.37172291445,Electric,Manual,2.3736527402021768,Red,0.0,36183.41741316005
167,Toyota,2023,159699.480575209,Gasoline,Automatic,1.5456257874961858,Black,0.0,23021.870260443604
168,Toyota,2013,59724.90453116209,Diesel,Automatic,3.2823352381417235,Blue,0.0,10329.953576026834
169,BMW,2019,159998.16817834167,Diesel,Automatic,2.556309532631397,Silver,0.0,28492.199962387233
170,Kia,2013,53360.128232113966,Hybrid,Automatic,3.463543034625942,Red,0.0,6456.951296502915
171,Mercedes,2015,59658.59686886808,Diesel,Manual,1.5760342482535918,Blue,1.0,24987.532929141362
172,Toyota,2013,178449.17278359842,Hybrid,Automatic,3.9273757042494433,Blue,0.0,7636.0926240496065
173,Mercedes,2017,181012.74170697818,Hybrid,Automatic,3.0206773834225706,Blue,,34480.223767371965
174,Hyundai,2017,163822.91398240582,Gasoline,Automatic,2.467753743987047,Blue,0.0,6810.265108519441
175,Toyota,2017,199011.38297844998,Gasoline,Automatic,3.2672093297093907,Blue,0.0,11520.612779733088
176,Toyota,2010,26508.0525210546,Diesel,Automatic,2.7917127192957496,Red,2.0,3000.0
177,Mercedes,2015,109804.37645911732,Electric,Automatic,2.2706187783777083,Silver,0.0,31177.927694094593
178,BMW,2018,95515.23482802056,Gasoline,Automatic,3.3319230569357194,Red,0.0,31538.93915321364
179,Hyundai,2011,122403.687919757,Diesel,Manual,2.0095159972458765,Silver,0.0,3000.0
180,Toyota,2019,124011.32612152821,Gasoline,Automatic,1.0767483931726143,Blue,0.0,11665.004326100117
181,Toyota,2021,127791.20937945654,Diesel,Automatic,3.3757076782305075,Blue,0.0,24061.33402703737
182,Toyota,2012,65453.10348702827,Hybrid,Automatic,1.8982829209962964,Blue,0.0,6388.404158006097
183,Toyota,2018,14880.259750254765,Electric,Automatic,2.828563744479599,Black,3.0,7370.740446599089
184,Kia,2019,,Gasoline,Automatic,3.6795568781618275,Red,0.0,17195.265184336356
185,Hyundai,2012,144614.3689987143,Diesel,Manual,1.77860689017004,Silver,,3000.0
186,Hyundai,2014,78589.35017383007,Gasoline,Automatic,3.681624650499259,Red,0.0,5243.477712783526
187,Kia,2021,107611.94126997245,Diesel,Automatic,1.5399488678744286,Blue,0.0,9649.327627738532
188,Hyundai,2014,197352.79971351157,Diesel,Manual,1.7481904287983712,Silver,0.0,3000.0
189,Mercedes,2023,146566.0999618946,Gasoline,Automatic,2.6794363755478185,Black,1.0,38051.73170062677
190,Kia,2020,184733.0007900444,Hybrid,Automatic,2.6005117673281894,Blue,2.0,3000.0
191,Kia,2020,79394.66904134555,Diesel,Automatic,3.6461326245956007,Blue,0.0,18739.27913995562
192,Kia,2010,113678.92469493646,Electric,Automatic,1.712073760851906,White,0.0,3000.0
193,Toyota,2020,47110.15853379876,Diesel,Automatic,3.8794416563511454,Red,0.0,26883.40431605433
194,Hyundai,2015,86459.3500470641,Hybrid,Manual,2.7463923771026346,Red,0.0,6711.727568216013
195,Mercedes,2021,51266.26984377256,Electric,Manual,2.8870731002481262,Silver,0.0,46124.84433914535
196,Kia,2019,110594.81061608139,Diesel,Automatic,1.0408285523470906,White,0.0,3000.0
197,BMW,2017,118795.74320685472,Diesel,Automatic,3.9888601318215353,Blue,0.0,34142.091163976445
198,Mercedes,2013,39493.9392091631,Electric,Manual,2.041841921389593,Silver,0.0,31409.42550293479
199,BMW,2014,173825.2157155557,Gasoline,Manual,2.453502376730226,White,0.0,19378.27575893713
200,Kia,2022,43689.58564075214,Electric,Automatic,1.1310071032056745,Silver,1.0,9794.826511766125
201,BMW,2020,89428.73419015438,Gasoline,Automatic,2.420340909074919,White,0.0,29547.766195801414
202,Kia,2011,36795.35816178737,Gasoline,Automatic,1.270755970210202,Blue,0.0,3000.0
203,Toyota,2010,41553.5732809177,Electric,Manual,3.8987284761073324,Blue,0.0,6814.2864045537135
204,Mercedes,2012,100233.2994694201,Electric,Automatic,3.5237183154564096,Blue,3.0,23571.845103062
205,Kia,2015,123472.91628281523,Hybrid,Automatic,3.1463197724775522,White,0.0,4884.024518112479
206,Mercedes,2011,19444.25846407447,Gasoline,Automatic,2.6167112456156136,Red,0.0,24945.94701336134
207,Hyundai,2018,30222.545298244786,Diesel,Manual,3.3737490017937755,Silver,1.0,12278.092745314778
208,Kia,2016,71175.7392563106,Gasoline,Manual,1.5204371761583417,Black,1.0,3377.1977162258645
209,Toyota,2018,20496.673076302653,Gasoline,Automatic,1.3520275034041167,Black,0.0,14735.776296071273
210,Toyota,2021,140087.581831152,Gasoline,Automatic,1.0558483481791034,Blue,0.0,10534.502372295612
211,Toyota,2015,181063.1772490028,Electric,Automatic,2.5019814045311346,White,0.0,9739.556815609123
212,Hyundai,2019,143371.16167856392,Diesel,Manual,3.0621882940726732,Red,0.0,13407.531161748619
213,Kia,2015,120734.2999237493,Gasoline,Automatic,1.9699361251495442,Silver,0.0,5999.2460239682205
214,BMW,2012,189375.55045828226,Diesel,Automatic,1.0710601945196696,Silver,,7197.84453241237
215,BMW,2015,80566.2417219783,Hybrid,Automatic,1.2006632915267141,Red,2.0,21833.105694620786
216,Mercedes,2021,8376.038568953052,Diesel,Automatic,1.4683122817923864,Silver,0.0,37258.65038844144
217,Toyota,2010,21284.782828871823,Gasoline,Automatic,2.346563542155317,White,0.0,3000.0
218,Toyota,2015,182702.29877596698,Gasoline,Automatic,2.2914509873791142,Black,,9671.958726308156
219,BMW,2010,194443.98550331418,Gasoline,Automatic,1.4093927466084548,Black,0.0,14243.900542897325
220,Hyundai,2018,16615.264560101466,Gasoline,Automatic,3.4387331830302577,Red,,18443.86398976057
221,Kia,2011,184164.3515574704,Gasoline,Automatic,2.9412935524775516,White,0.0,3000.0
222,BMW,2010,36901.469485108784,Diesel,Manual,2.392115281846511,Red,,17703.692796259773
223,Mercedes,2015,76436.09240989291,Gasoline,Automatic,3.1829743109965385,Red,0.0,32092.62103923032
224,Kia,2015,151935.1880942346,Gasoline,Automatic,3.904101582595934,Red,0.0,7218.573825896259
225,BMW,2018,82503.74031430538,Electric,Automatic,1.1749073582919212,Blue,2.0,25580.704438263427
226,BMW,2022,156382.84418704634,Electric,Automatic,3.983680017807991,Black,,36162.39332320625
227,Mercedes,2018,137248.7932864438,Hybrid,Manual,3.9502996928809555,Red,1.0,37859.76552389817
228,BMW,2018,186744.14674842425,Diesel,Automatic,1.4068091489585237,Black,0.0,25467.132985399072
229,BMW,2011,90807.49376140545,Diesel,Automatic,3.699999301101805,Blue,1.0,20513.43401078686
230,Mercedes,2012,105326.94503183443,Diesel,Automatic,3.1915752319610013,White,0.0,30716.332604849667
231,Mercedes,2019,155241.42122289518,Hybrid,Automatic,1.6233088865001162,Red,3.0,30308.973365983133
232,Toyota,2010,194482.4945158026,Hybrid,Automatic,3.417929289172325,Silver,0.0,6742.165323228721
233,BMW,2018,75453.09220094139,Gasoline,Automatic,1.414762604956362,Black,0.0,27494.34543525975
234,Toyota,2014,187689.27337320827,Electric,Manual,1.4426653137234404,Silver,0.0,5171.828780462098
235,Mercedes,2011,138867.89954312742,Electric,Manual,1.4710270489323052,Black,0.0,19939.09395663633
236,BMW,2014,180948.8087859244,Hybrid,Automatic,3.107634165212345,Silver,1.0,20972.10303167636
237,BMW,2013,57512.364932302116,Diesel,Automatic,1.0564568799218617,Silver,0.0,19218.708355959425
238,Kia,2015,144813.8312180664,Electric,Automatic,2.530496950218094,Black,0.0,3000.0
239,Hyundai,2014,87823.21196999408,Electric,Manual,2.293158344932587,Black,0.0,3000.0
240,BMW,2014,85975.74356981045,Hybrid,Automatic,1.5232621554001258,White,0.0,19119.396751523753
241,Mercedes,2022,36568.67303871416,Gasoline,Automatic,1.2440248025559622,Blue,3.0,34941.42004610018
242,Toyota,2017,61424.10761306493,Hybrid,Automatic,2.063669075285858,Black,1.0,14389.84005632607
243,Kia,2013,160326.1850093704,Diesel,Automatic,1.9933493668135223,Silver,1.0,3000.0
244,BMW,2010,126625.2816562039,Gasoline,Automatic,3.9202792847049786,Blue,1.0,17722.11598692176
245,Toyota,2011,52667.27144129205,Electric,Automatic,1.5879512874937736,Red,1.0,3000.0
246,Kia,2012,162910.2440418902,Gasoline,Automatic,2.479757612758826,Blue,0.0,3000.0
247,Mercedes,2019,190360.93147388336,Hybrid,Automatic,2.4711829196320503,Black,0.0,34464.19918746713
248,Hyundai,2017,87696.64866454923,Gasoline,Manual,2.4698704440238615,Blue,0.0,9044.655416880529
249,Mercedes,2019,192460.0939241903,Hybrid,Automatic,3.8453055200279835,Blue,3.0,36752.49499615788
250,Mercedes,2018,46371.965350126964,Electric,Automatic,2.0993690596608703,Blue,1.0,30237.06213188878
251,Hyundai,2012,15303.127806136636,Electric,Manual,1.2633515937057669,Black,1.0,3000.0
252,Hyundai,2018,13163.939183114402,Hybrid,Automatic,1.2435334051490208,Black,0.0,6824.041089582684
253,BMW,2012,131046.03078316279,Electric,Automatic,3.552614691890354,Black,0.0,22536.111511703104
254,BMW,2014,138882.58046358667,Diesel,Automatic,2.715269899402775,Red,0.0,28117.077354081175
255,Hyundai,2012,127397.6787467249,Diesel,Automatic,1.621093396153782,Black,1.0,3000.0
256,Hyundai,2019,168313.0365049051,Diesel,Automatic,3.563597168555682,Red,1.0,10712.390611360112
257,BMW,2013,137705.97145929773,Gasoline,Automatic,3.3198645712340396,Red,,27580.646271877005
258,Hyundai,2013,151818.33125479612,Electric,Automatic,2.12563507664363,White,0.0,3000.0
259,BMW,2019,112848.21830736073,Diesel,Automatic,2.548956001379206,Blue,0.0,30360.79457402417
260,Mercedes,2020,51499.814252129,Hybrid,Automatic,2.911012136594671,Blue,3.0,35654.63285263839
261,Toyota,2016,31275.862142073398,Electric,Automatic,1.6934678715131253,Silver,0.0,8498.378569615588
262,Hyundai,2014,191601.27627504017,Hybrid,Automatic,2.94067717156668,Silver,0.0,3000.0
263,Mercedes,2013,54496.90153222948,Diesel,Automatic,2.8151601013936345,White,1.0,33078.5119008221
264,BMW,2015,54627.19830591171,Electric,Automatic,2.1334581498985266,White,0.0,27715.220873497434
265,BMW,2019,182843.43383194378,Diesel,Manual,2.812699857108991,Blue,0.0,32529.071457513743
266,Hyundai,2020,,Diesel,Automatic,1.8797829525732301,Black,0.0,7966.818398994641
267,Hyundai,2012,,Gasoline,Automatic,2.7007854295868077,Silver,2.0,3000.0
268,Toyota,2016,199336.3706185717,Diesel,Manual,2.7365786640865335,Black,0.0,14501.898727122818
269,Mercedes,2014,39605.09710666788,Gasoline,Automatic,3.951077374492337,Silver,0.0,32963.178565100556
270,Mercedes,2012,91162.23347726335,Diesel,Automatic,1.336293649807173,Blue,0.0,24002.83444083981
271,Mercedes,2012,35096.80137905491,Gasoline,Automatic,1.2246296310872977,White,0.0,27810.45989138053
272,Kia,2021,,Hybrid,Automatic,1.8659967146690568,White,1.0,7344.0779945208205
273,Toyota,2012,199042.94494756506,Gasoline,Automatic,1.9151368796728,Black,0.0,3000.0
274,Toyota,2022,71618.4123896373,Electric,Automatic,3.898281096776625,Blue,1.0,22388.04475878757
275,BMW,2013,92684.81760673647,Diesel,Manual,3.9963907993105465,Black,1.0,25598.772241431587
276,Hyundai,2016,197149.04649268632,Diesel,Manual,3.1605064906584346,Red,0.0,6124.256802333031
277,BMW,2010,,Gasoline,Automatic,1.4227865385862994,Blue,2.0,10955.006558087805
278,BMW,2014,139344.4096468599,Hybrid,Automatic,2.709902931376903,Silver,1.0,22593.135641530433
279,BMW,2016,114052.51560098304,Hybrid,Automatic,3.625306324865453,Blue,0.0,29331.771261419668
280,Toyota,2013,169511.00835233644,Hybrid,Manual,2.3903442616581483,Silver,0.0,4673.911417483196
281,Mercedes,2019,101361.17369267704,Hybrid,Manual,2.638570521276919,White,0.0,40747.34058033607
282,Toyota,2011,106995.06474960045,Gasoline,Automatic,2.767170528202823,Black,0.0,6031.223936383185
283,BMW,2021,84270.23379856441,Diesel,Automatic,2.992272688883707,Red,2.0,34567.05781410287
284,Toyota,2021,,Diesel,Automatic,2.886333851895686,Red,1.0,18436.37733989269
285,Toyota,2020,133019.61456513236,Hybrid,Manual,2.5208993714513497,White,0.0,15591.311714869053
286,Toyota,2017,165397.14318145753,Hybrid,Automatic,2.055852739992944,White,1.0,8618.274736221618
287,Kia,2010,92339.05635707403,Hybrid,Automatic,2.1296171488766857,Silver,0.0,3000.0
288,Toyota,2015,48792.89333145631,Electric,Automatic,1.9851925950825953,Red,3.0,5084.65712374525
289,Kia,2015,86008.01731767494,Hybrid,Automatic,3.335926320130921,Silver,0.0,10990.076035193966
290,Mercedes,2013,177624.27032900497,Diesel,Automatic,2.40636538287042,Silver,0.0,21703.49669600804
291,Kia,2013,137264.80699761564,Diesel,Automatic,1.315355920134777,Silver,0.0,3000.0
292,Kia,2016,163649.07342003446,Diesel,Automatic,1.8529374515345123,Red,1.0,3022.757847678905
293,Mercedes,2019,131336.15309410536,Diesel,Automatic,1.565384184685747,Red,0.0,32338.872225103558
294,BMW,2020,163485.58222338062,Hybrid,Automatic,1.2544177069561133,Silver,1.0,22922.16999495251
295,BMW,2012,108400.66033739335,Gasoline,Automatic,1.936810257456289,Silver,1.0,13285.531346395506
296,Hyundai,2022,24460.871944997583,Hybrid,Automatic,1.1163387319468503,Black,0.0,13392.588649936899
297,BMW,2015,106136.82628906396,Electric,Automatic,2.0581400901574387,White,0.0,24735.982732301938
298,Mercedes,2021,199076.61596641046,Gasoline,Automatic,1.0300865424965866,White,2.0,30912.929582229237
299,BMW,2012,22774.624826820367,Diesel,Automatic,2.8546614261349026,Black,0.0,28041.91901786881
300,Hyundai,2013,181146.77987983075,Hybrid,Automatic,2.0500459336839545,Red,0.0,3000.0
301,Toyota,2016,,Hybrid,Automatic,1.0085139330702155,Red,1.0,8042.884658185304
302,Kia,2021,22709.075031003544,Diesel,Manual,3.4425869194726206,White,0.0,20055.1352154751
303,Hyundai,2018,109363.46892496564,Electric,Automatic,1.2751090161526455,Black,1.0,4508.607497166557
304,Kia,2021,191592.09826260057,Diesel,Manual,2.2385401916773047,Blue,0.0,14930.588278148734
305,BMW,2012,110110.41151116036,Electric,Automatic,1.0435520950657018,Black,0.0,7350.200079395487
306,Hyundai,2021,88628.78843255695,Gasoline,Automatic,3.5648454212555425,Red,0.0,12756.105606938936
307,BMW,2013,8806.712227859274,Diesel,Manual,1.7842508833486477,Red,0.0,22606.35917370641
308,Kia,2011,197512.5301951521,Gasoline,Automatic,3.1484000318080367,Silver,1.0,3000.0
309,Hyundai,2020,47593.93920502175,Electric,Automatic,1.5491513901818228,Black,1.0,15765.556825472682
310,Hyundai,2015,195423.43406040786,Diesel,Manual,3.8656764497696408,Blue,0.0,7143.2615539254575
311,Toyota,2014,56517.34974373544,Gasoline,Automatic,3.4529151153492594,Silver,0.0,14910.126489188382
312,Kia,2012,89920.2303482022,Diesel,Automatic,1.1722102063773396,White,1.0,3000.0
313,Toyota,2020,13812.426009504255,Diesel,Automatic,1.2931320046543022,Red,0.0,20100.20223429309
314,BMW,2012,102623.20601501147,Diesel,Automatic,1.409350921751657,White,0.0,16004.888625518914
315,Hyundai,2023,,Electric,Automatic,2.538959661914612,Silver,2.0,16587.47892299382
316,Kia,2023,150949.978433954,Gasoline,Automatic,3.825613215900996,Silver,,11778.641345126254
317,BMW,2011,117810.28579544593,Electric,Automatic,2.779334429329885,Black,0.0,18516.114308671345
318,Hyundai,2015,24642.492904929146,Diesel,Automatic,1.7674501777903628,Red,3.0,3000.0
319,Mercedes,2023,120510.3036979851,Electric,Automatic,2.4141980340316302,Silver,0.0,40343.061467184714
320,Hyundai,2023,156465.12412228956,Hybrid,Manual,1.6581618484063418,Silver,1.0,11076.321310715753
321,Kia,2014,91073.44159913588,Diesel,Automatic,3.8392447209588294,Red,0.0,8578.071101298889
322,Toyota,2023,43434.22965993001,Gasoline,Automatic,3.7071622942825337,Silver,3.0,28233.957461037462
323,Toyota,2013,170016.51636260323,Gasoline,Automatic,3.8643167965077847,Red,2.0,9086.194844572292
324,Kia,2012,47781.421686407375,Diesel,Manual,3.920729854624004,Blue,1.0,5764.124290439135
325,Mercedes,2013,112864.96229128412,Hybrid,Automatic,1.323708561505854,Silver,3.0,12309.280505741346
326,Mercedes,2011,68560.99751322376,Hybrid,Automatic,3.867240438971276,Red,,27127.74741874021
327,BMW,2011,64443.04657216245,Gasoline,Automatic,2.854555195298444,Red,1.0,20341.11285009753
328,BMW,2016,40704.74261673934,Hybrid,Automatic,1.836357347071093,White,0.0,30942.197224921343
329,Hyundai,2012,128979.78378931337,Diesel,Automatic,2.4888070617737164,White,1.0,3000.0
330,BMW,2021,174547.86150050597,Diesel,Automatic,1.2580936936759421,Blue,1.0,28480.590505296565
331,Mercedes,2021,7442.968094199426,Hybrid,Automatic,1.8112845943556297,Silver,,34808.486480093816
332,Mercedes,2010,66941.31865604041,Diesel,Automatic,2.9750453937972408,Red,0.0,23263.040276740754
333,Toyota,2012,165000.18119899294,Gasoline,Automatic,1.8392223868657398,Silver,0.0,3000.0
334,BMW,2023,137398.0522678515,Gasoline,Automatic,2.002018219152039,Blue,1.0,27291.156179389975
335,Kia,2014,30570.10113410515,Diesel,Manual,3.0698107628451945,Blue,0.0,9098.004298499118
336,Kia,2012,82403.57060716704,Electric,Automatic,1.9594806647457288,Blue,0.0,3000.0
337,Mercedes,2014,,Electric,Automatic,1.0901925147443885,Silver,0.0,25048.128139463304
338,Mercedes,2014,126733.47719189075,Gasoline,Automatic,2.7541769701808,Black,1.0,22562.787360483882
339,Toyota,2016,,Diesel,Automatic,3.6952407633747675,Silver,0.0,13759.330188043774
340,Kia,2016,105636.84752233967,Electric,Automatic,3.46377000472566,Black,0.0,6654.087415583
341,Toyota,2021,52116.66334457668,Hybrid,Manual,2.098700933134558,White,0.0,18297.283732648437
342,Toyota,2014,23211.73016799879,Diesel,Automatic,1.5392092863784566,Silver,1.0,3000.0
343,BMW,2016,145213.58378633572,Hybrid,Automatic,1.4065911314135664,Red,0.0,24953.283469412272
344,Hyundai,2014,14048.881077891363,Gasoline,Automatic,2.001090104839003,Black,1.0,7166.083813422874
345,BMW,2015,66537.32770191671,Hybrid,Automatic,1.4070072775406128,Black,1.0,14304.699990991467
346,Mercedes,2010,59123.382925299185,Hybrid,Automatic,2.94516708661323,Red,1.0,20599.538483463486
347,BMW,2022,39329.89663605834,Gasoline,Automatic,3.9264805452116556,Blue,0.0,43660.451005401716
348,Kia,2011,113068.57366367012,Electric,Manual,1.1942481059265189,White,2.0,3000.0
349,Hyundai,2017,198285.75856336215,Hybrid,Automatic,2.0966987055572006,Red,1.0,3000.0
350,Mercedes,2014,176444.89218827113,Electric,Automatic,3.9653254792425314,Silver,1.0,27947.919472874026
351,Hyundai,2017,48168.07411401854,Diesel,Automatic,1.0627812780877735,Black,0.0,8021.910137824244
352,Toyota,2016,21686.252568984542,Electric,Automatic,1.1568763402987856,Red,2.0,3002.032467753226
353,Kia,2015,163219.6932819973,Hybrid,Automatic,2.0965389651630586,Blue,0.0,4061.7863512464796
354,Toyota,2011,139461.78937375254,Electric,Automatic,2.0399028478710126,Red,2.0,3000.0
355,BMW,2016,130131.64821572797,Gasoline,Automatic,3.339459277711213,Blue,0.0,28790.703476661598
356,Kia,2013,108851.70241963502,Diesel,Manual,2.1885296197480724,Blue,,5955.865385390627
357,Mercedes,2020,148034.83288318422,Hybrid,Automatic,2.135231113156717,Red,0.0,36179.575304354345
358,Mercedes,2019,105552.00448212781,Electric,Manual,2.8539061346791312,White,0.0,37942.83197003162
359,BMW,2015,105727.17485895044,Diesel,Automatic,3.1350686611667378,Black,1.0,24249.472356636605
360,BMW,2013,80589.97911644056,Electric,Automatic,3.9954665404467082,White,0.0,26865.34502941565
361,Mercedes,2014,163392.16571289283,Diesel,Automatic,2.1872037115786473,Silver,2.0,27290.69556671696
362,Mercedes,2014,34566.962425402446,Gasoline,Automatic,2.367267193795921,Blue,1.0,33120.70066317902
363,Toyota,2015,176782.4803664763,Electric,Automatic,1.2375126809777068,White,0.0,4364.784236579754
364,Hyundai,2011,131500.77865057747,Hybrid,Automatic,2.152404484173114,Red,0.0,4407.66588809416
365,Toyota,2012,122698.17376805368,Diesel,Automatic,1.3534280189242014,Blue,0.0,3000.0
366,BMW,2020,184653.0086292835,Diesel,Manual,2.8214879282193936,Black,0.0,33479.393262713624
367,BMW,2021,131156.18577396986,Diesel,Automatic,2.9621941182091818,White,0.0,36609.153023293075
368,Mercedes,2019,46157.011489438,Diesel,Automatic,3.5819549009251803,Black,0.0,39830.93789597856
369,Mercedes,2017,164031.0101687638,Gasoline,Automatic,1.3054192609435251,Blue,1.0,27688.801601964828
370,Kia,2012,188493.76084901197,Diesel,Automatic,2.2113563226028012,White,0.0,3000.0
371,Kia,2021,69981.09670449808,Diesel,Automatic,2.4978546857824235,Blue,0.0,18702.126884372876
372,Hyundai,2014,57079.980732236654,Electric,Automatic,2.941567609871645,Blue,1.0,5904.962099857579
373,Toyota,2023,135672.26221074673,Electric,Automatic,3.924153286712154,Blue,1.0,23732.993695908543
374,Toyota,2014,187542.63615692983,Gasoline,Manual,1.12277951785279,Black,0.0,3000.0
375,Mercedes,2020,62379.4923654987,Electric,Automatic,3.3545100970184487,Black,1.0,41414.55063481442
376,BMW,2016,72389.2391763096,Gasoline,Automatic,1.3322925916737427,Black,0.0,18432.8791029385
377,Kia,2021,18745.366467483025,Gasoline,Automatic,2.330854661356331,Black,0.0,18138.83557912895
378,Hyundai,2011,149473.16868114567,Electric,Automatic,2.019944849704053,Silver,0.0,3000.0
379,BMW,2023,164886.4811821915,Gasoline,Automatic,3.3746752717806316,Silver,,33773.261289542745
380,Mercedes,2015,50386.87997081448,Hybrid,Automatic,3.2065509166464667,Blue,3.0,26634.531793368064
381,Hyundai,2020,177632.46052732566,Electric,Automatic,3.5803061513868704,Red,0.0,15398.02217495617
382,Kia,2015,100272.52623637223,Electric,Automatic,3.587383263508462,Silver,0.0,6186.267235183137
383,Kia,2014,56498.564867572284,Hybrid,Automatic,2.0798954386311967,White,0.0,3000.0
384,Toyota,2015,120110.51619641542,Gasoline,Automatic,2.5978922073703212,Red,2.0,11872.123043560354
385,Kia,2022,117242.59696778048,Hybrid,Automatic,1.3004135297174773,Red,,6815.309628823394
386,Kia,2012,69961.3028251359,Electric,Automatic,2.243876182117113,Red,1.0,3000.0
387,Hyundai,2011,132789.7994268837,Diesel,Automatic,2.920533012146563,Blue,0.0,3000.0
388,Kia,2010,159907.9033186085,Electric,Manual,3.8510766427882412,White,1.0,3000.0
389,Toyota,2017,144511.7589096358,Diesel,Automatic,1.967933608195889,Silver,0.0,14545.953967118094
390,BMW,2019,77907.3774474617,Gasoline,Manual,3.6178750755490565,Blue,0.0,33557.33620336073
391,Kia,2011,164342.8802174495,Electric,Automatic,3.389666846780754,White,2.0,3000.0
392,Mercedes,2013,134639.5161874706,Diesel,Manual,2.550635064538495,White,0.0,30036.620544591424
393,Hyundai,2016,60377.90487406301,Diesel,Manual,1.3049915756736983,Black,1.0,3000.0
394,Kia,2022,173744.51250417985,Electric,Automatic,3.6500412836408134,White,,17034.96312262005
395,Hyundai,2012,10345.897462738147,Diesel,Automatic,1.3106006491642836,Blue,2.0,3000.0
396,Toyota,2017,130904.50211734764,Diesel,Manual,3.9907817505981322,Silver,3.0,6001.469142532993
397,Kia,2014,108753.77118021685,Electric,Automatic,2.849546183543064,Red,0.0,3000.0
398,Toyota,2016,136966.6467959047,Electric,Manual,3.0448738029164133,Blue,,3000.0
399,Kia,2021,107431.33738106386,Electric,Automatic,2.3356291314983073,White,1.0,3119.1798972240613
400,BMW,2011,192376.61721777607,Gasoline,Automatic,1.8687674517303954,Blue,3.0,9289.005376248118
401,Toyota,2010,71198.3196243073,Diesel,Automatic,2.469810900314118,Blue,2.0,3000.0
402,Mercedes,2022,59214.618993831915,Diesel,Automatic,3.469571124149491,Red,1.0,47124.876769555056
403,Hyundai,2019,58985.6222515501,Diesel,Manual,2.7854858512019693,Silver,2.0,10650.30228640837
404,BMW,2012,101198.50668883728,Hybrid,Manual,1.2120089141519759,Black,0.0,20416.437521922497
405,Kia,2016,134503.72452890925,Diesel,Automatic,2.826820192436375,Black,1.0,3000.0
406,BMW,2013,20684.64465393775,Hybrid,Automatic,1.187476468152886,Black,0.0,22939.22214919653
407,Mercedes,2017,183152.48475055525,Gasoline,Automatic,1.1800411929498669,Red,1.0,19789.269289605574
408,Hyundai,2012,56449.044596099884,Gasoline,Automatic,2.869361972693143,White,2.0,3000.0
409,Kia,2023,7488.626684116586,Gasoline,Manual,1.2124771607962104,Red,1.0,17443.33224618983
410,Hyundai,2019,185494.02574367466,Hybrid,Automatic,3.0713426738085925,Red,0.0,9462.251159103067
411,Kia,2010,51518.0652390992,Hybrid,Automatic,3.2101536782213858,Blue,0.0,3000.0
412,Toyota,2017,134171.52269954648,Gasoline,Automatic,1.32048856848292,Red,0.0,13146.56958397065
413,Hyundai,2015,11894.297256642549,Diesel,Automatic,2.5983040577393774,Blue,0.0,9999.673774139901
414,Toyota,2013,125264.03306340965,Gasoline,Manual,3.8672816383391444,Blue,2.0,3000.0
415,BMW,2019,57542.49659353406,Electric,Automatic,1.9100395873833078,Black,1.0,32626.491021430367
416,Kia,2022,43909.36477187076,Electric,Manual,1.8270733994836377,White,0.0,18849.656345707543
417,Kia,2018,17298.42899701884,Diesel,Automatic,2.331221901735264,Black,0.0,8484.525050710483
418,Mercedes,2013,179100.40141710688,Diesel,Automatic,3.460143774201565,White,0.0,32436.59660614767
419,Hyundai,2015,186098.13423630537,Diesel,Automatic,2.9769483572756466,Black,2.0,3000.0
420,Hyundai,2013,,Electric,Automatic,2.3360714010685038,Red,2.0,3000.0
421,Toyota,2017,62338.05635417259,Electric,Manual,2.9607171685812164,Silver,1.0,9878.43347407112
422,Kia,2015,5020.795188889776,Gasoline,Manual,3.0637095133940084,Black,0.0,12251.2236277942
423,Hyundai,2023,52001.62585607747,Hybrid,Manual,1.020698611728368,Silver,1.0,14856.915168861122
424,BMW,2022,119592.52546481419,Hybrid,Manual,2.551974505668441,White,0.0,38444.15373730741
425,BMW,2012,69342.36930516164,Electric,Automatic,1.3058028046680275,Black,0.0,20654.99986074733
426,Mercedes,2017,30932.950273570317,Diesel,Automatic,1.685927160114322,White,2.0,30177.12829610699
427,Toyota,2019,43983.59906419829,Hybrid,Automatic,3.554422738691712,Black,0.0,20143.894468332554
428,Mercedes,2011,162017.8365856318,Diesel,Automatic,3.0452801201158026,Silver,0.0,28153.336198288613
429,Toyota,2011,66160.38736305488,Electric,Manual,2.426049927054332,Black,0.0,3000.0
430,BMW,2021,31227.85869430688,Diesel,Automatic,2.2908060066880656,Black,1.0,38428.111780695224
431,Toyota,2015,121342.7053079659,Electric,Automatic,1.8748194137864584,Blue,1.0,7066.603463868897
432,Mercedes,2022,116327.14265510948,Gasoline,Automatic,2.270759347932558,Red,2.0,32744.214313996566
433,Kia,2021,83194.27332838578,Electric,Automatic,1.4714192384509506,Black,0.0,9133.918666069876
434,Hyundai,2023,104005.38621857068,Electric,Automatic,2.6776310497074514,Blue,0.0,17096.521109923982
435,Hyundai,2013,55376.007706745855,Gasoline,Automatic,2.368471317174139,Red,0.0,8372.679548109709
436,Hyundai,2015,140652.75641774313,Gasoline,Manual,3.542139565373775,Silver,0.0,7279.548607853393
437,Mercedes,2014,48213.66454604927,Gasoline,Automatic,1.7969936462431788,Blue,0.0,30856.921579518093
438,Kia,2016,118793.48141061245,Hybrid,Automatic,3.975558096175317,Blue,0.0,14798.36205911468
439,Mercedes,2018,98516.08633623109,Electric,Automatic,3.768756221755374,Black,2.0,36842.78093709756
440,Hyundai,2010,32021.440192313097,Gasoline,Automatic,2.663948907876816,Silver,1.0,3000.0
441,Toyota,2022,82742.88686630728,Gasoline,Manual,2.9862687916226625,Red,1.0,20914.005277790297
442,Kia,2018,105652.74169005099,Gasoline,Automatic,3.877221641116675,Silver,1.0,8416.572057467203
443,BMW,2020,11315.547915175655,Hybrid,Automatic,1.9320668633215763,Silver,0.0,33507.50723726042
444,Kia,2019,161174.10311435905,Hybrid,Automatic,1.1082269061239483,White,1.0,3000.0
445,Toyota,2023,,Gasoline,Manual,1.8073534446747317,Silver,0.0,16404.6180101733
446,BMW,2016,54924.1804081542,Gasoline,Automatic,1.2442778976572937,Red,1.0,24521.712064514915
447,Toyota,2023,53053.02426109912,Hybrid,Automatic,3.3496259153312264,Black,1.0,22548.80610403487
448,Hyundai,2016,66466.51588952591,Gasoline,Automatic,1.8494636652330922,Red,0.0,6554.066276078819
449,Toyota,2010,161162.6683179928,Electric,Automatic,1.3983669018529543,Red,0.0,3000.0
450,Mercedes,2011,180657.84416662325,Diesel,Automatic,3.932873765150765,Red,2.0,26542.277373531437
451,Toyota,2014,38810.5790335739,Hybrid,Automatic,1.0707458780939203,White,0.0,7403.192515718567
452,BMW,2022,6236.5837664199125,Diesel,Automatic,3.9563536305816585,Silver,0.0,47582.78471335347
453,BMW,2020,149860.9293913543,Electric,Automatic,2.9787936914218243,Red,1.0,30932.37112431678
454,Toyota,2015,90318.09691071098,Diesel,Automatic,2.6181877010236128,Blue,0.0,8988.74762277053
455,Hyundai,2011,132603.72952816702,Gasoline,Automatic,2.9248533079687196,Silver,2.0,3000.0
456,Toyota,2018,175402.11374383743,Gasoline,Automatic,3.825793836530623,Blue,0.0,16498.537146951887
457,BMW,2015,186209.39135721387,Diesel,Automatic,1.2863912739635397,Red,1.0,18703.42962072664
458,Mercedes,2020,84163.2297056872,Electric,Automatic,2.98087964144734,Black,1.0,37284.60499162509
459,BMW,2018,52991.55839078383,Hybrid,Automatic,2.3628997137385133,White,1.0,30192.721306616815
460,Hyundai,2019,160957.69347325794,Gasoline,Automatic,3.529695127206786,White,0.0,11263.065027085344
461,Mercedes,2018,,Diesel,Automatic,2.324314158004319,Blue,0.0,34479.65688909893
462,BMW,2020,24122.861465696125,Hybrid,Automatic,2.234491186348727,White,1.0,37298.306545560845
463,Kia,2016,146522.72258194804,Electric,Manual,3.79367690739883,Red,1.0,5435.443754646334
464,Toyota,2015,149672.7474143901,Hybrid,Automatic,3.3940302610503332,Blue,3.0,3000.0
465,Mercedes,2018,44524.7778528463,Gasoline,Automatic,1.6644007317969305,Red,2.0,32941.72963093122
466,Toyota,2016,9978.130256182125,Gasoline,Automatic,2.4049153459739494,Red,0.0,6785.294968354101
467,BMW,2010,28339.68968038922,Gasoline,Automatic,3.1298967155823485,Blue,0.0,27375.583108643215
468,Mercedes,2013,66252.78544872931,Diesel,Automatic,1.7131832183140445,Black,1.0,24166.84270323539
469,Kia,2015,75370.87560933009,Diesel,Automatic,3.1738246373615784,Blue,0.0,8037.4231860003865
470,BMW,2016,177918.32823216988,Hybrid,Automatic,3.412726866057594,Red,0.0,25495.515126820712
471,BMW,2013,104980.49182837429,Hybrid,Automatic,3.3720770283018537,Red,0.0,27433.260791871628
472,Toyota,2019,176938.3482753266,Diesel,Automatic,1.2625598792157646,Black,1.0,6864.757762438967
473,Toyota,2016,41572.68020965819,Diesel,Automatic,2.047178522108846,Blue,1.0,11735.584097151539
474,BMW,2020,156384.172004909,Gasoline,Automatic,3.969152353105558,Silver,0.0,38822.2929507926
475,Hyundai,2023,22862.877619707993,Electric,Automatic,3.2392765227986553,Black,2.0,21632.774386490943
476,Kia,2021,164792.64582917548,Gasoline,Automatic,3.3956330849154357,Silver,0.0,16251.111479167876
477,Kia,2013,77808.55010570303,Diesel,Manual,3.069665324586654,Blue,2.0,3000.0
478,Kia,2022,135655.57846149022,Hybrid,Automatic,3.620541915931045,Black,1.0,22990.57062325284
479,Kia,2014,188790.11717339294,Gasoline,Automatic,3.164628061015817,White,1.0,3000.0
480,Kia,2016,161382.36101347985,Gasoline,Manual,2.736325897300328,Blue,0.0,5749.072831967405
481,BMW,2020,45788.35637418348,Diesel,Automatic,2.9005930720752304,Blue,2.0,27127.071721163484
482,Hyundai,2018,143752.22107615857,Electric,Automatic,2.4583003982089835,Black,1.0,6057.123908903651
483,BMW,2021,74362.17282040356,Hybrid,Automatic,1.4060561717872453,Blue,0.0,31302.787678663335
484,BMW,2021,132964.08559285034,Diesel,Automatic,1.6731339159635006,Blue,0.0,30742.65010036505
485,BMW,2019,21985.08079626354,Hybrid,Automatic,1.3770330521924836,Red,0.0,29326.608561071007
486,Hyundai,2014,6619.758452632472,Gasoline,Automatic,3.343266837039298,Red,3.0,4318.020334720303
487,Hyundai,2020,186707.072796005,Diesel,Automatic,2.3580875537310453,Silver,3.0,8316.434560528038
488,Hyundai,2014,189207.47235389551,Hybrid,Automatic,2.1550537364840947,Blue,0.0,3000.0
489,Hyundai,2019,33759.25961210993,Gasoline,Automatic,1.7629460008536089,White,0.0,17543.41540799244
490,Mercedes,2021,188243.2084061623,Hybrid,Automatic,1.405870498088729,Blue,1.0,33451.92728490007
491,BMW,2018,115785.28977768084,Electric,Automatic,2.273311683507515,Blue,0.0,30098.829220241645
492,Hyundai,2014,116098.48423769632,Hybrid,Automatic,1.9436688502641846,White,0.0,3000.0
493,Kia,2021,148103.02892836757,Gasoline,Automatic,1.5961811822806657,Black,2.0,7768.278697644744
494,Toyota,2018,153629.385076459,Electric,Automatic,1.7277791768044821,Black,0.0,10696.277833344833
495,Mercedes,2022,51379.04235582399,Diesel,Automatic,3.614849670212722,Red,0.0,49317.875160571915
496,Toyota,2021,162173.27598688396,Diesel,Manual,2.005011883703115,Black,2.0,16103.811097258775
497,Toyota,2016,164378.6745521049,Gasoline,Automatic,3.619651052539557,Blue,0.0,12882.919575987773
498,BMW,2023,41188.13138357975,Electric,Automatic,3.657120625131361,White,0.0,40663.412619633884
499,Mercedes,2015,128161.08328690498,Gasoline,Automatic,2.822195089092697,Blue,0.0,28663.949357155245
500,Mercedes,2010,150041.13341211437,Diesel,Automatic,3.655727030240379,Silver,3.0,18853.685601497902
501,Kia,2021,119300.34055513343,Gasoline,Automatic,3.7684632776557763,White,2.0,15741.85233738305
502,Toyota,2011,64708.087752908454,Diesel,Automatic,1.6712733877121124,Black,1.0,3000.0
503,BMW,2020,60121.32899423246,Hybrid,Automatic,3.5367398104506957,Red,1.0,30773.19294470537
504,BMW,2012,194870.43430826545,Electric,Automatic,3.9000540158450354,Silver,0.0,18132.919411439238
505,Kia,2011,168347.14826979834,Diesel,Automatic,2.5589666705831284,Blue,0.0,3000.0
506,Toyota,2021,56175.400684427856,Electric,Automatic,3.6371998085569093,Blue,1.0,24507.171075591894
507,BMW,2014,163357.71251685944,Hybrid,Automatic,2.8429953000071295,Blue,0.0,21685.037598852607
508,Hyundai,2013,64115.80843640665,Electric,Automatic,3.493197395636791,Silver,0.0,3000.0
509,Mercedes,2017,189652.32026997453,Hybrid,Automatic,1.6671184974080278,Silver,,31603.54841782528
510,Toyota,2014,162208.8513202208,Hybrid,Manual,1.618126322271476,White,1.0,3000.0
511,BMW,2023,163247.74964672176,Diesel,Manual,3.4665329502253663,Blue,0.0,42310.85952213631
512,Kia,2023,14277.140903334266,Gasoline,Automatic,3.2112158347339586,Red,1.0,23402.77378410759
513,Toyota,2016,17823.49388277757,Hybrid,Manual,3.655533188163143,Black,0.0,21977.886212093897
514,BMW,2010,163592.78923792194,Gasoline,Automatic,1.0811081180592532,Silver,1.0,12085.613304140676
515,Kia,2012,92910.81198129347,Gasoline,Automatic,2.8666095022877727,Black,0.0,3664.768367616861
516,Mercedes,2015,187553.79375579362,Gasoline,Automatic,2.3195382127595394,White,0.0,30512.239113601085
517,Toyota,2015,139558.3880053723,Gasoline,Automatic,2.016630986920502,Red,0.0,10112.90070556991
518,Mercedes,2014,70412.53069245088,Hybrid,Automatic,3.5673990499992954,Silver,1.0,28107.901541339274
519,BMW,2019,56586.296350458055,Diesel,Automatic,1.962199471240986,White,1.0,29819.73517670879
520,Kia,2016,,Gasoline,Automatic,2.1383711874798204,Black,1.0,3000.0
521,Hyundai,2015,36517.974497645206,Electric,Automatic,1.7238342582131572,White,0.0,7766.396149467021
522,Mercedes,2023,113160.94283154917,Diesel,Automatic,3.918676773300075,Red,0.0,46362.30661859386
523,BMW,2017,69413.89898039747,Electric,Automatic,2.8965672814111763,Blue,0.0,27658.243221506742
524,Kia,2012,180812.42296794418,Diesel,Automatic,3.178346911091598,Black,0.0,3855.11131195032
525,Hyundai,2010,198154.01029815446,Hybrid,Manual,3.9454900735208542,Blue,1.0,4418.6086388614385
526,Mercedes,2014,112888.40986091102,Gasoline,Automatic,2.6517548145954026,White,0.0,27097.59200201724
527,Mercedes,2019,17116.43297945172,Diesel,Automatic,2.4170244875174585,Red,0.0,36394.188868915626
528,Toyota,2018,194275.7315645171,Gasoline,Automatic,2.4196352264108127,Blue,1.0,6702.9905007495745
529,BMW,2016,89382.60563239672,Hybrid,Automatic,3.164226892984635,Blue,0.0,24518.354006179005
530,Mercedes,2013,91318.92420118162,Diesel,Automatic,3.724451497933066,Red,0.0,33235.90396615914
531,Hyundai,2016,85022.04821672558,Diesel,Automatic,3.326838239368883,Black,0.0,11351.737816637991
532,Toyota,2017,64606.47158148249,Gasoline,Automatic,2.575591403579311,White,1.0,10690.031263120549
533,BMW,2012,24346.968748083076,Gasoline,Automatic,1.7899714574229746,Blue,0.0,22687.23019370899
534,Mercedes,2020,166787.86604717217,Electric,Automatic,3.5163038761918126,White,0.0,36101.00078155247
535,Kia,2020,54741.884803247085,Electric,Manual,3.490457524539428,Silver,1.0,16976.807748307092
536,Mercedes,2016,95580.02657144886,Hybrid,Automatic,1.6647141604234021,Silver,0.0,33795.80368368093
537,Kia,2011,47591.69252350361,Diesel,Automatic,3.059731499651181,Blue,1.0,3000.0
538,Mercedes,2018,7945.2406755182155,Diesel,Manual,2.6644417313639477,Black,0.0,39640.20479601341
539,Toyota,2011,,Gasoline,Automatic,1.6560118324329522,Silver,2.0,3000.0
540,Hyundai,2023,41607.688965113695,Electric,Automatic,1.8744766173024288,Black,1.0,17956.708547976938
541,Hyundai,2016,71841.78335061311,Hybrid,Manual,3.185850628479199,Red,2.0,12460.379565820755
542,Mercedes,2020,49111.73426213027,Electric,Automatic,3.8504765689454135,Silver,0.0,44595.10566994667
543,Hyundai,2013,120822.18190245071,Diesel,Manual,2.945902321811246,Black,0.0,3000.0
544,BMW,2015,168020.11300245245,Gasoline,Automatic,3.9214024811936214,Silver,0.0,26572.154157450568
545,Hyundai,2011,17558.847088890812,Gasoline,Automatic,2.636660218917019,Blue,0.0,3000.0
546,Mercedes,2015,30088.49662505592,Diesel,Automatic,3.5639220202322823,White,1.0,36782.814543512046
547,Kia,2014,105791.4855924338,Diesel,Automatic,3.9225821862113155,Blue,0.0,11427.881543773641
548,Hyundai,2022,52216.723491757344,Gasoline,Automatic,1.0875141452085881,Black,1.0,12318.042560058735
549,Hyundai,2020,171607.8573097573,Gasoline,Automatic,1.127330895792261,Silver,1.0,6220.322668349468
550,Mercedes,2017,133479.0530823986,Diesel,Automatic,1.7542994636517697,Red,2.0,25806.519665157426
551,Kia,2012,155325.24491329538,Hybrid,Manual,1.8477509253150846,Red,0.0,3000.0
552,BMW,2011,167017.24639088652,Hybrid,Manual,2.6686909689230682,White,3.0,12256.976718231761
553,Mercedes,2013,9181.627676579392,Electric,Automatic,2.50027208839041,Blue,0.0,31075.030569988896
554,BMW,2012,182973.90345974467,Gasoline,Manual,3.505511538825958,Black,2.0,15833.763899304338
555,Mercedes,2011,183058.81423129202,Diesel,Automatic,2.658544944887908,Red,3.0,15419.167993282932
556,Toyota,2016,7740.172028891457,Electric,Automatic,1.8278750299566222,Blue,0.0,15889.56118305737
557,Kia,2018,11845.123407581803,Gasoline,Automatic,1.6584656226995484,Blue,0.0,5471.291047795782
558,Kia,2010,36845.895850167,Electric,Automatic,1.8745261448763606,Red,0.0,3000.0
559,Kia,2010,194270.67240458223,Hybrid,Automatic,1.4225931258660665,Red,,3000.0
560,Hyundai,2021,112694.15422571021,Electric,Manual,2.8205810085160112,Red,1.0,11718.934078158705
561,Hyundai,2013,,Electric,Automatic,1.7249718540776229,Blue,0.0,3000.0
562,Hyundai,2015,180276.88728463423,Diesel,Automatic,3.597953399601807,Blue,1.0,3000.0
563,Toyota,2017,150315.01136797506,Diesel,Automatic,3.8952471104455904,White,0.0,16695.14025530891
564,Hyundai,2023,14544.524974222162,Hybrid,Automatic,2.1692471435272926,Silver,0.0,22575.995354402425
565,Kia,2019,186717.29862580128,Electric,Automatic,3.7898939314769833,Silver,0.0,14851.924514227547
566,BMW,2018,173925.85631261423,Electric,Automatic,3.608766390418829,Blue,0.0,38809.59331816571
567,Toyota,2020,86468.39116191192,Electric,Automatic,2.5506092815468486,Black,0.0,21294.805032386023
568,Kia,2012,19470.88049751104,Hybrid,Automatic,1.5446667165899535,Silver,0.0,3000.0
569,Kia,2013,154899.63600843723,Diesel,Automatic,2.746671416270857,Black,0.0,3000.0
570,Mercedes,2018,19099.089404880764,Electric,Automatic,3.321100067622321,Blue,0.0,40758.076672795185
571,Hyundai,2022,75305.63957940393,Electric,Automatic,1.3733862785298956,Silver,0.0,10018.634529915817
572,Toyota,2023,13559.281485434518,Gasoline,Automatic,3.807531646581744,Silver,0.0,25649.101021715705
573,Hyundai,2012,115567.81885451004,Hybrid,Manual,3.2739809265001156,Silver,0.0,3000.0
574,Kia,2014,77811.56697825268,Gasoline,Automatic,3.497912991790599,Blue,0.0,7346.19679068095
575,BMW,2022,171517.36898732636,Electric,Automatic,2.703935215889775,White,0.0,33054.32857115646
576,Mercedes,2017,116234.11059931357,Gasoline,Manual,1.7311630123967654,Blue,0.0,31791.53419083863
577,Hyundai,2012,134582.52965685655,Hybrid,Manual,1.090730287699373,Blue,3.0,3000.0
578,Mercedes,2015,38218.401962625445,Hybrid,Automatic,2.4013968715448692,Blue,1.0,25390.146592728248
579,Kia,2013,164069.19510304334,Gasoline,Automatic,1.2406093053968381,Blue,0.0,3000.0
580,Toyota,2010,184174.9414463882,Hybrid,Automatic,1.5516973532503067,Black,1.0,3000.0
581,Kia,2010,150642.5240518101,Hybrid,Manual,2.4171863383549685,White,0.0,3000.0
582,Toyota,2017,19240.53919145692,Diesel,Automatic,2.5569045766605925,Red,2.0,14840.78562251705
583,Kia,2021,162741.59117692648,Gasoline,Manual,2.519995487965578,Blue,2.0,8225.16060256748
584,BMW,2013,147223.82679867226,Diesel,Automatic,2.5733983322753877,Red,3.0,14997.718595603686
585,Hyundai,2021,42075.67693597325,Electric,Automatic,1.8843703901654116,Black,0.0,18090.98563152733
586,Hyundai,2023,41869.24138768359,Electric,Automatic,2.8616380254326264,Black,,20609.399896339477
587,Toyota,2019,176345.4045679576,Electric,Manual,2.0801289651495836,Silver,0.0,15035.230336459927
588,Toyota,2017,30135.67020900441,Gasoline,Automatic,2.434572208313189,Silver,,14062.918050672755
589,Toyota,2010,9137.977017703099,Diesel,Automatic,1.920300318243602,White,0.0,5713.204094028472
590,Mercedes,2020,55748.98335144156,Diesel,Manual,1.3705982909303773,Silver,0.0,38581.1316193352
591,BMW,2013,94063.55694459194,Diesel,Automatic,1.4039511440102064,White,0.0,21271.593804125278
592,Kia,2019,103384.99010807571,Diesel,Automatic,3.371491398941311,Red,0.0,13020.289300904813
593,Hyundai,2014,132676.01253317314,Hybrid,Automatic,2.852983261954157,White,0.0,3664.759391548074
594,BMW,2015,178280.2758995322,Electric,Automatic,1.0611956366729265,Red,0.0,21952.52848934755
595,Toyota,2013,168493.42577549926,Gasoline,Manual,3.471993026532121,White,1.0,8045.538423863755
596,BMW,2022,171894.14602386157,Electric,Automatic,1.0044763902292573,Silver,0.0,29699.64739350396
597,BMW,2013,20202.423859451617,Electric,Automatic,1.4098811577974886,Silver,0.0,24950.244497834025
598,Kia,2017,10722.677977190502,Electric,Automatic,1.2522780144096815,Black,2.0,3000.0
599,Toyota,2020,96071.27263757389,Gasoline,Automatic,2.1166454069570633,Silver,0.0,13174.531928744393
600,BMW,2012,56401.71023928285,Hybrid,Automatic,1.4812634733934602,White,0.0,24783.07424379785
601,Mercedes,2013,163740.99279703412,Gasoline,Automatic,1.8823083261673763,Silver,0.0,19192.73744293931
602,Kia,2013,175163.5175935373,Diesel,Automatic,1.561742601015501,Blue,0.0,3000.0
603,Mercedes,2018,96022.3514235912,Hybrid,Automatic,3.403041607380243,Silver,0.0,41191.99327247672
604,Mercedes,2023,131243.41414887784,Diesel,Automatic,1.3863141438808637,Red,0.0,41537.95856195532
605,Hyundai,2020,50312.34781404659,Diesel,Automatic,1.2850070598805852,Red,0.0,12874.150823678441
606,BMW,2011,117766.12031495376,Electric,Automatic,1.7745846403983894,Black,0.0,18134.879730061162
607,Mercedes,2022,138115.8582745125,Gasoline,Automatic,2.0171419343598034,White,2.0,34058.821538545584
608,BMW,2015,76529.46943033776,Gasoline,Automatic,2.0916619722549563,Red,0.0,28625.921645037553
609,Mercedes,2022,126634.75167995422,Electric,Manual,1.087540008282558,Red,2.0,31339.66409683869
610,Toyota,2020,11853.414167942097,Gasoline,Automatic,2.1870383381379765,Black,0.0,15429.903524657959
611,Toyota,2022,158403.96811330467,Hybrid,Automatic,1.793255631368441,Black,0.0,16101.986440953768
612,Toyota,2019,113216.69334819692,Gasoline,Manual,2.6646116864256513,Silver,0.0,15643.904337555106
613,BMW,2021,14747.890929106692,Gasoline,Manual,1.6433344015148559,Red,3.0,30937.682064996017
614,Mercedes,2011,93913.55563411565,Diesel,Manual,3.2793695073622,Black,0.0,28535.960042986957
615,BMW,2012,122499.28210666055,Diesel,Automatic,3.1760798961082917,Red,1.0,15516.75753640279
616,Kia,2019,20244.875252837774,Gasoline,Automatic,1.254142935767149,Red,2.0,3000.0
617,Hyundai,2012,197159.30111068042,Diesel,Automatic,1.806695074253831,Black,0.0,3000.0
618,Hyundai,2014,149839.30605820168,Electric,Automatic,2.176429961835722,White,2.0,3000.0
619,Hyundai,2021,55493.900581837624,Electric,Automatic,1.5700133958417055,White,0.0,14921.238258118508
620,Kia,2011,,Electric,Automatic,2.2764870284797825,Blue,0.0,3000.0
621,Mercedes,2022,153887.4236341209,Diesel,Automatic,3.3178127203700027,White,0.0,38523.44341346765
622,BMW,2021,49874.84587011407,Diesel,Manual,1.0366017649105823,Red,1.0,36503.23106868767
623,Toyota,2015,158900.76015197366,Electric,Automatic,1.200932956258504,Red,0.0,4455.79733027005
624,Kia,2011,20964.02696566556,Diesel,Automatic,3.4730145887124264,Red,1.0,5026.401965377031
625,BMW,2018,137160.9067996224,Gasoline,Automatic,2.7968345622907567,White,2.0,19474.927023411175
626,Mercedes,2021,126191.99248228958,Diesel,Automatic,1.802637483148347,Blue,0.0,38045.75875720042
627,Kia,2023,191118.92018643528,Hybrid,Automatic,3.9640765055441394,Silver,0.0,15148.978360689856
628,Toyota,2014,129485.15949845509,Diesel,Automatic,2.661096516990343,Red,0.0,11546.47740792418
629,BMW,2023,73049.88806063187,Diesel,Manual,3.1565680528644444,Blue,0.0,38700.84238118663
630,Kia,2016,108067.22653929291,Diesel,Manual,3.6816609287951927,Black,,4276.867062475219
631,Kia,2021,196594.9311952332,Electric,Automatic,2.13448688595709,White,1.0,4374.32479978636
632,BMW,2017,32224.722186401814,Gasoline,Manual,1.229764410855244,Silver,0.0,29078.850571695617
633,BMW,2022,135597.3820474646,Electric,Automatic,3.962248375870688,Black,1.0,33085.437219720865
634,Toyota,2021,149918.52703034118,Diesel,Automatic,1.8651308950785215,Blue,0.0,14075.665490094647
635,Toyota,2019,160386.0427088394,Gasoline,Automatic,2.9999490574370125,Black,1.0,17738.794708309055
636,BMW,2016,174752.24197945814,Gasoline,Automatic,1.3446814294903429,Black,2.0,19353.217078462356
637,Hyundai,2017,133898.34026451825,Electric,Automatic,2.051311773949649,Red,0.0,10293.14782341909
638,Kia,2020,104519.0994767878,Diesel,Automatic,1.8271540060029254,Red,1.0,7672.828304933983
639,BMW,2016,92479.60444435193,Electric,Automatic,3.8900856324299133,White,0.0,36484.310530835755
640,BMW,2010,62935.69957173157,Gasoline,Manual,1.3056659929385397,Silver,1.0,12652.767660340405
641,Hyundai,2016,183862.12031130024,Hybrid,Automatic,1.0550805339923177,Black,0.0,3085.2310624633706
642,Kia,2018,48025.445050173854,Hybrid,Automatic,2.790832508368595,Blue,0.0,10060.997750646597
643,Kia,2023,170661.48584791337,Electric,Automatic,2.370637825329376,Black,0.0,11231.18114093359
644,Kia,2022,104585.36849407374,Diesel,Automatic,2.4525935004434443,Black,0.0,14471.304040045403
645,Kia,2023,28612.173705410663,Gasoline,Automatic,2.2773725024546705,White,0.0,19116.48584785242
646,Toyota,2012,142564.66699345436,Gasoline,Manual,1.0774085198403052,Red,0.0,3000.0
647,Kia,2018,120400.19960930737,Gasoline,Automatic,1.750018748281125,Red,1.0,5444.699985732357
648,Kia,2019,23739.784951726153,Diesel,Automatic,3.5977676744910663,White,1.0,12895.898556721622
649,Hyundai,2023,7926.277589386356,Gasoline,Automatic,3.1794546395897942,Red,1.0,22622.5072800149
650,Toyota,2018,28756.19499698108,Hybrid,Automatic,3.281801112100576,Black,0.0,19337.64175718214
651,Hyundai,2015,133753.39673842659,Electric,Automatic,3.765233144753436,Red,1.0,8542.782165656294
652,Toyota,2012,97204.37428566557,Hybrid,Automatic,2.0786075993711064,White,1.0,4765.099424418226
653,Hyundai,2015,21706.27478105556,Diesel,Automatic,1.8813434053710627,White,0.0,6993.381094296946
654,BMW,2023,129182.58236523901,Gasoline,Automatic,3.51234433913398,Black,0.0,39702.19792632484
655,Toyota,2017,,Diesel,Automatic,3.741390808393756,Red,1.0,19506.494103460314
656,Toyota,2022,131411.07873006177,Electric,Automatic,3.6316263727497895,Black,1.0,21742.176449387258
657,Mercedes,2016,157241.78032399563,Hybrid,Manual,3.0130382868090524,Blue,0.0,29223.88362559931
658,BMW,2021,9657.432435770455,Gasoline,Automatic,1.214784871139213,White,0.0,30048.939858584166
659,BMW,2010,15826.295009609585,Hybrid,Automatic,1.6794120808379467,Silver,0.0,20415.86169540499
660,Mercedes,2012,151006.7170134281,Gasoline,Automatic,3.7884187861823646,Silver,1.0,27840.745044811643
661,Hyundai,2018,15222.566893294634,Electric,Automatic,3.0765029617007764,White,1.0,16628.072345287783
662,Hyundai,2022,114138.36749951019,Hybrid,Manual,2.3849701167507886,Silver,1.0,18318.436132517883
663,Toyota,2011,161014.03357802134,Diesel,Automatic,3.002813953246033,Black,0.0,6020.058089741104
664,Hyundai,2021,16660.253523435233,Diesel,Automatic,3.694847769594853,Blue,0.0,18927.592912121538
665,Mercedes,2021,138081.567029577,Diesel,Automatic,3.137925407759682,Red,0.0,42436.182737479954
666,Kia,2011,26770.00513065715,Electric,Automatic,2.291072185815276,Blue,0.0,3762.586287469777
667,BMW,2011,142640.72039745853,Gasoline,Automatic,3.890909868601655,Silver,0.0,18796.078831182713
668,Hyundai,2010,159589.20859255153,Gasoline,Automatic,3.1264291941846793,Silver,1.0,3000.0
669,Mercedes,2022,26194.650880046484,Diesel,Automatic,3.3964825994943046,Red,0.0,37950.811786429185
670,Mercedes,2013,,Hybrid,Automatic,1.468413362675467,Silver,0.0,24230.177269250613
671,Mercedes,2014,149902.66253617938,Gasoline,Manual,2.91425613558392,Red,0.0,33906.61038899572
672,Toyota,2013,71200.8139065336,Diesel,Manual,3.485480730670387,Silver,0.0,14099.13134445729
673,BMW,2020,10371.066041895967,Diesel,Automatic,2.8822040404279736,Red,0.0,32343.2607194051
674,Hyundai,2014,32266.920569284535,Gasoline,Automatic,1.2450879915436537,Black,,3000.0
675,Mercedes,2016,81277.71425237965,Diesel,Automatic,1.2152205461245933,Red,0.0,29586.54053405256
676,Hyundai,2018,106709.44791220377,Hybrid,Automatic,2.039053363012813,White,0.0,10832.4715561871
677,BMW,2016,152445.61537430796,Diesel,Automatic,2.7378033446602505,Blue,0.0,30986.983577907456
678,Mercedes,2022,135752.97707109986,Hybrid,Automatic,3.412386207227587,Blue,0.0,44222.70784792613
679,Hyundai,2011,189187.39749953087,Hybrid,Automatic,3.244008866269623,White,0.0,3000.0
680,Hyundai,2011,124019.57055809561,Diesel,Manual,1.0842029942221556,Black,0.0,3000.0
681,Mercedes,2022,96302.99878299708,Gasoline,Automatic,1.8584936971584503,Black,0.0,38503.41891123449
682,Hyundai,2023,107087.0190988614,Diesel,Automatic,3.5227607716795144,Silver,0.0,21469.37287259632
683,BMW,2014,41597.97816533216,Diesel,Automatic,2.241757952770126,Black,0.0,27553.302004961755
684,BMW,2021,141887.56834514905,Gasoline,Automatic,1.0714666808072972,Silver,0.0,24917.270037948747
685,Kia,2023,84806.65811782537,Diesel,Manual,3.3170708550827643,Silver,0.0,21086.00178116292
686,Toyota,2013,168749.2961249031,Electric,Automatic,2.705196675698061,Red,0.0,3000.0
687,BMW,2017,54592.39008898982,Hybrid,Manual,1.4120066846434138,Silver,0.0,27398.297982165568
688,Toyota,2012,113962.03959601925,Hybrid,Automatic,2.4624566194373942,Black,2.0,6673.7094435134995
689,BMW,2012,54829.50773416885,Hybrid,Automatic,1.154610524969021,Black,2.0,15265.726465556168
690,Kia,2013,134166.6712466816,Hybrid,Automatic,3.71493594138982,Silver,3.0,3000.0
691,Hyundai,2020,165344.48429610676,Electric,Automatic,1.7076515103626777,Red,0.0,11794.824927795533
692,Hyundai,2023,85646.70394555356,Diesel,Automatic,3.505076716117881,White,1.0,16471.93141062405
693,Mercedes,2012,70333.77797846298,Hybrid,Manual,3.2708118976085734,Silver,3.0,27724.01643996226
694,Mercedes,2010,180776.72764250942,Hybrid,Automatic,2.408987900675468,Red,2.0,14643.032242284993
695,Kia,2022,95778.34312316372,Gasoline,Manual,1.4901094888017825,Blue,1.0,6869.157245072862
696,Toyota,2010,46179.230504009356,Hybrid,Manual,3.6763220755243324,Black,1.0,11859.812198576197
697,Mercedes,2018,41739.73841016682,Electric,Automatic,1.6344871488498907,White,1.0,32584.429595494224
698,Hyundai,2012,43067.6094440067,Electric,Manual,1.5466265313371637,White,2.0,3000.0
699,Mercedes,2014,64889.13319191916,Gasoline,Automatic,1.6585850179146138,White,2.0,24534.43009169806
700,Hyundai,2019,30148.64176353178,Electric,Automatic,1.8750153406644376,Blue,,8221.122841633962
701,Toyota,2016,140115.396250553,Hybrid,Automatic,2.1683910775372923,Black,0.0,10983.966138587984
702,Kia,2011,97716.3988626542,Gasoline,Automatic,3.972123457755724,White,0.0,4832.982082531701
703,Kia,2010,139419.21964823865,Electric,Automatic,2.9895488695952603,Black,0.0,3000.0
704,Toyota,2016,66574.06687829166,Diesel,Automatic,1.2473737033366719,Black,3.0,7003.316412728368
705,Hyundai,2018,86475.22741193567,Electric,Automatic,1.232835680412426,Blue,0.0,5126.726883347489
706,Mercedes,2022,111156.95454697691,Hybrid,Automatic,1.1819538202517865,Blue,0.0,36898.12610486454
707,Hyundai,2015,91613.78272829042,Electric,Automatic,2.3932324396181084,Blue,1.0,3000.0
708,BMW,2022,21017.34262461285,Hybrid,Automatic,2.19018571570144,Blue,0.0,41517.35952288518
709,Mercedes,2017,48013.6633686282,Electric,Automatic,3.599972268482704,Blue,2.0,35409.260402584136
710,Hyundai,2010,107668.18565854122,Electric,Automatic,2.1585065456531605,Silver,0.0,3000.0
711,BMW,2012,185095.6253713584,Diesel,Automatic,2.301456492210664,Silver,0.0,18348.481470171595
712,Mercedes,2016,61436.64833727108,Gasoline,Automatic,2.905943428880596,Red,1.0,33769.72403326366
713,BMW,2013,100258.56468878189,Electric,Automatic,3.3773255697001376,Black,0.0,28077.891022524775
714,BMW,2023,46863.00629486164,Hybrid,Automatic,3.430785468567886,Red,0.0,44683.88435317918
715,Toyota,2015,85086.78103414054,Electric,Automatic,3.192784934896016,Black,0.0,13730.253171201866
716,Mercedes,2022,26288.44446855369,Diesel,Automatic,2.4725463117190083,Black,0.0,45710.834170211114
717,Mercedes,2022,68077.7953989958,Gasoline,Automatic,3.815765899514274,White,0.0,47359.41560584855
718,BMW,2014,30848.026330971723,Gasoline,Automatic,2.25684451730136,Black,0.0,19322.77993313238
719,BMW,2015,32213.487005804185,Diesel,Automatic,2.3238374613626434,Blue,0.0,22267.84254529773
720,Hyundai,2022,25366.698202911826,Hybrid,Automatic,3.5622651330080117,Blue,0.0,24821.17271973219
721,BMW,2016,147841.17255834912,Diesel,Automatic,2.0202448836188154,White,0.0,24915.66556908407
722,Toyota,2019,91768.47751978601,Diesel,Manual,2.175671288549951,Silver,2.0,11660.467191747422
723,Mercedes,2013,35791.41666741736,Gasoline,Automatic,1.6542458516270957,Silver,0.0,25132.05358831975
724,BMW,2013,188926.33309207702,Hybrid,Automatic,1.0529412342463655,Silver,2.0,14288.302498547475
725,BMW,2023,110222.18602877657,Hybrid,Automatic,3.2010651485801516,Blue,0.0,38760.2834978221
726,BMW,2020,110308.11734593994,Gasoline,Automatic,1.0824569217556979,White,0.0,22116.230310650863
727,BMW,2014,108557.50270120442,Diesel,Automatic,2.5774337555603677,Silver,0.0,18079.212181210034
728,Mercedes,2015,80203.4879153024,Hybrid,Automatic,3.9246172788925513,Blue,0.0,36587.62137713802
729,Mercedes,2023,32882.595610360455,Hybrid,Manual,2.8028414643822446,Silver,0.0,43258.000799760135
730,Kia,2021,84082.47774396201,Electric,Automatic,1.0906039300601797,White,1.0,4636.660367305041
731,Hyundai,2020,97096.54763657032,Hybrid,Automatic,3.0754631953454323,Red,0.0,15004.243460624337
732,Hyundai,2013,159383.04159454396,Diesel,Automatic,3.2935840499666815,Blue,2.0,3000.0
733,BMW,2011,147550.38957194844,Hybrid,Automatic,1.9811833702716368,Red,0.0,20651.000001615863
734,Hyundai,2011,143435.10280111572,Diesel,Automatic,1.145837861120981,Blue,1.0,3000.0
735,Mercedes,2019,64945.255488866176,Electric,Automatic,1.9084207930973327,White,0.0,38433.00122119351
736,BMW,2014,178359.22300212964,Diesel,Manual,1.1015128050465066,Black,0.0,13569.970162651816
737,Mercedes,2010,129073.51661184854,Electric,Manual,1.9873425877213273,Silver,0.0,24864.608569147415
738,Kia,2017,11540.620371569536,Hybrid,Automatic,3.370784554736967,White,0.0,6933.484041907239
739,Toyota,2011,127985.86419423645,Gasoline,Automatic,3.7332410515709498,White,0.0,9024.19851266422
740,Kia,2019,138239.90814088326,Hybrid,Automatic,2.2441922183409546,Black,0.0,7049.187519715611
741,BMW,2011,173162.06204338247,Electric,Automatic,3.746432448009056,White,0.0,20747.35865446766
742,Hyundai,2015,174249.49729649833,Electric,Manual,3.576183574933578,Black,0.0,5607.371080004477
743,Hyundai,2016,70701.53026985747,Diesel,Automatic,2.3716099865244433,Red,0.0,6704.086323535217
744,Hyundai,2018,12059.378004625501,Diesel,Automatic,3.685019753259767,White,1.0,13810.332679304647
745,Mercedes,2018,85406.85330341895,Gasoline,Manual,2.53810104403047,White,2.0,37054.90176408936
746,Mercedes,2019,127253.06063483312,Diesel,Automatic,3.0433838953274277,Black,0.0,41105.93196963133
747,BMW,2014,88427.33808445318,Electric,Automatic,1.0206615307245712,Blue,0.0,22234.408700125976
748,Toyota,2011,71999.76870950013,Hybrid,Manual,2.916138522683224,Red,2.0,3000.0
749,Mercedes,2016,91545.02532383116,Electric,Automatic,2.9687873266796405,Black,0.0,35074.72452997696
750,Mercedes,2020,121892.6170908527,Hybrid,Automatic,1.950372330380655,Red,0.0,34141.68325780716
751,Mercedes,2022,153702.68516603168,Diesel,Manual,3.483091018135747,Silver,0.0,43878.7047954113
752,Toyota,2022,7749.975792911601,Diesel,Automatic,1.7370695673825565,Black,1.0,19680.02200107635
753,BMW,2018,126704.76520325957,Gasoline,Automatic,2.7359335838378636,Silver,0.0,31884.34861272336
754,Kia,2019,29555.368053483104,Gasoline,Automatic,2.5170269247777086,Red,0.0,11775.285881150085
755,Hyundai,2010,170756.59942326366,Diesel,Automatic,2.3941357173264497,Black,1.0,3000.0
756,Mercedes,2023,113187.13900190046,Hybrid,Automatic,1.0634075451641032,Red,1.0,36445.93615283537
757,Toyota,2010,82575.91371592673,Hybrid,Manual,3.903284694005057,White,2.0,3659.837482175475
758,Hyundai,2018,,Electric,Automatic,3.2308031567240163,Blue,0.0,13115.356397629002
759,Toyota,2011,147695.85587415716,Gasoline,Automatic,1.075675213209762,Black,,4126.40069694668
760,Kia,2012,183608.06534926494,Hybrid,Automatic,2.1051765015414157,Blue,1.0,3000.0
761,Hyundai,2011,146335.80047804138,Electric,Automatic,1.9983424851120373,Black,0.0,3000.0
762,Mercedes,2014,38611.309934704885,Gasoline,Automatic,2.0250269150695774,Red,0.0,31151.71767445766
763,Toyota,2010,174912.42351109782,Electric,Automatic,2.6192398541807216,Black,0.0,3000.0
764,Mercedes,2020,23415.452692740328,Gasoline,Automatic,1.0465790083543598,Blue,1.0,31138.7383331449
765,Kia,2019,161522.8781003001,Gasoline,Automatic,1.5658827994264648,Silver,2.0,3000.0
766,Hyundai,2017,188337.01419158236,Hybrid,Automatic,1.4859996963766353,White,0.0,7162.694476552291
767,Mercedes,2021,190366.0312324396,Electric,Manual,1.769866381754537,Blue,0.0,33604.395528349974
768,Toyota,2017,137123.26787004422,Diesel,Manual,3.5515261056439664,Red,0.0,16775.312436479253
769,Hyundai,2010,181594.27057776644,Diesel,Automatic,1.1274813000316808,Black,0.0,3000.0
770,BMW,2012,193045.23947549833,Electric,Automatic,1.866333433344544,Silver,0.0,13470.792697677613
771,Kia,2018,156060.349240388,Diesel,Automatic,3.7361283738779374,Black,1.0,12703.138370730934
772,Kia,2014,75782.17206890155,Diesel,Automatic,3.483331933488919,Silver,2.0,4500.087908940107
773,Hyundai,2015,63991.16579140092,Hybrid,Automatic,2.815273626513452,Black,1.0,6441.257105798257
774,Toyota,2015,53423.16159997847,Hybrid,Automatic,1.7575375559466915,Red,0.0,6282.490435089483
775,Kia,2017,95725.07939697948,Diesel,Automatic,2.9704298514104055,Red,1.0,8061.484491542869
776,Hyundai,2017,135271.51699957755,Hybrid,Automatic,3.4210286765177487,Blue,0.0,11045.602803239202
777,BMW,2023,13463.879591125764,Electric,Manual,2.003352871858342,Blue,1.0,37203.74547512257
778,Hyundai,2021,139931.280171591,Electric,Automatic,1.1622122053463046,Black,1.0,5458.114036562982
779,Hyundai,2013,68686.54967646059,Hybrid,Automatic,3.965415251151793,Silver,0.0,10512.119350622419
780,Hyundai,2021,73180.3142229047,Diesel,Manual,2.0920030585587623,Black,1.0,10230.012494714601
781,BMW,2014,49303.53213142489,Electric,Manual,3.5347971517478247,Blue,1.0,26373.067298206806
782,Hyundai,2020,30943.313291775434,Electric,Automatic,1.5910915498989704,Blue,2.0,3000.0
783,Hyundai,2014,,Gasoline,Automatic,3.5664549803002354,Black,0.0,6385.469694027345
784,Toyota,2011,33181.26736862163,Diesel,Automatic,3.78940705936309,White,1.0,5373.844386098204
785,Hyundai,2020,126892.46534472247,Electric,Automatic,2.8219829694282246,Blue,1.0,12202.119802149815
786,Kia,2019,175432.70019153916,Diesel,Automatic,3.461186022945617,Black,1.0,9747.477674541253
787,Toyota,2018,169349.00656564892,Diesel,Automatic,3.641516684600699,Silver,0.0,16847.703327381038
788,Toyota,2020,75484.12936392763,Gasoline,Automatic,3.5052476000539627,Black,0.0,18736.506332590747
789,BMW,2018,148360.88589605296,Diesel,Automatic,3.8115544389531903,Black,0.0,28569.83071039
790,Kia,2017,120551.20396052169,Electric,Automatic,1.7758181551119199,White,0.0,5012.428623829509
791,Toyota,2010,43637.66254873143,Hybrid,Automatic,1.3582602370783958,Silver,0.0,3000.0
792,BMW,2010,56956.074376827055,Diesel,Automatic,3.6271376185779394,Red,0.0,26884.92329803865
793,Toyota,2012,,Hybrid,Automatic,3.9487160141960365,Red,0.0,11670.037024758081
794,Hyundai,2013,185489.63458054815,Gasoline,Automatic,1.4842373538145468,Red,0.0,3000.0
795,Kia,2019,127640.6026079668,Electric,Automatic,3.114845671565249,Blue,0.0,14891.908967888405
796,Toyota,2017,104942.06487318415,Electric,Automatic,2.636449212160437,White,0.0,15247.71519116891
797,Kia,2017,130979.33870839524,Gasoline,Automatic,1.7073319301498904,Silver,0.0,4454.683253611286
798,BMW,2014,34524.874968438584,Diesel,Automatic,3.139104440889187,Black,1.0,26051.132389652346
799,Hyundai,2012,29259.040888204945,Diesel,Manual,2.966157011423487,Blue,1.0,6849.230598263772
800,BMW,2010,194286.79939218966,Electric,Automatic,2.2499869100814545,White,0.0,13248.510541489248
