building_id,building_type,area,floors,age,occupancy,has_solar,temperature,energy_consumption
1,Industrial,215.21309416675265,2,5,89.0,0,-7.6008371654221145,923.3598195861667
2,Residential,78.3119142881705,15,13,67.0,0,22.496604832314375,277.065020729981
3,Commercial,378.66235349137725,16,12,20.0,0,9.796483829092612,631.5466494190075
4,Residential,351.4139262971988,16,10,61.0,0,-0.0004224952872213805,515.9840191241271
5,Residential,436.42647244994,6,15,23.0,0,1.3319809853076627,440.0373894517614
6,Residential,243.52211619751859,11,2,,1,-3.293795692588289,293.8799792877984
7,Commercial,336.53120406787934,9,38,21.0,0,2.7611150475864843,539.5746874234763
8,Commercial,479.2772699505707,18,16,44.0,0,25.640962677913784,614.9492440684276
9,Residential,481.4610415814036,6,33,5.0,1,17.929702924327934,283.39180723736456
10,Commercial,81.98492636918945,4,34,52.0,1,34.432923935014564,430.17931326369194
11,Commercial,50.847955227873754,18,25,73.0,1,13.592655581053673,465.5359569775991
12,Industrial,481.9929777635079,2,47,39.0,1,13.4670340901176,798.4658038162925
13,Industrial,290.8924708760531,13,26,22.0,1,-1.3876272401342415,793.3955047865298
14,Residential,365.18024341787446,1,48,83.0,0,16.390498783997813,434.20373748215366
15,Residential,460.668721117393,9,40,69.0,1,17.376544840330148,420.3264904606032
16,Industrial,244.91956959651938,14,14,68.0,0,-0.7061021180286868,809.073694806016
17,Industrial,248.29397687664786,4,42,21.0,0,-6.041526659817615,797.5671980084536
18,Industrial,125.14170691514133,4,15,82.0,1,6.594708164914877,686.0057107861396
19,Commercial,457.6227262633021,15,35,5.0,1,-2.2553444044053954,565.560017684432
20,Industrial,341.45298771438235,15,38,61.0,1,12.64420634675854,776.8645519535878
21,Residential,131.12116128119794,13,31,77.0,1,13.67494218830905,209.9993631214378
22,Industrial,301.9064065555486,14,34,90.0,1,17.36701402199964,772.613106600673
23,Industrial,197.67377227525304,1,9,80.0,0,17.127394864046497,757.3143827423885
24,Industrial,116.23188641293679,1,7,11.0,0,20.369515847032677,606.7913810056292
25,Residential,131.84125132765945,1,38,67.0,1,0.3704699299430185,363.7905528800049
26,Residential,301.6657210145911,15,1,68.0,0,22.887936424603836,399.25155772447044
27,Residential,303.9733516697413,1,23,9.0,1,13.617050212878478,227.66088371133512
28,Residential,405.4733514735466,6,14,94.0,0,9.678768234532821,533.3684970893746
29,Industrial,161.59292789149788,7,25,51.0,0,19.15529399758495,706.8312326688824
30,Residential,462.12502200862,2,8,60.0,1,12.556731045833,446.6200061019167
31,Industrial,283.3758191961568,9,40,45.0,0,13.655061364430843,804.2555744748179
32,Industrial,141.87770997857876,4,6,60.0,0,-8.9538486522165,834.2456593374586
33,Commercial,235.97625902152592,18,15,58.0,1,26.09165741188565,519.8726105032039
34,Residential,465.51167241832724,15,20,76.0,1,9.087913875337094,454.00156418912786
35,Residential,265.1704442900897,8,17,54.0,1,13.313442110442452,315.3170294400776
36,Commercial,443.6217997155703,7,32,49.0,0,7.545973795323704,685.9179018998511
37,Industrial,121.92473082498755,8,6,13.0,1,14.818871352834524,559.2505332898288
38,Residential,461.2812793741832,13,39,21.0,1,-7.568092621141751,512.366857635908
39,Industrial,243.77846247474625,3,28,21.0,0,7.275907762988112,687.5807413689549
40,Commercial,471.25712458884396,6,10,27.0,0,20.09050064567119,578.5330959681619
41,Residential,439.73533375804914,7,9,69.0,1,32.23007467178636,516.1869828588148
42,Industrial,346.9848380973159,5,37,81.0,1,28.213110899372822,847.322609944499
43,Industrial,352.7808876288588,18,34,55.0,0,33.32681137667285,858.1139026759586
44,Commercial,145.17859454460472,15,13,85.0,1,25.168159295774785,479.764721224172
45,Industrial,321.2734005153149,2,11,65.0,0,18.467777277071026,803.4505980252248
46,Commercial,297.27300735126687,10,11,16.0,0,9.047259908096692,528.2429192316168
47,Commercial,200.36616635320323,4,30,22.0,0,-4.458592289358018,598.8345551439646
48,Commercial,277.5296859118052,12,28,87.0,0,1.286096166381295,709.1836126208998
49,Residential,468.11459841270323,15,23,,0,2.202877088316672,509.9196581490992
50,Commercial,52.38754870615606,11,15,49.0,0,9.254735854262321,537.1635626900785
51,Residential,237.70584175892174,14,46,72.0,1,17.44284370232314,334.979278542795
52,Industrial,200.1374243468903,7,11,46.0,1,17.839783076735127,664.8033607423623
53,Residential,482.55398033892726,14,13,49.0,0,10.499418684782299,482.40503214478844
54,Industrial,488.2524040785619,8,28,,1,2.358969155267948,922.2457019172772
55,Commercial,313.54724103622453,14,7,66.0,1,-7.457751466496876,629.0933983467974
56,Residential,297.5031357982999,6,31,62.0,0,34.49763733761464,472.8103026950305
57,Residential,456.44562356473614,18,49,63.0,0,32.28019541549071,557.5956559964392
58,Residential,52.94411319407207,14,43,32.0,0,-1.7683318332405573,282.7207963554895
59,Commercial,303.02627131504175,8,22,83.0,0,17.24281396968387,622.328577255581
60,Commercial,61.08458374471694,4,38,13.0,0,3.3044453177232533,431.5367939995564
61,Residential,485.6730220926876,12,14,42.0,0,-1.2507236532015682,508.9766904387093
62,Commercial,194.0718008035864,5,6,88.0,1,20.79850964217918,593.9920745623233
63,Commercial,284.3605858273386,13,46,10.0,0,25.37867393300135,477.9325970462079
64,Residential,237.90582706877015,19,31,47.0,1,8.29668267446974,355.260716545507
65,Commercial,452.13085586308284,12,3,69.0,0,-7.3421341207775175,733.1022906274474
66,Industrial,499.9180748712869,18,17,91.0,1,8.067311989284306,978.0115601063097
67,Residential,80.77459009380304,6,20,60.0,1,13.948728499554075,303.24600029759324
68,Commercial,379.4140111924932,6,7,61.0,1,30.194743418473223,622.523582069352
69,Industrial,215.59938077671416,17,17,58.0,1,19.556119271700304,697.8118855373209
70,Residential,112.58281388678608,16,42,25.0,1,21.972339668241545,195.80367676922307
71,Industrial,232.44688833596942,12,26,71.0,1,-0.8815922025725271,829.4696401567251
72,Commercial,499.1659835858926,5,27,62.0,0,22.412223096191504,680.8042701000523
73,Industrial,210.90528470834198,14,13,61.0,0,12.582118564676488,740.7289205168698
74,Industrial,174.8297698090508,16,40,45.0,0,26.918519873087746,734.9856079716267
75,Residential,430.77711856996024,5,5,,1,-0.26337438515343337,384.5070086753221
76,Residential,440.57209992055544,8,1,52.0,0,13.168807984180873,478.96720121602556
77,Industrial,202.4911196743844,7,17,59.0,0,-0.5735304965676722,791.658979084368
78,Industrial,184.40291327559385,13,37,85.0,0,2.866240233693018,814.5114299021363
79,Industrial,341.27666489633765,3,16,43.0,1,27.449183798021615,682.1705453553393
80,Commercial,142.33031767427445,14,18,28.0,1,20.950744311672494,366.62849263265565
81,Commercial,267.65843118021195,17,28,21.0,0,22.78196187946348,521.7646041437066
82,Commercial,113.60466124146919,7,3,34.0,1,-6.915819791550092,529.0234998677847
83,Residential,187.13965020478335,9,18,85.0,1,22.794045145205025,313.89067485838314
84,Residential,183.8666739644351,10,41,47.0,1,12.11331930282746,249.56558565023204
85,Residential,362.70498425425063,10,30,27.0,0,10.66147067564184,431.8192339030181
86,Residential,177.0228657476414,13,32,15.0,0,8.568211776926674,210.22791747397616
87,Industrial,454.32306652575545,10,14,5.0,1,28.330769560638707,728.1963743291084
88,Residential,492.3707424661542,6,17,64.0,0,-2.0141227437049354,550.9173002954251
89,Residential,86.47776556585292,14,19,17.0,1,26.635161402469507,165.13990583318795
90,Industrial,228.9414343314214,5,47,8.0,1,31.774573237234407,643.4186405155607
91,Industrial,185.8284785723617,13,8,57.0,0,-2.429252949961218,848.3478582969152
92,Commercial,208.3955578299275,8,4,57.0,1,34.981819939254535,579.4286754147796
93,Industrial,169.40969873147873,9,24,48.0,1,34.57404089602018,645.3682700655356
94,Industrial,222.1991875413612,10,29,88.0,1,17.959351810723245,724.5397348496215
95,Residential,113.63656674604482,1,47,18.0,0,2.084070609076603,284.9485512046153
96,Industrial,175.91822399540195,5,49,42.0,1,9.333128799948607,708.0591346053717
97,Commercial,386.5180450803728,4,11,69.0,0,-2.332753964217594,760.4786267120815
98,Industrial,204.820936543292,1,12,54.0,1,-4.590901363539927,746.7194170531097
99,Commercial,143.52570379618157,19,14,16.0,0,21.68133357497771,418.6017898787931
100,Residential,98.79981735417869,19,7,85.0,1,16.0930711432891,313.5524926957098
101,Industrial,206.6018662774337,15,3,76.0,1,15.360825565795302,701.7450105953917
102,Commercial,339.53408987915856,11,32,17.0,0,1.1492394234811538,576.1541946158272
103,Commercial,163.98719198000194,5,11,44.0,1,0.57078101628694,500.25941981237213
104,Residential,240.1005609121384,3,2,33.0,1,34.5380410655982,287.5168852843148
105,Industrial,478.57936088712745,17,17,11.0,1,18.294821515203637,713.2890284951895
106,Residential,298.56328332508684,16,42,40.0,0,26.875500332468548,363.29793952847655
107,Commercial,289.37237713887356,8,23,37.0,0,7.033036478535898,583.1598467822078
108,Residential,234.4744906560904,3,33,75.0,1,27.96564922352993,370.8278039917829
109,Commercial,300.577989653265,12,22,28.0,1,22.507133583779982,458.6544983924901
110,Industrial,493.05527347873004,8,45,30.0,0,5.755598877576947,846.4870168020398
111,Commercial,164.21310745651832,15,14,46.0,0,22.296250169879727,457.27938060059904
112,Industrial,473.86755268218957,11,49,78.0,0,31.65302274233015,966.2017305896928
113,Commercial,117.08194296964898,13,42,43.0,0,-0.3820830230931307,523.5996427877453
114,Residential,99.99741359595015,8,20,85.0,1,14.643467521031383,308.39931880413513
115,Residential,344.60127308442384,13,47,96.0,0,33.49926742244025,546.1085462983752
116,Commercial,163.03056110108236,16,17,91.0,0,26.962907300782533,629.617601678277
117,Commercial,249.9765378383421,18,45,98.0,0,17.913103175350898,603.826558333855
118,Residential,378.3446458600269,16,8,8.0,0,-6.860555308797718,414.41102848341586
119,Residential,290.67867642339377,13,7,43.0,0,8.28454386812853,415.9306617252106
120,Commercial,56.187207198738236,14,49,33.0,1,19.28444605581007,292.2073809811427
121,Commercial,187.62945483786652,8,37,55.0,0,8.43478346547096,580.1778902304183
122,Residential,79.10900140652565,2,36,58.0,1,34.868771039424544,311.5942349127702
123,Industrial,466.7515475250663,8,49,21.0,1,23.902676001482973,690.1468325136537
124,Industrial,407.5918670375613,6,4,47.0,1,-1.581318154639865,859.813378733577
125,Industrial,492.72875765438494,13,30,51.0,1,12.067385726696081,823.097661237339
126,Industrial,448.2992805987865,3,21,29.0,1,7.2787492798077125,840.5519375368137
127,Residential,263.89940929535067,7,43,16.0,1,16.72294309388766,281.5298377769076
128,Commercial,447.1688827447415,6,42,68.0,0,10.09540322664784,782.0408487650573
129,Industrial,352.5973759977224,5,27,89.0,1,0.7055322119047638,945.4601470621166
130,Residential,286.0698453759504,16,3,69.0,0,22.596706939610478,437.8887254231465
131,Industrial,216.7907206630477,3,31,19.0,0,-5.200254367484255,851.9303982205429
132,Commercial,356.43477917138205,5,16,39.0,1,13.946029552344957,540.8947344207689
133,Residential,315.5600403292796,3,13,70.0,1,3.957199210183843,446.93431251435356
134,Commercial,326.3832421624212,15,7,30.0,1,33.493896576360726,588.130656517244
135,Commercial,229.9240990206518,2,11,28.0,1,3.66026098454736,500.01067075546797
136,Residential,382.6918014304745,15,34,63.0,1,5.3423695015219295,418.0570442558979
137,Commercial,86.60424543517752,13,42,13.0,0,21.818922681021306,360.1778527317424
138,Commercial,376.7715332506435,2,11,67.0,0,-4.218614095925112,734.244775166923
139,Industrial,378.8425911231302,18,32,64.0,1,4.608129465248114,843.221660880452
140,Commercial,282.17452792161987,10,45,58.0,0,21.316167072743248,544.1200602205201
141,Commercial,168.47741762081836,4,33,99.0,1,-8.616081672087779,624.8179231203567
142,Commercial,283.67443148286634,2,29,68.0,0,3.995028307896355,695.699436621836
143,Industrial,105.38878344172134,14,31,10.0,0,-9.6284950132895,789.7608336270106
144,Commercial,178.31469892417476,3,27,51.0,0,-3.2396861123468037,564.1385793972995
145,Commercial,239.58494536742404,12,39,70.0,0,17.188882732925652,537.2866688212006
146,Industrial,352.95520324552854,5,39,1.0,0,10.55216872565541,705.9392274663624
147,Industrial,134.24754548976819,2,2,1.0,0,-2.978833847826917,646.5893446174865
148,Residential,121.17683827956382,14,8,7.0,1,-6.488855282099552,243.9433363127336
149,Residential,323.5083629755006,5,43,80.0,0,-7.465398907272309,558.9321560441092
150,Commercial,355.7954934513594,7,49,88.0,1,-6.158882876603365,750.3501270105704
151,Industrial,87.64508876598953,15,47,4.0,1,-5.676544273191606,619.9332386142704
152,Residential,64.92343256132075,19,12,16.0,1,-6.115929193805227,289.67342713615574
153,Residential,116.21743313052464,19,20,71.0,1,-7.521390050360257,358.42557407115004
154,Industrial,455.46201572326146,17,40,,0,21.366382659358184,767.2711130324287
155,Commercial,352.6873408343192,16,5,15.0,0,32.357001856697394,638.284411160486
156,Commercial,464.4616599568509,8,40,9.0,1,28.519049819075136,550.2090819897713
157,Industrial,349.1216614252253,13,13,11.0,0,1.963410385418392,800.707774369513
158,Commercial,484.35675832538243,11,46,71.0,1,-0.8074248775017683,713.4949464689524
159,Industrial,247.50800170923105,1,46,53.0,0,-7.843957650961288,874.6484545134948
160,Commercial,319.5945222025303,18,1,39.0,0,-2.9784843985156444,654.5724252964202
161,Residential,320.53345304243425,7,33,87.0,1,15.549708177165389,409.7865325079005
162,Industrial,51.41296240725295,3,9,3.0,0,34.91561833092088,616.869934974823
163,Commercial,62.354507162160814,16,39,71.0,0,28.656548309300497,555.2914481413943
164,Commercial,115.36934486552623,4,41,3.0,1,13.17146886554631,310.0408069095083
165,Industrial,280.0082998194155,13,34,12.0,1,9.05546977488713,686.4655036218738
166,Commercial,243.736934183227,1,8,,1,-3.3478352193794683,502.1720955457247
167,Residential,292.88707649727667,1,33,71.0,0,8.83660553630617,465.0890316681025
168,Commercial,410.2208572997072,12,36,23.0,1,16.768618241883292,546.4377653097147
169,Residential,420.0081253378959,13,12,38.0,0,16.796352865180847,395.73534452972734
170,Commercial,489.656684099766,7,36,79.0,1,15.089591739884536,671.1877920970599
171,Residential,300.8965100242535,3,19,87.0,0,27.080847644328244,479.1158098737479
172,Residential,206.24697003430904,4,39,42.0,0,12.95377431284685,298.0575252257895
173,Commercial,188.61246719308906,1,21,5.0,1,11.27823093405829,393.35355166789407
174,Commercial,203.3337094896071,18,33,41.0,0,3.759825739995355,568.120044015172
175,Industrial,195.72332086792744,5,43,53.0,1,-1.889122038843361,794.6301026773151
176,Residential,226.81398854992727,11,4,62.0,0,-9.936822406169146,491.02446696364603
177,Industrial,83.69663951107088,3,4,93.0,0,4.494423285106414,811.0588667472831
178,Commercial,335.0446130964362,18,44,83.0,1,18.488634443976864,584.3371863365248
179,Industrial,305.618550384222,17,49,24.0,0,15.150387931678406,734.0237844581637
180,Residential,257.8824016571489,14,11,87.0,0,13.873245334932836,439.018353383245
181,Residential,86.4973806860871,1,26,28.0,0,24.756954717287805,203.57418090879253
182,Industrial,91.94391176396502,17,5,81.0,1,0.4781051636186575,774.4100637978629
183,Residential,295.2973288632869,7,30,9.0,0,20.53421021868018,228.60096748692433
184,Industrial,66.46116513642421,16,2,61.0,1,17.32241824866626,621.5398040978464
185,Residential,376.1550187848164,1,24,53.0,0,5.254614265589911,521.2516070869567
186,Industrial,497.20016395939984,15,41,17.0,1,-0.1655378743595044,790.1032059576155
187,Commercial,318.83310450060617,2,16,65.0,1,15.321044129923088,533.5595762329866
188,Residential,375.54416691278425,2,18,9.0,0,32.53166312657618,404.4283272507435
189,Residential,247.5211965939311,5,12,70.0,0,-6.564212103948966,521.01113172738
190,Residential,350.3355489420539,4,26,15.0,0,32.88431776825475,339.9631911520693
191,Industrial,343.30114548436603,3,12,6.0,0,10.91411647495169,693.1269627532382
192,Residential,420.84090315411356,8,26,18.0,1,21.951957540306097,239.0284936865379
193,Commercial,370.1028134208648,14,4,88.0,0,26.144210016571257,637.9077689100561
194,Commercial,387.07229481503276,6,27,94.0,1,-3.181834133416965,740.9154869462968
195,Residential,300.48619720442093,11,23,83.0,1,-7.9768872633442305,541.5921209016301
196,Commercial,268.031721167392,5,21,58.0,0,-4.217872306010928,702.933406448996
197,Residential,256.4224222012957,5,48,92.0,1,5.342880018068106,459.1981508206641
198,Industrial,226.40491428398826,14,37,23.0,1,33.04494033216827,631.8580485317524
199,Industrial,169.71249349557164,17,34,88.0,1,-8.075105293808146,892.9849689609479
200,Industrial,64.9899697000874,19,45,27.0,0,31.390914483113868,662.3837479529404
201,Residential,351.9930347624695,11,11,77.0,1,15.258261115795488,359.6598474277894
202,Industrial,455.432537626572,7,3,,1,-5.394656732568937,917.5981834052662
203,Commercial,468.7170969296403,13,6,15.0,1,-3.126317897380086,654.265659710262
204,Residential,311.25276801561273,19,14,30.0,1,21.01990273170278,296.9498012093864
205,Commercial,92.36147371753708,18,6,6.0,1,17.380405709469315,309.4357580424168
206,Industrial,445.39893816910524,16,13,25.0,1,-2.464458873577547,820.1532551628317
207,Residential,386.48519705415634,12,29,31.0,1,30.69489896031932,373.31727643072094
208,Commercial,163.13497439683113,15,33,11.0,0,-4.019323003402296,529.0723720307349
209,Commercial,411.5952234067323,1,17,68.0,0,13.020811372428227,694.9990548902853
210,Industrial,262.40357663151667,11,11,,0,13.773245423817809,777.3363478886174
211,Industrial,449.4169002525472,7,2,24.0,0,29.17260604727742,818.1049965964421
212,Commercial,161.424919743778,16,34,14.0,0,-9.003240280544354,564.4601871030084
213,Industrial,410.4076642822955,9,31,24.0,0,-3.859673459145003,878.3728603272432
214,Residential,370.35964209537997,9,16,87.0,1,-2.319459397553178,521.8387541780271
215,Residential,56.49852757940702,12,44,69.0,0,-7.170337111383818,379.83659870241945
216,Commercial,303.5005739805591,19,41,26.0,0,18.41674778409296,521.737597963524
217,Residential,371.99042508090946,14,37,94.0,1,0.33199373164165813,469.29337055161915
218,Commercial,120.38485489372867,12,22,42.0,1,15.950142555216765,421.45806670379875
219,Commercial,289.35452095578194,9,46,48.0,0,25.217549161659477,610.8724183972319
220,Commercial,186.83505961042465,12,35,51.0,0,8.383782198017059,559.8974401322158
221,Commercial,363.31381173990934,13,7,67.0,1,24.598262344853588,561.0880390675231
222,Industrial,293.0629157989033,5,15,18.0,0,25.004084778963055,697.7352919373451
223,Residential,329.65609744474926,5,4,86.0,1,1.8540379583295952,452.9650015508605
224,Residential,82.64292679472922,9,24,28.0,0,-9.29149311686208,349.83981942484706
225,Industrial,112.00781308910369,19,13,30.0,1,-5.352316605715045,693.4836842628853
226,Industrial,298.44013131071017,6,29,2.0,1,27.058568307685682,610.4539536208532
227,Industrial,131.52779691080104,8,16,73.0,0,8.238829175635573,802.9414576669358
228,Industrial,274.4110270439591,18,1,65.0,0,27.759320725331143,796.5807679262695
229,Commercial,360.5131845174538,13,34,36.0,0,14.638144415606352,592.0203825616741
230,Industrial,414.3972690083428,16,34,21.0,0,-1.1172075525230376,901.4616281330875
231,Residential,114.35306270366888,5,16,62.0,0,22.05067656923014,254.59913900536867
232,Commercial,383.8454902221242,11,32,54.0,1,15.118385418466431,621.3633355448034
233,Residential,213.43373799472357,17,40,28.0,1,5.83123454662155,265.2377743948077
234,Residential,355.51983649761627,10,33,32.0,1,-6.052735204771134,461.8594005737317
235,Residential,115.37808468401869,7,15,58.0,1,-5.3965739729601845,386.53632897697463
236,Industrial,281.8288317784501,11,17,70.0,1,-1.5169773634129573,819.7286292031125
237,Residential,426.9030239726459,8,17,23.0,0,20.28190036659197,357.49665359915923
238,Residential,97.89413884316178,19,35,70.0,0,22.758713995227403,246.4308713872374
239,Residential,422.45634118575714,5,29,64.0,0,18.391213374435708,437.0468669369626
240,Industrial,253.74577808634754,16,12,86.0,1,5.1770774465087825,793.2103401306894
241,Residential,420.4722212250954,1,37,31.0,0,9.821151941987548,400.9459138826669
242,Industrial,481.27446951638046,19,13,19.0,1,21.930190007589523,740.2075632118825
243,Commercial,121.84367418568756,10,21,72.0,0,19.693478151662486,519.2292610446518
244,Residential,353.5563242267361,14,39,8.0,1,24.785608891072627,247.73747378016913
245,Industrial,155.79340424107724,17,1,84.0,0,0.8511899345731884,842.6763378205294
246,Commercial,110.99942391657953,13,49,64.0,0,-9.797999891520286,617.8859085445516
247,Residential,332.6371682213068,16,13,88.0,0,1.989894535950393,545.8331155608774
248,Commercial,98.59263460187414,19,43,77.0,1,5.655115896812749,518.0382212808834
249,Residential,259.3276565558171,12,49,41.0,0,33.22310589314846,344.91095672869824
250,Residential,336.1794531572754,16,24,51.0,0,-0.20204770110164283,449.50813883360127
251,Commercial,274.8338275825953,17,24,7.0,0,27.188195783066426,479.19683392450753
252,Commercial,363.68117481739176,15,13,52.0,0,18.01301880424093,614.8476044775476
253,Industrial,410.63540133493643,7,36,72.0,1,-2.4608508445244457,957.063807443546
254,Residential,442.5108902365527,19,5,91.0,1,8.157716480313258,493.28230680394614
255,Commercial,301.94251507965805,5,14,3.0,0,12.957139576348755,439.5369222977278
256,Industrial,174.48371190556526,15,16,17.0,0,5.486757364305413,731.4106762100803
257,Residential,279.3478406685788,15,6,5.0,1,0.1767553136489841,315.7189602880902
258,Residential,224.45987332185877,1,2,60.0,1,1.3782922853916837,384.0481966136018
259,Commercial,151.66651531242883,15,45,73.0,1,16.3342594401027,450.4157486300062
260,Commercial,288.080296935701,3,4,70.0,0,20.96477236673233,586.5774193100284
261,Commercial,60.19468823898589,15,16,8.0,1,11.103706639134447,361.70599087250866
262,Residential,322.50420475544524,8,36,44.0,1,32.3781126535873,318.7565602414163
263,Commercial,419.72170701067773,10,48,26.0,1,22.78548917750922,553.3121494247893
264,Commercial,499.7460742423148,14,21,48.0,0,30.129108465577062,708.935367696358
265,Industrial,464.75558364380254,3,17,84.0,1,11.404859582975199,930.1267545330508
266,Commercial,90.41716223500387,9,3,26.0,0,-9.33026824198864,567.7802969976209
267,Industrial,123.09322086442234,10,24,58.0,0,16.643173832323235,627.9979304897946
268,Commercial,112.39008028697077,2,6,67.0,0,26.821672076390975,494.2449165819579
269,Commercial,301.2581987783152,18,19,58.0,1,14.144077668041348,566.342794444897
270,Industrial,70.67118478299918,1,34,,1,15.555547167954707,520.8464204868146
271,Residential,471.6467302451986,11,22,15.0,1,33.87369031242303,361.8610629014038
272,Residential,77.82650162877246,5,46,11.0,1,6.476398296874752,173.63889170320715
273,Residential,226.06274990419672,4,3,96.0,1,26.0842768492205,370.410507863059
274,Industrial,452.2864178754699,1,39,96.0,1,12.72834077644006,844.5345381180217
275,Commercial,476.77024422172275,4,23,6.0,1,10.86699517227947,559.3775274776865
276,Industrial,259.3808534866197,1,11,2.0,0,-3.4490321602455305,744.1967722138106
277,Residential,269.79419621649504,15,32,23.0,0,23.67777876114709,306.56119263461306
278,Industrial,336.2796921633991,19,47,93.0,0,27.04824899998792,883.3099323770035
279,Industrial,233.43746081816792,2,30,7.0,0,9.389485028461635,615.561485303684
280,Residential,196.09758698605563,14,36,62.0,1,24.358876701825665,274.3996451309027
281,Commercial,382.7421554659669,3,3,30.0,0,16.150435405992468,543.0309814923542
282,Commercial,317.91123710702675,4,48,80.0,0,1.5899441587476169,711.9050907793606
283,Residential,266.75199256861777,1,40,1.0,1,31.567198754955022,263.1015796852316
284,Commercial,95.3543008018228,11,40,77.0,1,21.35471361636613,446.66857994678384
285,Residential,80.9877290022215,18,36,36.0,0,29.525057795542793,279.00391271771434
286,Commercial,279.86685144730967,16,16,1.0,1,2.6658991534747436,519.818849011967
287,Residential,328.7442739329415,15,32,22.0,0,31.23634352059547,382.1469808663067
288,Industrial,345.88027584359486,17,36,93.0,1,6.410008754366597,933.0406704767275
289,Industrial,452.7005485648874,2,38,62.0,0,-9.5710651332266,962.9010214894236
290,Industrial,417.301188631102,1,22,80.0,0,-6.623720291582282,1000.0
291,Residential,113.34300749170251,14,38,44.0,1,-5.979768202032478,310.2010246167849
292,Industrial,407.493931482456,14,12,9.0,1,-0.6785484307627687,784.6129085388543
293,Industrial,354.3364144158833,18,40,89.0,0,-1.6065106397948643,917.7707546807454
294,Commercial,422.6130025077539,19,14,38.0,1,-7.394770268595101,731.6438843644788
295,Industrial,429.50956920975915,6,7,22.0,0,30.292659454983735,788.6552612822053
296,Residential,205.48966270980225,4,2,41.0,0,27.273953766498302,346.40583901960997
297,Residential,168.47098837656978,8,40,2.0,0,24.327045485757274,264.01183937252074
298,Industrial,298.68531271346137,13,11,1.0,0,11.56100282515834,692.3402859617714
299,Commercial,184.37345962120656,7,49,10.0,0,9.13166692200198,504.4435222105023
300,Industrial,207.35840301320957,10,10,99.0,1,9.141401843150213,768.5999608798062
301,Residential,81.12202943888494,18,39,88.0,0,1.779533443978364,434.3912898026473
302,Industrial,496.1136763370076,1,6,50.0,0,17.37159260773556,865.6692363302891
303,Commercial,189.18363173937422,5,9,24.0,1,-7.341415702898161,522.7731960014204
304,Industrial,401.0329938755004,2,19,47.0,0,19.6452759902572,777.3330109476647
305,Residential,496.9212325881611,11,25,46.0,0,13.123585873394248,431.94575738996787
306,Residential,486.1067074717778,16,5,74.0,0,26.74340991728522,528.8948539640186
307,Commercial,335.2474176143407,7,5,20.0,0,33.77338715735372,564.066117116418
308,Commercial,292.3976524926053,14,3,76.0,1,29.447456204294504,614.3084590762137
309,Commercial,189.1744226801687,1,4,60.0,0,22.39658651372703,535.3775974048856
310,Residential,437.67802706799205,12,12,23.0,0,9.47525356893632,427.28958681584254
311,Industrial,202.09781495945208,11,26,23.0,0,-0.34640820820222373,767.512437924476
312,Commercial,98.02570809785917,17,6,73.0,0,19.91929927429991,463.8883215398794
313,Commercial,182.3442761043835,12,10,62.0,1,-0.9280400947215686,525.082712617148
314,Industrial,191.79379674908927,17,27,4.0,1,-9.088347253298762,670.6731902834562
315,Industrial,373.3184175611812,18,40,93.0,0,15.795484153834298,884.5258280156547
316,Commercial,126.29388142597168,16,23,27.0,1,7.73586852965968,399.81505654850463
317,Industrial,192.5884551536829,1,49,93.0,1,29.420839986619654,742.0461787890775
318,Commercial,84.46389102701087,5,38,57.0,1,19.060102755333777,365.1540457306474
319,Commercial,431.7805203411273,5,30,68.0,0,19.12625466030087,651.267187306847
320,Commercial,376.14895348760433,16,37,66.0,0,25.4551871436352,639.7562636990912
321,Industrial,246.8691514568859,19,42,,1,5.104340051155733,789.3778573295531
322,Commercial,243.50686974021397,2,25,57.0,1,33.11773782349356,574.8536392298892
323,Industrial,124.86730913661172,7,44,43.0,0,-0.04053288409470923,748.6828033889784
324,Residential,223.01290631997267,16,14,48.0,1,29.225595357162817,319.5897472567628
325,Industrial,458.07132850354924,3,3,42.0,0,30.987845074434084,886.5222364583772
326,Industrial,112.39611040414127,18,4,98.0,1,-8.2431830411026,806.6842736579866
327,Residential,394.2627720942317,10,36,12.0,1,18.431994663288275,339.7465297930811
328,Residential,71.2291212129106,2,25,91.0,1,23.72393779999583,260.81025537996277
329,Commercial,190.25579728511335,19,8,54.0,0,32.92236820814713,564.4181142275456
330,Residential,431.121897972555,15,25,86.0,1,1.312050461214504,513.0005843690432
331,Industrial,250.24267283034942,16,36,79.0,0,15.28325789737137,803.0182042309297
332,Commercial,366.2123184107472,8,30,74.0,1,24.79028604976493,642.8854709931556
333,Commercial,96.59379138467003,8,15,35.0,1,-3.3240016257498537,518.5662054808703
334,Residential,357.54158330003287,17,45,40.0,0,28.384195830034578,386.76761409055155
335,Residential,418.5592898518564,14,37,53.0,1,8.163711413866665,381.9527351600951
336,Residential,412.3606384503894,18,47,84.0,0,18.78878804601147,537.0518791547421
337,Commercial,247.49138836489038,16,5,32.0,1,-8.108285546677529,621.6143828740616
338,Commercial,456.8635392040457,6,18,84.0,0,0.03212624378264195,728.0870409860104
339,Residential,308.73873916480613,17,32,5.0,0,11.518324639675807,312.3586011695278
340,Commercial,418.04228475031437,19,42,29.0,1,3.0144294132611904,559.4305516942203
341,Commercial,146.0566898578838,4,7,91.0,0,33.10294637976218,614.751198405623
342,Commercial,144.60823097616003,7,42,90.0,1,25.771962656000042,536.4185529117176
343,Commercial,389.46298812256055,18,4,11.0,0,28.919596400142353,577.7384136013312
344,Commercial,340.9858067307443,8,41,29.0,0,10.984305760391518,521.7024480718885
345,Industrial,354.33944979376565,18,45,20.0,1,11.313893045950326,758.0620273360325
346,Commercial,156.45662757015566,19,31,43.0,0,26.23350557218196,465.3940011016877
347,Residential,229.8301854235376,19,16,70.0,1,7.438973335343686,351.74682432240894
348,Commercial,166.27086061643473,6,45,8.0,1,11.638218640020707,396.0131190745284
349,Commercial,80.65666826304205,12,3,45.0,0,13.786537946042412,444.81885716207864
350,Residential,141.77353415543388,6,47,66.0,1,17.322095504702958,281.00203997904174
351,Industrial,497.8239326985829,14,49,62.0,0,19.24867211448495,888.1606829206742
352,Residential,155.31887569653594,17,3,55.0,1,20.633828154193434,256.69349927124233
353,Residential,121.68195657164412,12,3,91.0,0,9.980416764083262,401.90379695055174
354,Residential,363.5945593267747,2,29,38.0,0,3.2816084787121067,399.4999448484386
355,Commercial,320.96499609475126,13,19,84.0,1,31.406936253895196,649.5253785872744
356,Commercial,385.7058796929114,5,4,94.0,1,27.20247639597242,709.8631471723696
357,Commercial,344.1528931991224,6,35,,1,-9.845317307436915,738.4203813165135
358,Residential,150.3470276987975,1,16,66.0,0,13.08155394468572,340.06434215641667
359,Commercial,275.40771873193466,8,26,15.0,1,2.3571370639543385,535.553729486611
360,Industrial,129.48926471241697,9,38,33.0,1,18.92280450185107,615.3618218180744
361,Commercial,164.0920678881829,12,49,11.0,0,12.61879259186344,419.3260164581071
362,Commercial,494.1129421063525,10,4,40.0,0,-9.047508905544403,746.226343722075
363,Residential,377.9059738069948,3,49,88.0,0,22.749763770838378,478.9390985063872
364,Industrial,402.28271363205954,10,34,41.0,0,2.3924046013252855,880.6549042021553
365,Industrial,63.526622059566336,14,21,79.0,1,1.7106433610167322,754.7915028780126
366,Industrial,221.96027291490117,5,41,5.0,0,-8.563324715911982,701.1534948245785
367,Commercial,299.861994691571,5,25,73.0,1,27.275127451279815,575.1970065468207
368,Industrial,117.3533091432364,13,3,4.0,0,16.047777977788538,587.8005536740754
369,Residential,431.84588973594606,17,45,91.0,0,11.817922262776545,489.01400242414854
370,Industrial,112.82009442516956,10,18,68.0,0,20.41157633589128,700.6196625924575
371,Commercial,336.4274615023066,2,25,37.0,0,5.541653896936561,592.6159286598673
372,Industrial,298.93424298196214,15,32,13.0,0,15.626351554423511,727.4645963751809
373,Industrial,432.19094207582714,13,20,21.0,0,1.2173033627115295,841.9664986217746
374,Residential,190.31482608261143,5,15,,0,-7.16701852625526,350.03982547077044
375,Industrial,177.837668737971,17,2,76.0,0,15.260450839724708,726.692215355279
376,Commercial,430.8858991598923,5,30,14.0,1,-0.046372610271774306,631.8836113752126
377,Commercial,149.63262838112897,14,12,36.0,0,23.751898143892156,493.7592124789667
378,Industrial,385.71862848426446,10,39,13.0,1,10.33294216657249,718.7619229576591
379,Residential,136.0156356475033,15,43,59.0,1,1.2679315796252624,322.1592281594999
380,Residential,444.06293566952957,2,47,69.0,0,17.375564057369548,499.83256846725976
381,Commercial,427.57859400859314,19,7,21.0,0,-4.752064529325979,700.3781588476667
382,Residential,404.3583722059857,5,22,73.0,1,24.264074628056385,396.988399816246
383,Industrial,271.162075908132,6,8,97.0,1,10.34800803319435,803.4452986607131
384,Residential,65.22764952957006,13,23,64.0,1,26.56905327353045,216.77577134920062
385,Residential,109.60934103417881,8,23,55.0,1,-3.7856633481327346,331.3643701070671
386,Commercial,255.47229614259646,13,12,81.0,1,7.214402450011622,592.2951393569433
387,Industrial,69.6414399869461,14,6,91.0,1,-1.8986641250430942,811.5056108386394
388,Commercial,78.56259932069024,16,14,65.0,0,-7.246199380605054,638.1660481656311
389,Residential,106.4767269825992,1,28,51.0,1,32.99064370085227,266.51860195052825
390,Commercial,167.3810139021365,5,5,69.0,0,22.69918488247548,554.3621410786494
391,Residential,387.19525525084043,8,4,76.0,0,4.652237486970844,552.0421442747693
392,Commercial,71.5920776420549,2,25,25.0,0,1.0767666538694876,549.531337941254
393,Residential,492.637727910345,3,27,25.0,0,-0.8055137331565092,523.7865198685806
394,Commercial,173.22328426413713,2,4,12.0,0,-8.064529617413337,569.7285967770711
395,Residential,194.0890001157042,11,29,11.0,0,-5.379878808183327,274.6105112002331
396,Industrial,161.5481995291479,4,41,94.0,1,-5.3691774639684775,878.7911795444332
397,Commercial,321.07585094711897,14,47,48.0,0,19.981924078893233,560.2376259081068
398,Residential,58.74198224590197,14,27,91.0,0,16.761843105444417,306.38862996631207
399,Residential,92.10628656645918,10,7,81.0,1,15.568702563662281,256.6994206506647
400,Industrial,94.44984757155227,4,32,94.0,1,23.050835432267775,711.8175196531906
401,Residential,349.0395914743149,7,20,3.0,1,1.302751518831636,282.6064799313278
402,Commercial,198.2847819240463,10,48,75.0,1,5.411375407083776,540.6711715725958
403,Industrial,246.87238436255245,3,43,49.0,0,-4.298424506328324,866.3730971945214
404,Commercial,477.4880090183835,5,36,33.0,0,16.44698888287153,654.5223168492241
405,Commercial,140.0192945699029,4,30,47.0,1,31.980750168669815,518.1406225106373
406,Residential,81.58855475565697,17,29,73.0,1,28.8412024861396,248.05577519537113
407,Residential,248.64045331189115,11,28,18.0,1,14.974946512561559,213.62867720622918
408,Commercial,123.83294558425018,5,40,1.0,0,19.007347872506905,374.3005986250914
409,Residential,115.09571681968914,12,3,70.0,0,34.6539038524154,400.5253177391412
410,Commercial,234.5594373766309,14,27,98.0,1,13.280962473497741,609.937951663416
411,Residential,351.3430201484898,13,21,5.0,1,29.176469543052413,287.81602932067676
412,Commercial,159.28335520705238,11,37,3.0,0,12.52957680814012,405.5183641171441
413,Residential,444.18375284255535,12,35,90.0,1,-7.845922471585384,556.8721651343475
414,Industrial,213.10157613484938,7,20,70.0,0,32.05976489237958,761.7988229098726
415,Commercial,470.3217180412755,1,9,11.0,1,-4.965387480315047,620.9319518631166
416,Residential,271.5778752262078,9,35,75.0,0,21.688460410674864,373.10546736535616
417,Industrial,377.0320519255262,19,10,40.0,0,0.7081528426147052,847.1400925641932
418,Commercial,432.0575867389213,4,49,64.0,1,30.54665137811088,650.7325261609158
419,Industrial,288.37394372066785,4,21,80.0,0,-0.9780024042717539,923.2122182777249
420,Industrial,432.64555308066684,11,43,84.0,1,-3.6966526173423206,935.2778056470689
421,Industrial,220.09180398887887,6,41,84.0,1,9.742083103804916,789.0139211354141
422,Industrial,213.53183347416456,19,43,90.0,0,12.350634438636742,840.8794021850117
423,Commercial,407.3285256042105,19,24,58.0,1,26.85173682210658,588.2559241554522
424,Commercial,158.57137611780524,11,39,99.0,0,24.30812403886018,581.665898889813
425,Commercial,372.6673210117453,18,1,25.0,1,4.772096620523879,565.0283417451752
426,Residential,84.68913070233064,17,46,30.0,0,7.322741571733957,236.21680211814868
427,Industrial,336.0312786916254,14,43,40.0,0,15.950166271571877,847.0060434330896
428,Residential,473.85937170906243,18,31,25.0,1,14.820921148412054,371.7930965099446
429,Industrial,255.40964911947506,14,46,10.0,0,28.79209688074762,658.249634588593
430,Residential,237.18425662035548,13,23,57.0,0,11.261320665027007,389.5934058273682
431,Residential,293.2433881204173,9,18,35.0,1,30.207905332922998,303.7238483896172
432,Commercial,373.80473352065036,19,27,27.0,0,-0.7717745811993613,673.288665878517
433,Industrial,211.47633911719655,11,41,68.0,0,29.043158946381396,796.0573548097062
434,Commercial,50.05850507185842,19,44,62.0,0,3.693167258569707,543.4226515532606
435,Residential,275.93811961345153,17,46,80.0,1,25.516594534837694,294.2884439020359
436,Residential,238.67517226196983,16,12,29.0,0,15.4424324968769,308.49300318256434
437,Commercial,289.7163777528602,18,35,99.0,1,29.40028401845545,686.978033110949
438,Commercial,371.89052657705827,15,41,21.0,0,0.4064194396502536,672.7520334626452
439,Commercial,177.5259737154554,14,16,41.0,0,21.567454711882654,541.8121424003418
440,Commercial,277.366854580969,15,21,31.0,0,28.20318630224712,583.7513510272224
441,Commercial,164.02493762880104,18,27,19.0,1,24.951071917601176,393.5731794850068
442,Industrial,256.7059864444156,12,36,38.0,0,15.469970194228107,755.1570925624477
443,Industrial,205.04259801592391,10,13,32.0,0,20.39296422800462,667.4473068513217
444,Commercial,216.06858536039053,8,8,4.0,0,-1.1567304520571753,539.7284745535101
445,Industrial,310.7124728085284,18,8,78.0,1,-0.2591352136244254,891.3750779092327
446,Industrial,360.3249463654262,14,16,65.0,0,2.0280736101175414,902.6423325906954
447,Residential,55.696323821309065,18,23,83.0,1,27.26061622526126,308.31200678494145
448,Industrial,444.48855777623453,1,45,48.0,1,-2.4652159372092557,864.113575468121
449,Industrial,213.95093384805782,16,34,32.0,1,3.4515179565895338,724.2327458582694
450,Residential,339.6246452582734,5,24,8.0,0,31.419540437101425,349.2995306589719
451,Commercial,105.07659358095583,8,21,5.0,0,23.985592594923645,367.71779868611384
452,Industrial,307.1552362651409,2,13,72.0,0,22.990656165210943,841.4124109785921
453,Residential,355.3067887548935,19,4,49.0,1,10.48136456969879,330.67899433859543
454,Commercial,120.84712059932907,3,29,70.0,1,21.60627009382273,450.24039917329054
455,Industrial,460.46966169164176,8,4,99.0,0,15.457752153800275,951.199212465546
456,Industrial,390.8598831703008,3,21,53.0,0,-6.784092157088884,979.3848523031888
457,Industrial,290.26380225767707,18,34,60.0,1,15.943676277651473,731.7774632293301
458,Residential,124.72971616260547,8,9,61.0,1,10.351127592924492,279.0940092636627
459,Commercial,439.4981162369525,18,25,62.0,0,-4.871675663469286,801.2481008269569
460,Commercial,80.88168593708914,5,41,75.0,1,5.491925681742924,516.6428511091241
461,Industrial,101.82720110523611,10,21,13.0,0,30.265881884602365,604.6897709656291
462,Residential,364.178406958627,11,4,89.0,0,26.166611660331483,563.1632454932629
463,Commercial,164.23738319410623,4,16,51.0,0,31.125646790364677,567.3709876529801
464,Commercial,256.69305474559457,10,25,29.0,0,22.268588713157854,488.13062634451353
465,Commercial,292.50955530341423,5,40,,0,18.464914794391515,490.0423683277021
466,Residential,256.20537143177637,12,7,35.0,1,-3.7343068847059993,332.93806325961316
467,Industrial,87.75214545089798,10,45,90.0,0,-5.175566378209787,857.5540461644904
468,Commercial,381.8634973828195,12,5,84.0,0,1.1039050638853176,781.4513861571827
469,Residential,157.9955934922864,5,40,41.0,0,4.138872959441299,286.31912649770607
470,Industrial,382.3392563924748,11,21,44.0,1,17.316597861732237,748.8770538861949
471,Industrial,439.38085356090653,1,34,44.0,1,29.47890862930344,761.9002795736623
472,Residential,291.36822142535317,5,48,6.0,0,30.082877022456536,298.52535539188693
473,Industrial,367.86939737422495,14,22,63.0,0,20.70605064803864,818.1987944295051
474,Industrial,66.62200373260475,2,27,17.0,0,15.826128566845423,593.8254543855816
475,Residential,66.53665267523832,10,10,91.0,0,0.9974878509827114,481.7681393519697
476,Industrial,138.7230300184311,1,41,41.0,1,32.20750249944067,671.0594517880152
477,Residential,211.27248117489464,13,15,83.0,0,20.20007728371061,355.74110810562206
478,Commercial,132.25273035367312,4,3,96.0,1,14.005573724601518,509.77266659931166
479,Residential,335.73212129512547,3,47,23.0,1,-5.321962891528763,373.6151477088148
480,Commercial,174.59942761887808,12,13,38.0,0,27.164748949394223,510.3423540892284
481,Commercial,430.5879614242761,12,26,41.0,0,5.704658155953254,615.9439376571947
482,Commercial,302.2717096638273,16,1,31.0,1,30.526401161719853,479.54264820949606
483,Residential,220.13578998210642,14,47,16.0,1,-2.4213311865566878,312.95332650394846
484,Residential,451.8851749180707,8,9,3.0,1,-7.813223389721837,415.4668822816922
485,Residential,422.7633776649754,13,39,80.0,0,9.562764037722552,537.7138642461399
486,Commercial,419.0158157919963,16,26,16.0,1,-6.476355611971285,599.8018466613697
487,Industrial,377.7580620527954,15,18,68.0,1,-7.218866575498839,893.157264191824
488,Industrial,326.39645145661274,14,8,,1,22.117951517789713,794.0970426067739
489,Residential,215.07052963870967,5,15,54.0,1,1.5819044743457056,377.2932065502413
490,Industrial,240.1701919414506,6,46,92.0,1,18.748281980765462,714.7801882842729
491,Commercial,341.2057968655786,17,22,87.0,0,15.687469021191646,613.5991689314917
492,Commercial,127.79209967589173,9,38,,0,-3.6661269099349623,535.1326769467768
493,Industrial,422.51657965036526,18,46,64.0,0,7.360056747015655,884.8048423793383
494,Industrial,472.4015991813023,12,4,19.0,1,-7.02712512244205,887.4815947098241
495,Commercial,94.0948727636954,13,21,89.0,1,8.975298398837303,492.7684434406045
496,Residential,60.10505647511104,17,16,83.0,0,-1.793705918320999,427.14448384893046
497,Residential,114.21507856648394,7,46,62.0,0,-5.666081599296959,398.1805459871421
498,Industrial,391.95617237251446,8,25,3.0,0,4.26433532994125,776.4211456649973
499,Industrial,98.52195157553105,1,23,8.0,0,-9.846133601191191,701.3336055231047
500,Residential,217.51230002925718,12,17,90.0,0,24.09960587459009,419.25079345925985
501,Industrial,78.40562717463146,19,32,31.0,1,-2.881732993243541,695.3189845203055
502,Industrial,244.65072607433297,8,48,19.0,0,18.162652782700405,647.8998906094035
503,Industrial,321.73658088419876,12,2,81.0,1,27.466200025900115,843.4055406398473
504,Commercial,332.82932007871136,6,1,65.0,1,31.275722607515668,628.1814626168082
505,Residential,283.51190567499236,6,47,53.0,1,15.090864472758405,313.75483223022985
506,Industrial,472.1485599337532,7,9,,0,25.47277215468374,769.9273222887241
507,Industrial,289.01143873243603,9,45,59.0,1,10.464727993827662,802.254831976019
508,Industrial,436.6571103281831,12,26,57.0,1,12.05813493912645,813.79278184
509,Industrial,496.86158519656965,6,49,43.0,1,14.604748540687918,805.4460653451906
510,Industrial,153.38542917390157,6,35,12.0,0,20.156166611789995,614.1057890458268
511,Industrial,169.49093744725135,9,6,96.0,1,20.146282505792204,750.6023099323799
512,Commercial,284.84129004656194,7,41,88.0,0,25.342006576590713,685.540986592847
513,Commercial,132.0702721664105,4,9,98.0,1,17.762479307506595,538.9057443934659
514,Commercial,303.8562808059768,13,20,24.0,1,29.71853762346798,502.9390067160777
515,Commercial,357.9754580808324,10,49,42.0,0,21.915623198583965,579.5749142655558
516,Industrial,77.17889705611468,10,26,9.0,1,31.80287024012447,528.4678150178534
517,Industrial,356.62770623551177,4,41,48.0,1,23.769654992235722,734.0551038023048
518,Industrial,121.76008674407356,18,34,68.0,0,23.241695536228598,683.6937209563505
519,Commercial,184.69337338519068,8,47,48.0,1,28.717874048087275,506.7518826159792
520,Commercial,382.46441967318646,15,10,25.0,0,19.511457630296736,524.1843229189053
521,Commercial,123.61549819183288,9,42,24.0,1,-1.9191106525318542,503.5592151703577
522,Residential,289.2573716510831,4,30,23.0,1,-6.266424916040002,357.5816463632533
523,Industrial,315.1288877966207,7,4,62.0,1,4.212175653621603,790.3883284945125
524,Commercial,123.96104292351826,1,39,79.0,0,26.647724131615917,531.0505380763572
525,Commercial,173.65165055004888,17,34,89.0,1,-9.023146463941359,617.2570885232918
526,Industrial,322.9087647804479,3,9,61.0,1,-3.2482174084080775,824.6320986598845
527,Residential,257.53932841150566,19,5,10.0,1,-5.224788757399521,302.72823519651615
528,Commercial,346.99160036054764,18,42,10.0,1,-8.327126372333279,614.7512318885928
529,Residential,434.6225964621354,15,9,70.0,0,26.46277267608255,480.914554639729
530,Commercial,110.76531077470382,10,25,69.0,0,2.5813629170560937,574.7025029459854
531,Commercial,81.78472129768187,15,40,60.0,0,22.80167218603733,462.7299963144365
532,Industrial,350.0269559767041,7,3,93.0,1,-3.6139550083425913,960.1442250179213
533,Residential,396.78964115873515,6,25,84.0,1,8.40201789114699,479.5528531041219
534,Commercial,252.1881448774152,14,18,65.0,1,-4.759047954617345,602.3399472188395
535,Industrial,227.25926135952437,18,46,86.0,0,-9.888381676650855,895.754293728612
536,Commercial,318.5473357048956,18,11,57.0,1,17.592300605419553,519.7700862554219
537,Industrial,298.15427851990034,6,23,87.0,0,11.644186795982865,901.1810301694353
538,Commercial,270.5768110033024,13,34,90.0,0,8.74863130989765,667.102231112615
539,Industrial,418.41730770688065,11,34,14.0,0,-6.460319653672926,904.4306981164636
540,Commercial,128.07520701430343,9,47,36.0,0,16.469217013337566,505.2846011552929
541,Industrial,356.5440101976731,12,24,62.0,1,25.100046622207643,836.3275828381238
542,Industrial,383.602882756179,19,48,76.0,0,-6.973998702269357,969.0026365669537
543,Residential,455.58590472382343,19,2,15.0,0,8.60562533780815,389.3896966860986
544,Industrial,475.29509116160466,16,13,49.0,1,4.020041472706366,888.9845990582328
545,Residential,278.5395327499426,3,20,80.0,0,30.134448961383434,416.85006003562256
546,Industrial,245.13800727975786,7,7,,0,1.8195105128356612,743.9055731619441
547,Industrial,276.75885380655757,10,9,72.0,0,32.49262999755071,817.9194830532854
548,Industrial,379.66066824231217,19,34,44.0,0,27.278109348156534,801.5300854577512
549,Industrial,57.72711594860588,6,1,78.0,1,-5.492850232348914,759.34391853346
550,Residential,128.36477095358197,9,8,2.0,1,11.628698220815089,146.15566088995132
551,Industrial,458.4498445373912,18,41,76.0,0,19.205066532326253,907.3649577502011
552,Industrial,137.9456061308327,12,1,63.0,1,16.688229325488052,668.6940700169615
553,Industrial,152.81751093759203,5,25,24.0,0,20.565364412187122,597.997844653212
554,Industrial,472.7589515416194,5,49,2.0,0,9.183791117197885,767.8689648488223
555,Industrial,182.42614566759204,6,29,82.0,1,30.713423073936553,739.3023440671874
556,Industrial,180.69923341260153,18,17,4.0,0,2.166238145373173,726.3892187813229
557,Commercial,465.66898020076803,6,7,92.0,1,-5.765462748222574,817.5991153772165
558,Residential,218.786897310555,1,35,89.0,1,34.00882514661726,347.8114629285022
559,Residential,272.27390873159527,11,16,40.0,0,19.338147373122194,328.4834553774978
560,Industrial,302.1833046692582,16,21,7.0,1,19.66388947963976,692.1760227121201
561,Commercial,440.727115099776,7,2,76.0,1,26.788698577969782,665.7733314441577
562,Commercial,84.90714246157115,17,26,,0,8.964865101093093,517.2479703331296
563,Residential,167.3853058379779,18,5,44.0,1,7.38060039887937,265.79787157524487
564,Commercial,314.15364341096506,4,5,83.0,0,32.71152533366263,656.7425211848291
565,Commercial,245.57574897087005,5,9,68.0,1,7.405161011622599,579.6950627397146
566,Residential,175.2263346299505,1,47,2.0,1,-6.468497327162725,213.46789206064463
567,Residential,234.33901671109297,1,48,88.0,1,3.852327094670839,403.7163763217575
568,Residential,484.8091858894327,5,18,45.0,0,29.30935976954921,477.9935423579074
569,Industrial,59.46465427922969,19,19,11.0,1,-5.726797710860235,663.5657413491499
570,Residential,116.13852621918565,13,6,88.0,0,22.251737876158053,299.59304703087827
571,Residential,58.39482541566301,5,27,39.0,0,1.9880507381126051,284.0922455324471
572,Commercial,317.0284965165971,18,49,73.0,0,23.55966672077598,641.0575788301522
573,Commercial,55.82159385713273,3,31,7.0,0,13.15495062564666,370.31449361509544
574,Residential,254.30718919088363,3,21,,0,18.64590744495816,330.7828746082426
575,Residential,436.6382953410975,9,14,99.0,0,0.9438306759475239,627.9982885593301
576,Commercial,93.74224535453902,14,16,64.0,1,-2.4346625235012844,512.7517088255283
577,Residential,214.328324971891,3,2,24.0,1,-7.151117625658125,341.72614165808545
578,Industrial,220.09906451192484,14,18,67.0,1,27.150955587111355,705.5526990926662
579,Residential,213.01441875071933,17,18,1.0,1,21.971807172663485,165.97128517058832
580,Commercial,377.3579202567889,4,35,97.0,0,3.2008463691424307,771.969687436951
581,Industrial,51.98431953279993,18,14,46.0,0,27.66110144042367,676.4510412287625
582,Residential,400.9842834182346,16,18,98.0,0,27.516349870904,540.3314752251879
583,Commercial,427.5686011512593,2,19,43.0,1,-3.8008385128296007,633.3272302007314
584,Commercial,244.1586038920705,2,25,10.0,1,22.115934524170513,343.7319440655046
585,Commercial,449.2206480900391,12,35,79.0,0,3.152685313598825,782.4882718119355
586,Commercial,221.46755601896447,16,7,75.0,1,11.023521731303472,492.44825618485413
587,Industrial,362.62525187967407,10,3,33.0,1,9.356516571317062,755.46699126959
588,Residential,224.97119611062948,2,38,61.0,1,17.008268729364932,271.0573936489368
589,Residential,67.02953945934874,16,12,96.0,0,5.620940880259864,396.2956257128287
590,Residential,87.54186784770809,4,16,38.0,0,-6.7035716974725705,348.3285368858009
591,Residential,248.92223708304272,10,20,20.0,0,20.269257105986092,274.4705602686125
592,Commercial,495.5432419499204,17,5,96.0,1,33.2256931251126,755.5862103482635
593,Industrial,129.9005863896344,4,31,72.0,1,20.05404837527998,678.9887107439705
594,Commercial,453.0118806353742,6,24,53.0,1,14.282238689886753,618.2152375492386
595,Industrial,463.7273842311189,3,43,55.0,0,-2.637030447130871,987.948918084027
596,Residential,234.34196832582504,9,45,17.0,1,18.133001432405283,195.1225989434471
597,Commercial,257.82146935098103,5,44,46.0,0,17.49890880242491,500.4029233581653
598,Commercial,276.2691990484893,9,24,2.0,0,17.843890593074722,460.2513502023323
599,Residential,396.6830817304314,13,16,98.0,0,30.154088257656014,541.764093783621
600,Industrial,105.6759652719569,2,47,11.0,1,22.234403021781347,546.6645076234648
601,Industrial,197.88677063498164,3,39,78.0,0,25.252993987021767,778.8313114808717
602,Industrial,126.81605218000166,7,28,82.0,0,4.100250472842722,837.2035391932493
603,Commercial,445.28636801261723,12,5,10.0,0,2.1668756516522834,645.443879346609
604,Commercial,81.73313394696677,18,13,23.0,0,-0.6948588816850982,453.4305476465672
605,Commercial,386.46686849039986,9,15,88.0,1,25.026690602565793,631.7256030719369
606,Industrial,247.883524542885,13,41,44.0,1,21.43648196461129,673.4994268597683
607,Commercial,371.5718660076483,11,49,,0,5.394228593940792,696.2393545630389
608,Industrial,450.45286599585444,13,4,56.0,0,-3.650226913346085,936.5802702934053
609,Residential,202.84804155609382,8,14,28.0,0,28.100028768845675,335.8554386484616
610,Commercial,152.15062858926123,15,27,27.0,0,7.292509328934159,515.8730414939531
611,Commercial,342.59836746469244,14,10,48.0,0,-1.4612853667883794,652.0541426957304
612,Residential,498.8866245007137,17,23,72.0,1,-3.5015224588155602,587.4612240125331
613,Residential,378.2787876180087,13,37,37.0,1,31.385593891957434,393.64056740244797
614,Industrial,408.0300835821346,11,28,64.0,1,-4.142653469622061,920.1714625857765
615,Residential,333.4357532393745,10,44,47.0,1,6.185305315646566,333.77005478900793
616,Commercial,215.68255535343906,17,13,49.0,1,18.448617495755805,468.09125588782854
617,Residential,344.5899286499496,12,36,66.0,0,8.363434108858876,432.7482686881741
618,Residential,107.84760405928067,2,32,45.0,0,11.48572098786386,280.3658031766336
619,Commercial,269.96811796629703,1,45,58.0,0,26.117980411985236,615.2848573916403
620,Industrial,307.8762038750355,15,37,65.0,1,34.9655516226432,796.7379122694277
621,Commercial,458.0374941574053,19,1,68.0,1,11.024800187690712,655.0697621501313
622,Commercial,463.87369898523366,18,4,3.0,0,7.047214149848937,560.206642157869
623,Residential,77.05602935613126,3,1,,1,8.304330741787762,331.04393690942675
624,Residential,334.3465078381716,9,18,71.0,0,6.609885530415902,518.0788503277506
625,Commercial,408.3758352766628,13,13,86.0,0,11.31971170556352,781.7908562225675
626,Residential,291.4017992670138,11,25,10.0,0,4.989867011225403,368.159735855285
627,Industrial,93.05157042709362,19,21,10.0,1,10.81774405554873,549.7336905036439
628,Residential,154.72819105865648,16,15,39.0,1,32.54557315281437,282.133076670305
629,Industrial,191.1397869812978,19,41,65.0,1,2.879594998938664,747.1442232922415
630,Commercial,348.2597346630044,8,41,58.0,1,19.33436241502059,548.2627273960724
631,Residential,79.51032106988487,12,10,37.0,0,11.912010814167466,269.72741193310435
632,Residential,297.32905263902353,2,35,75.0,0,22.95783585178212,372.12405429088807
633,Industrial,99.02051289019131,5,4,34.0,0,11.253142611231073,684.1964034585885
634,Industrial,227.80390455068937,14,5,10.0,1,-2.7755954023464753,710.5802473631333
635,Commercial,241.50032756107817,16,44,78.0,1,29.258843106072504,550.629939991178
636,Commercial,253.32703408609459,19,38,,0,20.40951813194913,444.88220987348
637,Commercial,369.8912173564616,2,38,,1,13.664187485350645,594.7817179374138
638,Commercial,86.53838794075763,10,24,66.0,1,27.398767394146233,483.3105396787551
639,Industrial,170.7090443040932,10,24,74.0,1,33.92835165436027,743.0898031882251
640,Residential,338.5083981499994,8,40,96.0,1,8.422971580054366,459.40396862413553
641,Residential,474.60450047869756,12,19,29.0,1,5.88775390811972,432.69584726381674
642,Commercial,329.3588729765508,19,20,50.0,1,23.911650801720015,515.1111292502999
643,Residential,447.5147506731221,10,28,65.0,0,10.457248790592853,522.0556375873708
644,Commercial,485.78266288822545,4,43,,0,-6.140400737564714,673.3104965527613
645,Residential,447.75694565773796,7,11,97.0,1,5.948671564573184,544.9605280109288
646,Residential,487.49309391668527,7,23,24.0,0,26.388444773541124,433.7961814944567
647,Residential,399.66864813372183,15,15,41.0,0,21.801238189676933,437.6994045608458
648,Residential,449.2203709755007,18,21,22.0,0,28.827967224595035,420.984108156152
649,Industrial,271.1531929383168,13,36,,1,-3.4018061732524885,695.3850996184188
650,Residential,205.44757846613982,1,13,44.0,0,0.9764726158626544,369.89613787912253
651,Industrial,499.86978341651024,3,32,60.0,1,-0.3369130173752719,905.5849657696413
652,Industrial,93.9919568028717,2,10,26.0,0,33.7099770282905,683.0608870054151
653,Industrial,481.18938926053863,8,46,14.0,1,-2.398401513280292,828.8272146187063
654,Residential,243.89343502297973,11,37,12.0,1,16.906852504501195,211.13705241283463
655,Commercial,60.07249011526935,14,32,20.0,1,18.48111193521536,363.29801943935496
656,Commercial,411.3573934652543,12,49,98.0,0,17.850203882217116,738.7793926967032
657,Industrial,249.8975093910399,1,20,35.0,1,21.124836801291977,641.9755617028886
658,Industrial,409.4087600226188,6,39,86.0,0,11.776474059264928,969.518991844291
659,Residential,70.16741170945821,4,47,63.0,1,-6.234027306945718,409.9402611295668
660,Commercial,488.3659258073862,17,16,17.0,0,21.55562492383144,560.644341874321
661,Industrial,351.9670796452656,18,39,28.0,1,2.6497189448379057,752.7561941353797
662,Commercial,71.59828156202475,17,5,87.0,0,-6.585762861700764,610.2985206383419
663,Commercial,52.09104930801233,10,17,80.0,1,-2.359630840452648,590.1236632876174
664,Residential,317.30071075676074,5,36,87.0,1,2.9248821085316603,442.3726975558001
665,Industrial,489.42468448711753,5,48,37.0,1,9.459780776385262,806.4043502767606
666,Residential,285.7997702989909,1,26,23.0,0,28.759558813542696,404.5347790536911
667,Commercial,209.25247141290495,1,4,95.0,0,14.142615096789807,652.4915302830574
668,Commercial,472.51667099030175,16,38,15.0,0,11.238526465801051,602.1589966639706
669,Industrial,492.7791255772108,14,46,13.0,0,-1.3933989558002988,878.4340447178059
670,Industrial,403.018162821067,10,26,14.0,0,33.1668223185561,742.2375041827872
671,Residential,373.0616392773566,7,20,,1,30.883216778001135,461.00774788460467
672,Residential,50.928666077817034,9,13,9.0,0,26.723475354343847,184.0045714879388
673,Residential,191.15719384427487,11,46,8.0,1,4.541805271583781,206.61985249735005
674,Industrial,466.3293102031135,6,7,78.0,0,15.273243093415829,919.5469207012274
675,Industrial,215.6611135297449,11,24,71.0,0,7.4981149671148195,873.9080833545788
676,Industrial,200.5608065565809,14,3,67.0,1,8.131136555017672,787.7497781475704
677,Commercial,291.73129529698235,18,3,23.0,0,-6.754088990627725,672.9654555203309
678,Residential,251.50386262843298,1,16,81.0,0,-3.697993793325737,497.4148188108278
679,Residential,436.4590455198092,12,31,41.0,1,33.25259537790362,404.8212507702269
680,Industrial,86.76323088900055,1,33,89.0,0,17.453771911557478,751.6602281212796
681,Industrial,346.43720876504835,3,14,87.0,0,-9.716067629636344,979.69730902014
682,Residential,363.73558422256883,6,48,75.0,0,26.413368096136374,485.2095604419601
683,Commercial,446.05074312482844,13,25,32.0,1,-6.0831271334744015,696.6259404209446
684,Residential,237.10298200102372,5,2,65.0,1,21.86700911474248,373.6367114263343
685,Industrial,182.75240462877426,9,41,27.0,1,17.938205973184637,566.2882153829869
686,Residential,331.9523880654402,16,13,92.0,0,-7.167193272996063,617.4081109074339
687,Residential,376.21628144152635,6,18,90.0,1,13.892262677406617,434.2612428343634
688,Residential,126.94067448915084,3,20,64.0,0,-7.865411133719351,476.3588951303735
689,Commercial,121.17363111455691,4,2,73.0,1,-7.1024612670503195,603.1546478224146
690,Industrial,168.62141316737456,4,7,94.0,0,-7.69695228377437,915.2602702144181
691,Residential,161.56279434146185,19,13,67.0,0,1.4948556629118244,436.09506769449104
692,Commercial,387.79434805708786,9,8,95.0,0,26.079617694209176,743.7957529807012
693,Residential,288.8161688847053,15,3,53.0,0,6.310462998665198,407.8478760426823
694,Commercial,296.50588401682705,9,14,10.0,1,18.779221079750315,427.6043351430765
695,Industrial,56.61597467625113,12,23,51.0,1,-4.381794426870262,684.4733654685338
696,Industrial,497.41588597150394,5,8,32.0,1,31.978913483677694,827.2470569682183
697,Commercial,423.4055348752509,17,33,65.0,1,12.690834894397646,656.5982321924403
698,Commercial,249.64902314183368,17,27,46.0,0,-8.893229556189445,707.7934508774981
699,Residential,80.0969986579575,14,11,72.0,1,14.183299860735936,208.34012919563182
700,Commercial,362.4295918821474,7,33,10.0,1,-1.6961443359187829,594.2884727954754
701,Industrial,290.7707645061581,19,11,88.0,1,-1.1882610581155397,900.2240962086022
702,Industrial,354.8925073261639,8,38,83.0,1,17.01685266837166,773.2348335386016
703,Industrial,354.90986625781653,6,43,62.0,0,0.1872573286428949,853.0959608735361
704,Industrial,119.63046356829743,6,18,71.0,1,-0.3708517854941249,754.3390683387058
705,Industrial,197.96443326158558,6,28,73.0,0,14.343192720234196,771.1345618848572
706,Industrial,57.992022829615195,19,41,54.0,1,0.5956753139485365,685.8335946846646
707,Industrial,492.0182706266357,19,26,96.0,1,-5.026932787982902,1000.0
708,Residential,412.9094717795762,17,30,83.0,0,8.371561191272711,485.3703561364902
709,Industrial,467.96385149267627,2,45,39.0,1,-7.660070281260145,866.8194933154157
710,Commercial,69.85878673600135,2,10,29.0,1,30.73953900462373,355.6761352633898
711,Commercial,275.1561482331468,12,42,16.0,1,10.319183717065602,503.07489689568735
712,Residential,386.34518782093716,9,3,44.0,0,-9.41073909505436,549.4351041436865
713,Industrial,96.66713668645528,5,32,67.0,0,0.10934379368493019,786.7084475851799
714,Industrial,399.689130310326,17,36,69.0,0,33.10180314610308,888.0267219243019
715,Industrial,341.3760226345363,18,10,70.0,1,12.3375905604601,792.98621670799
716,Industrial,493.2298863282311,6,21,17.0,1,6.150035120675444,788.4821791743958
717,Industrial,113.38960888097445,18,7,81.0,0,4.180017847214192,816.5946386874858
718,Industrial,333.17477974003054,19,25,42.0,1,8.763679325599092,814.3448529025382
719,Residential,476.2104630279776,16,34,96.0,1,-0.47060183021749324,549.6254182538077
720,Residential,384.6512363476218,13,25,40.0,0,23.710717355392113,378.0847023224744
721,Commercial,201.26658901333042,17,9,14.0,1,12.873733911632232,407.4198077886487
722,Commercial,103.66287505213533,10,8,32.0,0,23.814515247482163,357.9653661647304
723,Commercial,483.6949253415648,15,35,,0,1.447177329193675,746.9668593401708
724,Industrial,82.35667264171556,18,44,77.0,1,-9.934640869477219,797.3184253459626
725,Residential,488.82580552495017,7,28,47.0,0,33.4803050672971,517.7097142700726
726,Residential,186.58026483238135,6,10,23.0,0,13.042974399451438,256.4107483194925
727,Industrial,437.1399993208308,16,14,60.0,1,-6.411733987906612,932.5975947699984
728,Industrial,299.440300529506,8,29,12.0,0,-5.331194935390917,796.1221979682261
729,Residential,460.66573824104853,3,1,86.0,0,9.560516291774363,556.6748143331259
730,Commercial,241.97851922711024,15,19,94.0,1,21.286890074928912,598.4649895297863
731,Commercial,432.4117840875615,16,14,58.0,0,7.848882946223938,703.995725002032
732,Commercial,157.27328416836275,13,20,22.0,0,26.9068623585024,412.32441627767855
733,Commercial,260.03368361476896,8,38,64.0,0,4.807676648889082,631.312862872898
734,Commercial,430.836104557093,5,48,74.0,1,-7.947757059035745,789.1143920309653
735,Commercial,103.26275315928869,11,36,12.0,0,-9.626897617976251,517.8314718396074
736,Residential,377.8854315961889,9,41,92.0,1,28.67499319673354,489.07335233873073
737,Industrial,246.59232282955267,9,8,87.0,1,34.30080241571956,865.0680020546441
738,Residential,280.9467313591236,12,38,24.0,0,-4.024051654744261,434.9507226355133
739,Residential,310.5643648960676,7,42,92.0,0,-7.2081655690391635,590.610264135318
740,Industrial,174.04704001100004,3,24,72.0,1,31.14834376400421,743.3272973879697
741,Commercial,93.3673547258744,4,7,20.0,0,-5.465962020439811,507.3321960168657
742,Commercial,58.39670863565505,15,43,3.0,0,0.27818843520412706,430.74298772625417
743,Industrial,243.914946681651,6,5,71.0,1,26.07411908988051,786.0619282857105
744,Residential,170.99182946033284,1,14,23.0,0,34.90929454937694,326.3474095857125
745,Industrial,334.8185354995722,2,9,59.0,0,11.87062502417282,821.497165393476
746,Residential,372.17204506607004,19,20,99.0,1,-0.5153144940211778,528.2762630749273
747,Industrial,276.68513563466655,8,26,33.0,0,28.147310743243544,747.6167099168656
748,Industrial,328.5325927421151,13,25,46.0,1,7.7440179008113645,777.4030929582412
749,Residential,302.3357567208609,7,20,35.0,1,2.2689023009335383,349.1725071238635
750,Commercial,52.060123001429496,2,6,22.0,1,12.068745070728806,324.8620018657014
751,Residential,428.765865718176,12,7,34.0,1,28.51092216244097,390.96756699534865
752,Residential,76.8031371360408,4,36,36.0,1,0.4850368321771725,245.8397085511545
753,Commercial,234.65319038042708,10,49,26.0,1,9.072554733501303,455.6531287308942
754,Commercial,99.95832624716293,6,36,41.0,0,9.990965921800573,468.9276341841426
755,Commercial,348.0412755097689,2,20,10.0,1,27.47439070549354,461.75847819912826
756,Residential,196.51449392386488,6,46,7.0,0,20.42023339215278,236.50044508482526
757,Industrial,82.01847825903326,11,18,42.0,0,25.12189783488502,679.0607280069937
758,Commercial,70.40876811479498,11,8,11.0,0,21.202360315228457,385.02425688089204
759,Industrial,156.71378791580565,9,27,81.0,1,16.670415729322933,713.9092583866893
760,Residential,350.2691403389241,2,5,72.0,1,-4.041585013668793,451.37571963046383
761,Commercial,373.19967417888006,9,31,71.0,1,27.482713532667674,631.4835811820122
762,Residential,107.79368724322785,16,46,72.0,0,17.327542051279686,370.62462759474806
763,Industrial,112.60049616543466,15,41,97.0,0,21.552722803152196,752.5050300887485
764,Residential,316.9521234295105,6,21,6.0,1,25.043659285675744,197.63529187459903
765,Commercial,480.769855715954,16,3,46.0,0,4.02649345182035,734.1022969772642
766,Commercial,298.8099782518858,11,26,5.0,1,9.67914868698844,407.8023731048949
767,Residential,370.283957276308,13,17,80.0,1,14.358080096540476,394.843032633455
768,Industrial,308.9371829474178,14,30,45.0,1,5.427011223216537,759.7620880445984
769,Residential,97.17610150225875,9,23,14.0,0,1.6341570368195608,301.74724022502534
770,Residential,475.9088048101283,3,25,34.0,1,24.957473209304283,385.6227794808452
771,Commercial,82.39322101927921,7,4,56.0,1,23.917943302719813,404.86135473897514
772,Commercial,391.9415642850343,4,41,58.0,1,27.43096792714725,581.7599675529126
773,Commercial,490.70850271629524,5,11,50.0,0,21.35127480682713,619.5767918791393
774,Residential,193.54874306175665,4,41,98.0,0,4.027728544173607,456.77372447355606
775,Residential,127.23361003176888,8,38,89.0,0,4.7151019808566925,411.64935391389133
776,Industrial,304.77845980589774,4,18,86.0,0,13.750738042849026,857.5837370770297
777,Residential,407.7799538730381,11,33,67.0,0,27.6017955764528,494.5654086211555
778,Residential,477.2637723131793,13,36,82.0,0,5.583192378118369,580.4934136926124
779,Industrial,362.15341437707366,15,38,56.0,0,24.46725505964259,779.7931443359731
780,Commercial,201.14290185713392,16,18,20.0,1,3.7561665772750636,411.07302357388
781,Commercial,272.4557710284962,10,49,13.0,1,5.233642229763214,467.1065432785437
782,Industrial,392.54026364789877,10,16,98.0,0,23.856464877680793,972.7595494851727
783,Industrial,404.56959065048375,1,22,85.0,0,20.53589050153075,865.0305535568815
784,Industrial,83.4967620363442,6,21,93.0,0,-0.6297228505620662,836.210785558869
785,Residential,326.1828473137368,12,44,73.0,1,27.21595542425669,353.021179901917
786,Commercial,485.3165234484942,1,31,86.0,1,25.307468343701622,674.3822681124858
787,Industrial,403.3655153752562,5,31,95.0,0,25.883814066118433,940.0648752143588
788,Residential,53.2952536321338,18,27,45.0,1,11.165803049379136,226.7339534785909
789,Commercial,151.22370654898833,15,41,31.0,1,4.788783039300052,464.19868072103105
790,Residential,250.253949318829,4,37,70.0,0,28.240181244419546,418.4051405513937
791,Industrial,367.8212606707968,3,3,41.0,0,16.469583470679066,822.5800533738982
792,Industrial,299.8610207036607,4,31,46.0,0,31.894072914496604,806.5072295506143
793,Industrial,84.79753619244323,10,34,2.0,1,1.422216488734902,638.9171895158435
794,Industrial,382.22086229975554,12,26,7.0,1,33.903197737661344,736.0326738513819
795,Industrial,427.4211568458611,9,24,12.0,1,7.064811919703722,733.1386255884557
796,Industrial,142.59102159785414,4,10,64.0,1,7.30123133459421,689.2549974934954
797,Residential,80.34063489987784,2,29,43.0,1,0.7467492214146034,262.1957604203339
798,Commercial,405.93088417173624,7,38,51.0,1,33.42614113018853,618.6373464324754
799,Commercial,338.2008594759166,12,13,,1,-8.212859314267885,755.4254782782924
800,Commercial,411.5768116534942,12,37,20.0,0,11.301093403527638,627.5134071572925
801,Residential,304.9685420662179,18,39,13.0,1,6.446671689751248,289.4675358302774
802,Residential,242.8420519887687,1,6,47.0,1,-2.8331513113451487,394.1919312571521
803,Industrial,483.384970807407,7,14,85.0,1,22.095954885024142,878.9291671993643
804,Commercial,400.9818898946109,19,30,26.0,1,30.42444936537197,549.4867342650085
805,Residential,235.3623108120636,13,39,97.0,1,0.9606163639944914,468.91607556904864
806,Residential,458.3831388677451,5,49,58.0,0,12.394482130845127,500.8632748115959
807,Commercial,497.0746607756302,19,4,22.0,1,16.019628391252724,625.0867573405869
808,Residential,188.7064314059259,7,45,59.0,1,7.5720022253377905,375.68743275160404
809,Industrial,451.61455500419333,15,28,75.0,0,31.469215862650437,972.2973875553962
810,Commercial,70.42886330949763,17,39,15.0,0,10.768228779308448,404.5310916377458
811,Industrial,146.45705115920808,2,10,45.0,0,34.22511079491187,701.783421045175
812,Residential,122.41052269364238,7,26,47.0,0,3.284231643895726,352.58877189265894
813,Residential,210.46711111602727,11,34,82.0,1,-6.703871511761042,399.35050561197994
814,Residential,303.18016012592875,18,29,31.0,0,15.873526926941128,331.42670430966143
815,Commercial,373.9909317504873,2,8,98.0,1,27.05030262617062,682.9794601065245
816,Residential,456.26170872521425,7,39,29.0,1,7.477614506711269,367.58485786168785
817,Commercial,121.34643492734517,15,18,41.0,1,-1.6705511656892433,509.9850605755327
818,Residential,310.2275817119708,19,9,,0,23.22080004808293,458.60879498630356
819,Industrial,299.6119974510649,2,22,18.0,0,2.189829601859426,772.5984746084728
820,Industrial,256.3132393940517,2,18,96.0,0,24.63819619270396,845.7400262327926
821,Commercial,362.56219129597963,2,37,10.0,0,1.8044676181552042,614.5401205801176
822,Residential,281.0125003656545,11,47,9.0,0,15.077970741920854,334.83838411205033
823,Commercial,297.5861290817224,6,33,52.0,0,29.945471357277448,609.5300559004016
824,Residential,456.49894926822486,14,48,27.0,0,-0.7922317689913072,506.6975716970468
825,Commercial,437.1224947913973,10,45,26.0,0,26.931251089404775,596.5288638333277
826,Industrial,309.80030039015077,1,48,85.0,0,1.944335239311247,936.1015309040944
827,Commercial,120.29434545913753,19,2,29.0,1,19.729919654440362,391.1910350392476
828,Residential,481.41567002488006,11,26,20.0,0,0.9670758678289495,490.86583996285134
829,Commercial,330.2149693808873,13,17,73.0,0,-4.844381007536455,787.2192763484222
830,Industrial,413.36358111805066,12,4,68.0,1,19.8810475829984,785.5176997007084
831,Residential,74.75979890103396,5,9,15.0,1,16.769968781119946,134.78480839649143
832,Industrial,453.5714201770921,19,10,52.0,1,8.066759758809678,883.5486916681757
833,Residential,362.0729895845818,8,49,87.0,0,-8.34929223247999,588.0644582656431
834,Residential,358.44120038910364,12,5,80.0,0,11.387567055094145,506.9136592300779
835,Industrial,99.55055856713466,5,38,1.0,0,-3.3082072581526445,723.9381377012176
836,Residential,370.78847820164634,12,49,19.0,0,6.176223846974178,416.922121475506
837,Commercial,84.48676165426886,11,40,26.0,0,16.378908936119856,426.0211501229177
838,Residential,75.12168135404448,5,49,59.0,0,32.270856684387894,312.4830632833721
839,Commercial,196.40656917580975,8,22,,1,13.009038316630871,426.3851326006782
840,Residential,60.42633559003027,16,41,62.0,1,-1.2347637709774837,280.5508187565483
841,Industrial,121.83135167458876,3,19,92.0,0,32.58018373990476,764.8995259906283
842,Commercial,376.75703418475206,6,37,57.0,0,-8.834051943841413,720.051722697866
843,Residential,425.7164616093978,5,33,60.0,1,18.926905977859594,389.603203406398
844,Industrial,130.78463955957972,10,49,35.0,1,1.8076451617644231,641.8193913442918
845,Residential,420.483893676722,12,6,35.0,1,24.087956655938648,417.90988125165654
846,Commercial,266.23854303296844,15,23,40.0,1,4.9050430055664815,514.4375107850581
847,Commercial,481.05259053467825,3,14,21.0,0,9.293589810362015,663.7277734634649
848,Residential,112.68902922893284,4,31,27.0,1,24.668752093763963,162.95544106807813
849,Commercial,74.1041520300288,7,33,47.0,1,30.40183603038026,432.9441525760678
850,Industrial,430.28595759633083,1,17,13.0,1,-1.7850951427354236,802.8839802478957
851,Commercial,212.89349540253394,8,1,54.0,1,3.3331585877884393,515.813338997602
852,Residential,255.7265864919303,17,12,6.0,1,-9.805385056596894,339.5569474886431
853,Commercial,280.3073026154592,11,3,31.0,1,28.54572213024983,538.2781419477597
854,Commercial,421.3250275937438,7,45,87.0,0,32.620771273157274,743.4313643144658
855,Commercial,84.20017134080123,11,36,33.0,1,2.575055490748074,452.91585647642125
856,Residential,298.00592019014334,11,24,9.0,0,7.304978177562504,340.7390718490198
857,Residential,243.75570763308127,15,41,69.0,1,9.30304273132931,375.24739428193124
858,Commercial,203.12613819385368,6,48,44.0,0,8.438833955006366,494.85126386533886
859,Commercial,206.659049289241,19,14,58.0,0,7.679390656399995,604.6520406977429
860,Commercial,468.6533395636048,13,37,38.0,1,11.414357969667599,620.232872198367
861,Industrial,170.65063503649702,16,28,44.0,0,-3.079738434834188,790.8900408503122
862,Residential,254.57862429913308,12,27,68.0,0,-7.404399920531461,541.5581369949333
863,Residential,271.761056482534,19,20,32.0,0,22.5586928229598,345.9376342317028
864,Residential,373.9387016722655,19,15,3.0,1,28.095470458855722,295.96940140180277
865,Residential,283.5439514821274,7,42,98.0,1,26.45867506243158,406.3473378184979
866,Industrial,329.5547325609958,18,25,59.0,0,18.198191892561386,785.5125597936807
867,Residential,229.47388504009905,14,44,12.0,1,33.59650567558965,254.08447828360167
868,Commercial,373.37748654264635,14,6,46.0,1,-9.93055996210609,696.8175222209388
869,Residential,259.63331032635847,16,46,32.0,0,4.379404046841744,371.814281545787
870,Commercial,150.22090131932083,18,14,31.0,1,3.9507250012970143,475.3553546050091
871,Residential,417.6185983136271,9,39,13.0,0,5.735282625905809,370.85364442617174
872,Industrial,394.453476887285,4,42,49.0,1,25.999532177491126,800.7162659897721
873,Industrial,332.37056556638373,7,30,86.0,0,5.817345854132482,945.9324193544659
874,Industrial,284.8762459669082,11,47,91.0,0,13.71876119902316,845.044374115209
875,Industrial,143.82324800582057,6,47,69.0,0,17.627293402461692,708.6570832883381
876,Industrial,440.7593374422773,12,28,64.0,0,28.042245855346465,869.4854045758361
877,Residential,93.73655335205552,12,31,26.0,0,17.71377097125461,267.5213430597652
878,Commercial,222.4326958819418,12,9,49.0,1,7.158792185135869,548.032746550307
879,Commercial,433.65241945470643,14,48,,1,21.263396993273467,638.2529084610924
880,Residential,318.0050546495154,10,2,23.0,1,13.199101040323846,270.97731032914055
881,Commercial,247.37894528807496,2,47,92.0,0,13.778100540704646,608.2440593101729
882,Commercial,406.11236157779706,12,45,66.0,0,5.081864153733763,733.7879915263886
883,Commercial,495.2813194669044,17,1,3.0,1,-9.927661680648944,645.4393824612704
884,Residential,134.96602757726032,8,2,77.0,1,6.0131126451537895,355.1623722708123
885,Residential,72.82985085085865,2,48,21.0,0,3.622306819106189,302.2088384615406
886,Commercial,258.34461759104875,12,28,46.0,1,-5.484743461420578,568.259028743601
887,Residential,179.3282499477749,13,36,39.0,1,-1.0613710938335092,304.0970342721039
888,Industrial,350.03819178872095,1,23,78.0,1,34.14005351579671,867.4994698592692
889,Industrial,272.4162614224599,18,20,38.0,0,2.591762877849799,793.0304758288825
890,Commercial,274.5513285855052,14,33,28.0,0,13.317111554745889,521.9308616416548
891,Industrial,209.74191304186016,12,30,69.0,0,14.719967732161575,794.2869849665889
892,Industrial,144.80287211118412,4,38,,0,15.201352537674296,708.8477432713704
893,Residential,146.0544386145926,14,25,62.0,0,-7.870233919592016,426.192648370535
894,Industrial,224.1366080404659,18,48,17.0,1,24.715798223405834,603.4559299729876
895,Commercial,356.82610139132953,4,16,40.0,1,22.865526092324025,520.8534184094887
896,Industrial,201.71712597855202,8,38,35.0,1,33.97364614562358,724.6198061431653
897,Industrial,196.7077036249779,18,47,82.0,0,-1.6888931836405714,822.0697385643024
898,Industrial,241.2502619554037,4,39,57.0,0,14.920608730719799,756.7977264212966
899,Residential,495.887654744877,1,7,85.0,0,26.172360211584632,567.8158404611482
900,Residential,91.05603829227607,6,44,25.0,0,-4.40442908098256,299.24487918117507
901,Residential,182.5936175799918,13,33,,1,25.530684558202537,317.76405192795653
902,Industrial,181.40094632393314,2,34,15.0,1,2.1483477773323596,627.9024289222453
903,Residential,488.52535023603787,19,17,19.0,0,2.6380734187973367,479.64631998928127
904,Residential,233.23010000829623,12,49,51.0,0,32.551799978083956,378.8656403679881
905,Residential,305.13737052682484,14,40,13.0,0,4.124289076535362,301.2119199806236
906,Commercial,139.15893233974566,9,4,96.0,1,16.290683534415297,515.3706839319243
907,Commercial,55.71875285950443,10,13,95.0,0,9.804182897799745,607.1558174219552
908,Industrial,202.67123683216295,7,26,78.0,0,-6.482830273602049,887.9734968411109
909,Industrial,337.56487787994405,9,13,25.0,1,32.77171525336511,749.989110005226
910,Residential,361.1932148818253,15,32,83.0,0,-0.38236420138312255,545.7350831926113
911,Commercial,389.2441245459044,15,43,,1,2.046253705986553,604.8250203518335
912,Industrial,437.2986398637055,11,12,83.0,0,6.976095012584398,967.4502653145199
913,Industrial,102.03036905739677,18,14,81.0,1,12.434119739471427,701.4679346764037
914,Residential,87.25667549962719,2,21,59.0,1,-3.507142777020995,302.65460454145745
915,Commercial,404.458431475485,19,33,16.0,1,18.347146505775044,505.7170171155443
916,Commercial,246.08810256464741,2,41,96.0,0,13.161612206438964,607.805564907546
917,Industrial,476.20252700224955,13,3,95.0,1,3.6354647388246555,974.7836121051175
918,Residential,474.56811790336934,4,7,51.0,1,21.169331113064434,421.4567888098857
919,Industrial,113.74344757535366,3,15,10.0,0,13.13360639416572,596.3856902873912
920,Residential,361.0511452142666,15,7,72.0,0,27.830853623476287,428.9863390037181
921,Commercial,80.19829066562207,12,43,55.0,1,28.4932158066472,472.2161838126673
922,Industrial,231.53451099046427,1,48,62.0,1,34.10480137630107,760.6165064337116
923,Residential,428.7695197134191,11,26,45.0,1,-6.969890897701443,484.067755000362
924,Residential,257.43178513463135,17,26,66.0,1,8.233038819599162,375.0704869461958
925,Residential,65.12604497809352,8,12,25.0,1,12.568353836792468,155.8073032221883
926,Industrial,158.1478896595942,14,40,58.0,0,0.521443963295976,745.8199759633469
927,Industrial,88.86669941324804,5,45,91.0,0,31.491583574385885,767.057684767393
928,Industrial,233.70588132783686,15,2,64.0,1,-6.034222690167079,825.6926623749949
929,Commercial,363.5145720542735,2,40,44.0,1,9.282774261077222,574.1243484357539
930,Residential,347.1608327373398,7,15,24.0,1,-1.6664175402912758,327.1818554594777
931,Residential,373.52299765080375,13,44,51.0,0,20.696246487514262,384.2981780891164
932,Residential,222.71720369972374,11,31,63.0,0,21.724654901318793,395.47939306741875
933,Residential,169.37581950535065,14,37,24.0,0,29.263130696292542,280.4078915477842
934,Commercial,75.6195428185714,10,34,48.0,1,8.403675432536371,467.96650349030864
935,Residential,473.7089121457976,4,12,20.0,0,24.879967009632885,418.61599258144264
936,Commercial,103.2261226969171,15,6,32.0,1,14.731125557204955,372.6556063871012
937,Industrial,130.20987251503152,3,40,34.0,0,26.55219094961692,647.4216858599594
938,Industrial,61.25036047891768,11,32,93.0,0,-6.157945394707633,859.4478653363739
939,Residential,192.72570069255949,18,36,52.0,0,10.855144402638917,329.76293964528463
940,Industrial,418.48113655140077,17,10,38.0,1,-3.2247733473854936,885.843463891561
941,Residential,199.51102949129395,14,16,14.0,0,25.565996804365696,246.43024653396796
942,Commercial,349.69222707732837,15,25,24.0,0,-3.129787658397156,663.3760413330511
943,Industrial,484.49505941374724,18,30,99.0,1,-9.63728332708223,1000.0
944,Industrial,451.63876943591424,3,40,83.0,0,31.82856829782787,965.3020682579673
945,Commercial,130.9874672764796,13,29,,1,11.806924228534541,482.1194390977213
946,Commercial,211.64330172986413,3,48,8.0,0,34.333589956668845,525.9577433953697
947,Commercial,388.01322415038027,7,23,6.0,1,10.384875546243652,574.1491847837526
948,Residential,489.9463977386576,19,39,,1,16.585668650629213,434.0545153799058
949,Residential,372.17072244015196,18,44,43.0,1,23.48788831448224,367.7569404231955
950,Industrial,163.49563423646842,17,7,55.0,0,2.6359252223914726,778.6884218810991
951,Industrial,109.77021789189506,9,49,77.0,1,-4.0214620512196095,754.8770525207487
952,Commercial,272.8218587315355,14,47,27.0,0,19.7508280872961,459.8731614214992
953,Residential,136.82811095956214,8,14,24.0,0,12.980906445061382,225.69240878273544
954,Commercial,152.42665871358068,14,37,92.0,0,27.20605243517884,574.3449665418041
955,Commercial,335.49431049176064,5,2,67.0,0,-7.97190433586509,706.748750121914
956,Residential,281.6759087252158,14,37,6.0,0,14.514654819609017,313.31687512999014
957,Industrial,104.31197354794675,12,5,66.0,1,-1.6409847410539626,742.0924552143349
958,Industrial,119.15514999466166,8,38,97.0,1,17.779285011442497,727.0706362213895
959,Industrial,58.74547713109602,1,46,16.0,0,24.21978967080136,547.8982033450134
960,Industrial,148.8469477422596,16,22,57.0,1,1.835458636652362,765.2900626688157
961,Industrial,449.29092216010815,8,6,62.0,0,11.68049059962194,874.2824879557978
962,Residential,406.8650057988965,5,45,91.0,1,8.909187481668656,529.810303304719
963,Residential,236.65185561160237,3,7,85.0,1,23.969186387498844,371.61009880285366
964,Commercial,383.87034547805564,13,36,65.0,1,16.994050379147787,558.2933188672444
965,Industrial,233.13616748200033,5,5,18.0,1,-4.56816703348347,736.3803826704477
966,Industrial,406.44681779658634,3,26,80.0,0,33.95366501518788,932.07988012202
967,Residential,131.8756889809483,14,28,38.0,0,31.055187915396175,268.11277810249845
968,Commercial,118.632811875383,6,47,18.0,0,16.0424005852154,383.0753095681477
969,Residential,85.07327284143389,7,23,14.0,1,24.986460977517787,170.10592285798646
970,Residential,158.81285422080498,6,2,26.0,1,-9.101327938779928,363.15606964555764
971,Industrial,115.84230447308293,14,40,70.0,1,-0.9328679131098667,721.2847381081066
972,Residential,409.3886178475743,4,21,11.0,0,24.55383627447287,352.74572719759857
973,Residential,157.98726056490278,19,2,2.0,0,-5.2215393869697655,264.8174151872532
974,Industrial,282.2934235114694,10,2,25.0,1,-8.077299531682833,806.6942563739389
975,Industrial,390.28871849116535,13,18,67.0,1,17.70721617985089,792.9389438274047
976,Industrial,354.68350280682535,12,39,61.0,1,-8.459119257260113,851.7370689432431
977,Industrial,142.06530808340682,14,27,40.0,0,-1.7598771781850857,746.3607418165373
978,Residential,84.68233101021838,13,46,30.0,1,-6.400813625305366,268.0111577328146
979,Residential,460.29273863606977,19,5,9.0,1,14.042221170117287,302.1834947731414
980,Industrial,329.8971824390931,9,9,30.0,0,20.462040969531095,755.8311045571318
981,Residential,367.9536651257801,16,14,21.0,1,-1.7510862562637168,359.48518975617174
982,Residential,223.7063207917822,9,4,86.0,0,11.094092974673483,478.7629943515598
983,Commercial,158.7230853931334,6,1,45.0,1,-9.09230169900379,590.7059928807887
984,Commercial,288.77785946849446,14,40,12.0,1,1.909716330068548,498.96507476461824
985,Commercial,85.04684048724988,7,22,42.0,1,-1.9178041716997996,554.7190029213591
986,Residential,409.9893996368838,19,15,53.0,0,-2.5316038487909296,512.6746055633865
987,Industrial,344.5272641527394,3,25,30.0,0,0.12589914758877363,790.047203296266
988,Residential,392.7352957014478,15,32,46.0,1,26.24048293843773,399.4245236492901
989,Commercial,306.1673984209688,12,31,70.0,1,32.73877673217841,581.0043934045725
990,Residential,310.0591145116477,1,42,91.0,1,21.772353270725013,433.36910290514714
991,Commercial,320.1690470614668,11,23,98.0,0,-6.748502394607025,748.2519753280362
992,Industrial,402.8715786978262,3,17,79.0,1,18.26737155052959,792.6411134824747
993,Industrial,151.4234330939919,17,34,60.0,0,23.035190111967175,694.7775925933355
994,Industrial,356.68945021728905,13,5,55.0,0,-4.99936043123437,930.4772351328985
995,Industrial,298.7175482067014,8,47,54.0,0,3.244524803315004,826.6697810243212
996,Commercial,272.79848863325606,13,42,30.0,0,9.27715948205784,533.7510895509598
997,Commercial,293.40794917615676,8,30,79.0,1,3.982579548409685,654.6285598059611
998,Commercial,172.49005871592382,8,45,59.0,0,13.324327579657663,572.8597142510217
999,Residential,66.68628731748791,13,30,,0,-4.108591022690203,317.0416884974858
1000,Commercial,391.6237823354677,12,14,58.0,0,10.013723144242732,631.8580689652214
