transaction_id,amount,hour,day_of_week,merchant_category,location_distance,transaction_count_1h,is_fraud
1,168.34116400312763,9,5,Online,34.38507472917588,8,0
2,225.44038724502155,20,1,Restaurant,7.825546251389504,4,0
3,12.466886248830292,12,5,Online,4.822360945037965,4,0
4,681.8814372169458,0,0,Retail,70.28426965037298,3,0
5,317.78275172615787,22,1,Retail,10.099934754636058,8,0
6,1134.48655280754,21,5,ATM,14.279534764562005,8,1
7,364.5763309067862,7,1,Online,23.99480868049693,3,0
8,2218.3737864474283,8,3,Retail,63.455394537935774,7,0
9,603.1451651973875,10,5,ATM,41.795389081820915,2,0
10,1089.5959556160653,22,1,Restaurant,30.586052566296136,4,0
11,1811.2385830825876,4,5,Restaurant,207.39109010962912,3,0
12,319.0993758464349,18,6,Retail,31.831173241734945,1,0
13,501.3520524967004,19,3,Restaurant,44.22616792890932,8,0
14,1226.9215072175375,19,2,ATM,4.315373364382332,4,0
15,428.1880678043217,15,0,Restaurant,15.859631989769984,3,0
16,27.118809598654764,22,5,Online,17.326066145342907,9,0
17,596.9881045527621,8,6,ATM,12.646150525412597,5,0
18,1372.3746336316567,13,5,Online,17.570855991771207,5,0
19,759.7233709019839,17,3,Online,33.04788118546038,3,0
20,783.3373275747281,15,1,Online,96.99526261206512,4,0
21,41.28569971025365,17,6,Restaurant,51.750589923952504,3,0
22,668.5365066127811,19,2,Online,79.98951919118065,2,0
23,16.392787782461006,15,3,ATM,33.45492443809521,4,0
24,1334.3999991454625,23,3,ATM,41.95948320812231,7,0
25,1228.4811907475225,15,2,Retail,3.588902310705134,4,0
26,1963.0475584480018,16,0,ATM,7.624335410487864,2,0
27,180.62542663084136,5,2,Online,88.94235096595156,4,0
28,388.5627451097336,16,5,Retail,246.5841452142703,9,0
29,432.278489184635,20,0,ATM,76.35774364672827,1,0
30,406.78294465742243,18,6,Online,10.955034376084857,7,0
31,265.6565600911604,16,0,Retail,1.2412179376826584,9,0
32,2167.508458216591,3,6,ATM,2.0146982097972415,3,0
33,1088.8284222312313,9,1,Retail,15.62292246461337,9,1
34,471.25516275848247,21,3,Restaurant,106.41161064742428,9,0
35,521.6910859493931,23,2,ATM,11.992024871437579,5,0
36,626.3161582258944,14,6,ATM,51.45829247473831,9,0
37,462.78747315420793,19,0,Retail,7.443500411461679,3,0
38,614.6815037198555,20,6,Retail,61.300647708046554,7,0
39,847.7596531054487,7,2,Retail,7.954244092799911,6,0
40,1905.5777119374177,15,3,Online,24.26218581112393,2,0
41,945.4592109283071,15,2,Restaurant,11.537536746242548,9,0
42,69.2593770419979,18,4,Online,16.19374709375034,4,0
43,395.2697090501881,19,6,Retail,61.873789436949956,8,0
44,499.71235943833244,5,2,Restaurant,41.236847026570004,3,0
45,154.4436429442124,4,0,ATM,5.312592774317601,5,0
46,322.6764318456414,14,1,Retail,89.92913551731262,1,1
47,1349.2436156228894,7,4,Online,46.2571504659723,9,0
48,149.8659302409053,9,5,Restaurant,16.58807009422986,4,0
49,190.8392843091479,10,1,Retail,25.461388999107438,3,0
50,1194.554854985894,1,1,Restaurant,106.85834865412278,2,0
51,49.55978524889494,11,3,Retail,19.697371132073933,1,0
52,1060.8247824099146,16,1,Online,16.387295195976666,8,0
53,181.07371193110794,17,1,ATM,11.821886473054384,9,0
54,345.011773924952,7,2,Restaurant,77.549681860371,7,0
55,514.7992042332205,7,4,ATM,14.737800357391851,9,0
56,519.8668178673275,13,4,Online,32.140885629150276,2,0
57,1955.5256407426582,23,2,Online,0.5024673748457452,5,0
58,17.69654654534028,1,0,Retail,159.83043299315193,9,1
59,608.3871040657257,7,4,ATM,89.54798977693706,7,0
60,934.1626143073489,20,4,ATM,52.88592658158353,8,0
61,443.7655338976726,19,4,Online,18.3332667058758,1,0
62,1859.1473864531424,1,3,ATM,10.387546039553147,9,0
63,270.35561102662166,18,4,Restaurant,28.815773602281343,6,0
64,692.8713655094372,13,0,Online,12.657586036287915,6,0
65,579.7674405240556,11,4,ATM,138.23054213305988,8,0
66,15.932662930505336,4,5,Restaurant,66.12428467193332,3,0
67,402.3645208201776,19,0,ATM,58.48630447018408,1,0
68,151.17383895217856,19,4,Online,56.77372224787095,6,0
69,376.18290968200085,20,6,Retail,72.4453096820908,8,0
70,1077.4031594008359,10,5,Retail,2.2328216206692457,4,0
71,497.2969675258889,23,0,Restaurant,14.941396430262142,6,0
72,450.56403567402634,19,6,Restaurant,42.85592710756192,4,0
73,558.0411666419449,10,6,ATM,12.32072854322485,3,0
74,375.72462467717463,17,2,Retail,45.80115202619373,6,0
75,296.9139162350026,9,6,ATM,159.20030125964448,1,0
76,234.55087884854774,15,4,Retail,20.188045105922527,5,0
77,602.1110516007423,17,6,Retail,70.81234500643819,6,0
78,747.4586674399745,8,6,ATM,28.41260672872579,6,0
79,275.16371978798077,5,0,Restaurant,63.07757059793704,3,0
80,22.357449720497172,11,3,Retail,3.273068005174011,5,0
81,391.6973294135906,0,6,Restaurant,22.678923857258066,3,0
82,426.2245457835324,9,3,Restaurant,64.66593678847276,5,0
83,326.0012190898394,1,2,Online,93.53514150163662,3,0
84,223.08727942023654,12,1,Restaurant,26.956301507088078,2,0
85,1131.2882021644505,8,3,Retail,40.05360831538113,8,0
86,328.03844516707983,7,4,ATM,169.0367874107777,4,1
87,802.148722122571,11,2,Retail,30.344827658561353,8,0
88,507.68202416549366,12,0,Online,13.444520754689357,8,0
89,773.3654190239249,5,5,Online,1.043127134867079,6,1
90,1050.5036559751804,18,5,Restaurant,127.4730142318093,6,0
91,,19,5,Retail,2.794014796320175,4,0
92,882.0928520524427,13,0,Restaurant,13.632811185724716,6,0
93,638.4558353558729,22,6,ATM,97.09788169512909,6,0
94,411.7109672897671,12,0,Restaurant,140.1094631334345,5,0
95,393.6888732109847,23,0,Online,54.76007273322393,6,1
96,186.56169921177127,15,4,Online,14.967303042647892,5,0
97,388.9557797239332,14,3,Restaurant,15.610735074177045,8,0
98,242.53797250215402,9,5,Restaurant,35.20318612889371,4,0
99,1098.257047606996,13,0,Restaurant,136.0017917145177,8,0
100,436.2280561486876,8,6,ATM,146.69877528903257,8,0
101,177.64498693421498,9,6,Online,28.157871307325898,3,0
102,77.96115089904212,7,5,Online,19.368015538346686,5,0
103,,17,4,Online,24.47258223665674,7,0
104,546.3882515232135,17,2,ATM,13.302150981809554,8,0
105,223.1854297536754,11,5,Restaurant,9.440589404933405,7,1
106,88.47177359461702,20,4,Restaurant,57.583340033366305,7,0
107,629.7063394257945,17,5,Online,15.044763572900969,1,0
108,157.62578189549941,16,2,Restaurant,88.63446428160347,5,0
109,990.2889158283458,10,5,ATM,14.2043313718343,4,0
110,647.7326815081079,10,3,Online,39.94146381245759,6,0
111,1114.6359657692578,19,5,Online,61.924422530833766,9,0
112,2086.443855940996,13,5,Online,52.873259171676146,4,0
113,208.5272420535411,0,6,ATM,6.016232607094673,7,0
114,350.65329780219355,19,0,Online,16.069376978315624,2,0
115,258.56957435049173,14,5,Retail,0.8336512072019716,3,0
116,40.38503982209481,19,6,ATM,44.61950784509683,8,0
117,259.5715978602401,5,1,ATM,47.87911259144737,3,0
118,293.3110396361958,4,5,Retail,32.28331262663565,9,0
119,95.21436518004299,12,2,Retail,50.26775694719381,4,0
120,1074.1280932962436,8,1,Online,95.28596377528716,3,0
121,172.96428330572664,9,4,ATM,14.684285861992983,2,0
122,710.6093871559638,7,6,ATM,38.636770475283534,2,0
123,39.66757609478317,5,4,Retail,7.263058174239031,1,0
124,15.275248291961988,12,1,Retail,13.37685000530628,4,0
125,2700.2469925671353,21,3,Restaurant,18.181640012929144,7,0
126,65.63456373021477,5,6,Retail,62.220245571575376,4,1
127,725.9158654574321,19,0,Retail,7.94848048391318,2,0
128,463.8234619204229,13,4,Online,59.58781718454509,6,0
129,301.6101514723196,20,1,Restaurant,4.916431947662986,8,1
130,18.809755465100775,3,1,Restaurant,56.92253708533168,2,0
131,199.21646978907097,1,5,Retail,76.38305362531834,2,0
132,1151.7458251080798,20,2,ATM,116.12515421228251,6,0
133,1177.7427987396982,0,1,Retail,88.60010743202973,3,0
134,457.7687330657955,13,1,Restaurant,51.01105980393735,3,0
135,427.45071363214026,15,2,Online,77.47510096572428,8,0
136,277.2131458218445,13,2,ATM,63.43980037546314,3,0
137,747.0845068962476,8,4,Retail,32.055529703506366,6,0
138,1072.5545770287197,8,6,Restaurant,77.29421775242763,1,0
139,650.0722349716661,1,5,Online,0.26757260313271075,3,0
140,372.521321547233,10,3,ATM,81.55622819121264,5,0
141,503.37254397861255,18,4,Restaurant,128.9087360197543,4,0
142,124.06447785551723,23,3,Online,122.4831866056135,8,1
143,2368.126861180416,17,5,Retail,327.1535263827205,5,0
144,1373.4081928863536,11,0,ATM,16.34238796483607,1,0
145,1569.0528356755474,5,2,ATM,7.355895543527402,1,0
146,91.26868820912723,8,4,ATM,33.91780739007677,3,0
147,528.9007363367124,6,5,Online,20.96628320250377,5,0
148,534.0561602692441,2,2,Restaurant,30.557293836199523,3,0
149,219.32715808689642,7,2,Restaurant,22.538210219565755,5,0
150,1001.9079170469938,8,3,ATM,96.56825853700542,1,0
151,762.413712972686,20,1,Retail,39.11754947772675,1,0
152,635.7978461069391,14,5,Restaurant,78.7280587397041,7,0
153,14.657749572073241,7,5,Restaurant,17.69795940195636,5,0
154,2331.54306755426,23,1,Restaurant,25.10111252628008,2,0
155,633.5841848653715,16,5,Retail,16.870266931548308,9,0
156,1744.0835813399947,17,2,Restaurant,177.8202874512237,9,1
157,45.389131988740196,22,6,Online,29.47715935569327,9,0
158,592.6564060866349,0,4,Online,26.359174967301296,4,0
159,682.8740475149583,13,4,ATM,91.58309493372211,4,0
160,33.428897542301364,3,5,Restaurant,70.75176494597582,9,0
161,33.326941730717095,6,3,Retail,126.50288082991321,1,0
162,718.3016470479629,13,0,Restaurant,70.19048011020693,8,0
163,798.9512792989855,9,4,ATM,21.312995444009687,1,0
164,1204.9638472751146,20,5,Online,17.9635303687332,7,0
165,739.2938188913837,1,0,Retail,57.69059808513245,6,1
166,137.4628050363206,2,6,ATM,6.942773342218564,8,0
167,1732.102083985005,7,2,Restaurant,4.6507517932797375,5,1
168,155.46753812443694,15,6,Restaurant,79.10333131107807,8,0
169,649.535227500239,0,3,Retail,50.51689929652968,6,0
170,376.8470262714947,11,5,Retail,12.350532776521082,9,0
171,65.22987943691042,12,3,Restaurant,55.357339163031526,3,0
172,1309.5324992979315,20,2,Online,18.51499536604498,4,0
173,443.27645461692947,14,2,ATM,16.71405086645853,7,0
174,48.15418054345243,2,0,Online,15.970454391956245,2,0
175,241.73160856079164,8,4,Restaurant,35.338931751990444,6,0
176,724.0782069890435,5,6,Restaurant,141.8117362267619,8,0
177,481.71755798200996,4,5,Retail,148.23750576042647,3,0
178,126.47628143913097,2,4,Online,39.5254895693465,1,0
179,421.31159545369246,19,1,Restaurant,101.44863941020394,5,0
180,184.70847039891257,11,0,Online,35.18281904266108,4,0
181,374.6149759117003,7,3,ATM,33.86990044033217,3,0
182,191.33935006835387,13,0,Restaurant,1.9462186523317229,6,0
183,342.8665661069824,16,5,ATM,68.34391980999476,5,0
184,923.0983347819463,13,0,Restaurant,50.69994400181086,3,0
185,119.13926866306299,22,6,Restaurant,22.87590916244869,2,0
186,0.8952861593444024,16,2,ATM,7.948355158680297,3,0
187,84.20741195707397,0,2,Retail,232.2121759821456,4,0
188,,3,2,Retail,84.83668800125466,9,1
189,268.12063249963774,17,2,Restaurant,49.3438179829498,6,0
190,673.0743857065232,0,5,ATM,0.8383058510493545,6,0
191,15.62229911030098,23,2,Retail,101.9240022627929,1,0
192,79.1157087508519,9,0,Restaurant,47.05534563890929,4,0
193,420.7655657484981,6,2,Restaurant,8.599173513654405,3,1
194,637.0255104007889,17,5,Retail,84.13248222837507,4,0
195,775.3152561013129,9,4,ATM,46.263693177654,2,0
196,515.0314970493091,5,4,Retail,37.838366610214145,9,0
197,706.6950048013639,2,1,Restaurant,7.5384806967434255,6,0
198,90.61241840171208,4,4,Online,14.700007078615013,1,0
199,536.7267296982391,8,1,ATM,58.63533373626537,4,0
200,276.94697328950895,2,5,Online,21.549873216617073,5,0
201,1231.8034992127307,14,4,Online,21.27433183470122,2,0
202,477.6258452732128,15,5,Online,9.938813469368837,7,0
203,390.0813112203319,7,3,Restaurant,11.52231127173657,4,0
204,431.6847617649028,9,1,Online,56.08594925423439,5,0
205,889.872687551315,10,6,Online,127.45155428112037,8,0
206,5.668938945497998,17,0,ATM,2.7920229702263644,7,0
207,984.014856768159,3,2,Retail,33.90134056528415,3,0
208,14.810725642349553,2,1,Restaurant,156.3593227340298,5,1
209,436.9287393994792,21,4,Retail,38.31262035864436,8,0
210,349.173282616092,7,0,Restaurant,27.52463659322382,4,0
211,231.29763417703023,22,4,ATM,17.15084656322321,7,0
212,68.8958719873052,11,0,Retail,70.21780598034053,9,0
213,66.23539625253458,1,4,Retail,112.80223458006414,2,0
214,677.7053636104803,20,2,Restaurant,229.49380300520423,5,1
215,60.234836217264466,3,6,Restaurant,18.468268512258703,1,0
216,581.1819758535975,11,3,Retail,6.803835418478283,6,1
217,2318.137389801289,16,6,Retail,64.30212422051613,7,0
218,572.6756054133574,14,5,Online,88.84535213403943,6,1
219,39.09564350310544,4,4,Retail,103.13288640663289,6,0
220,390.50752452122623,20,4,Retail,46.34090641606413,6,0
221,899.2066377065267,15,6,Restaurant,161.36122647872472,8,0
222,1546.2374222257222,20,1,Retail,5.944309093768634,9,0
223,650.3444012000095,18,2,Online,18.406062996660413,4,0
224,185.29048500530192,16,0,Retail,17.81224101166999,3,0
225,144.61401901816083,22,1,ATM,25.441626243859584,7,0
226,765.8225861262885,9,2,Restaurant,69.49151528647964,8,0
227,714.2153020977183,5,2,Restaurant,1.0219911903504801,3,0
228,333.1398841181012,19,1,Retail,0.8756563980044565,6,0
229,45.406848712596755,4,5,ATM,7.381730852847841,7,0
230,557.4279487846261,2,5,Online,10.274705004605249,7,0
231,446.3449936002988,3,0,Online,226.2292379416559,2,1
232,5.9640362583952315,9,3,Retail,14.916218421586915,8,0
233,514.20374942165,2,6,Retail,30.576146516340557,6,0
234,70.99968301987158,11,1,Retail,1.4712900713441943,6,0
235,873.8632997019673,14,4,Retail,133.3096103816315,3,0
236,559.7806116548019,22,5,Online,2.412479870076114,6,0
237,26.53818231611842,12,3,Retail,116.30368812676599,9,0
238,379.45748627347626,3,0,Retail,11.175729385789344,6,0
239,,21,0,Retail,119.79651933736122,4,0
240,885.9400449388215,7,1,Retail,20.073628982975478,9,0
241,44.62450004767667,7,1,Restaurant,32.38890270069169,6,0
242,41.095044865707344,11,3,Retail,62.05874193210661,6,0
243,745.8217127218259,21,3,Online,67.9660844932256,8,0
244,132.40890165516643,13,4,Restaurant,1.7311245181830994,2,0
245,450.7354283913157,8,4,Online,0.9822723919204086,2,0
246,469.3247423519327,5,5,Restaurant,19.40606379578538,5,0
247,496.8715426197293,8,4,Retail,35.82935589611864,9,0
248,206.15046917891675,21,3,Retail,103.32821955455552,1,0
249,20.359265519832125,7,2,ATM,9.9807000876593,1,0
250,385.5346968091848,6,3,Restaurant,23.31450457093082,2,0
251,361.81204648328384,7,4,ATM,28.581667255643545,4,0
252,283.82223858922487,3,2,Restaurant,33.44318460658341,7,0
253,163.9307147978439,22,4,Restaurant,61.01318441123941,3,0
254,925.8935286411269,17,6,Retail,120.3434494180609,3,0
255,231.09418005698774,2,2,Retail,6.91038575676739,6,0
256,67.79487466889053,18,0,Restaurant,31.763117803730236,3,0
257,709.6568177225695,20,3,ATM,209.41438842365977,7,0
258,505.684162342487,3,6,ATM,45.70807338196639,7,0
259,184.91863095347304,16,0,Restaurant,94.38930755429239,4,0
260,81.93097915021158,10,1,Restaurant,110.24087921071583,5,0
261,289.61143598830296,22,0,Retail,3.6844593206849225,5,0
262,34.10461512382634,1,0,Online,32.78576415173176,1,0
263,126.00232200935777,7,1,Online,163.32956114809772,3,1
264,1661.632475448826,19,6,Online,8.08232195963924,5,0
265,81.55083133567769,15,3,ATM,10.439488483675602,5,0
266,160.77805830627864,9,4,ATM,35.266792915193335,6,0
267,74.81313821353073,20,3,Retail,7.145606497663719,1,0
268,1215.2191778234464,3,4,Restaurant,98.27035266538428,6,1
269,1294.0418421613115,19,6,Restaurant,71.93900045985961,5,0
270,30.656030833908265,5,1,Retail,94.71303315235649,9,0
271,1142.4814791097751,14,2,Retail,25.97842669405319,4,0
272,76.7638304420788,15,1,Retail,52.054528831091254,6,0
273,253.1613065391421,20,3,Restaurant,19.805419284450636,7,0
274,441.3005565408722,12,6,Online,3.262476975458956,2,0
275,310.33147579885144,21,2,ATM,74.54574242812647,6,0
276,73.04498619091414,17,5,ATM,178.20475902224487,5,0
277,784.1000262950046,15,1,ATM,16.840342566168985,8,0
278,581.4409774338292,0,3,ATM,16.95813389367124,6,0
279,1416.825663006516,14,2,Restaurant,11.567749528182611,4,0
280,217.6638856717979,11,6,Online,27.807506593360475,1,0
281,281.4052408532593,11,3,Restaurant,23.557506240030126,3,0
282,215.2003307193238,2,1,Retail,108.08771321211357,3,1
283,32.53003945217519,23,0,ATM,78.09797718231658,9,0
284,28.269115289555465,0,6,Restaurant,106.24801976210246,6,0
285,716.3302296584616,7,6,ATM,125.96108736061522,7,0
286,167.6374811567985,17,0,Restaurant,56.853290668809045,7,0
287,333.86646362666556,11,1,ATM,51.548169501485475,2,0
288,1930.9067848154311,10,6,Retail,31.381208015501322,2,0
289,8.907658299997607,9,5,Restaurant,4.3281044705997,5,0
290,364.5473917601724,3,4,ATM,29.55463971394336,2,0
291,365.13690283195234,10,3,Restaurant,22.516265486939837,4,0
292,3267.9279158728154,14,5,Restaurant,23.77520809713329,1,0
293,898.8806668931533,2,1,Restaurant,34.80059489435783,9,0
294,34.56882118246966,16,0,Retail,37.46456038325319,8,0
295,85.4583522437921,7,3,Online,12.167490444866283,2,0
296,17.24865660182212,0,6,Restaurant,16.066581684168042,9,0
297,109.59723127400281,6,5,ATM,11.357217319420801,7,0
298,119.33915473605913,18,6,Retail,66.66519966799129,9,0
299,47.09335719490587,2,4,Retail,166.74891981751935,4,0
300,374.5657118750204,8,0,Restaurant,14.034772675942108,4,0
301,1844.670107014695,12,2,ATM,99.63119205689732,2,0
302,814.3723711210225,7,4,Restaurant,65.51129372651869,5,0
303,113.68458998144557,18,3,ATM,18.27859961948879,2,0
304,763.9235727085296,11,6,Retail,37.213929411585355,7,0
305,2015.5313603787818,8,5,ATM,47.077452284179024,4,0
306,901.605701241415,5,0,Restaurant,73.7961703222162,9,0
307,316.1923535317644,2,3,Online,39.30237619019676,7,0
308,156.9005878852939,6,6,Restaurant,53.317828786413955,2,0
309,688.9468329157106,3,0,Retail,19.321326157898227,8,0
310,771.9435649358645,5,0,Retail,6.579650974227665,9,0
311,176.0841923396764,1,6,ATM,3.0985690241513124,6,0
312,126.91911363486255,18,2,Restaurant,17.253462614320043,4,0
313,557.5328312129801,15,2,Retail,55.097371237393574,6,1
314,1096.5512952026859,9,6,ATM,4.666515418323695,3,0
315,10.464968990030124,3,0,ATM,67.13738214785306,4,0
316,2174.908657218127,13,2,ATM,26.14859094339117,7,0
317,106.50443878001374,6,6,Restaurant,31.566482317150857,5,0
318,214.94439912417545,1,2,Retail,11.977907774428052,7,1
319,27.190738413894874,16,5,ATM,59.74849551740738,8,0
320,28.570809313411086,15,4,Restaurant,176.139226149273,8,0
321,159.24395792220938,6,5,ATM,25.631685980717826,4,0
322,416.2262664893529,17,2,ATM,6.139883704370377,4,0
323,1156.7360210657791,14,4,ATM,0.864598494306661,3,0
324,36.202654795832004,13,6,ATM,100.56039136021808,2,0
325,394.7187418587774,5,1,Retail,61.09218733628321,1,0
326,269.0419288393629,12,4,Restaurant,93.66746258578584,4,0
327,2267.11180829605,5,6,ATM,24.934307336241503,5,0
328,103.57756303525429,20,4,Online,50.16015823331594,5,0
329,230.6330873054546,1,5,Online,24.53908302546702,4,0
330,17.0155051048527,13,0,Online,19.923130392508778,4,0
331,1228.0980691834018,8,1,Retail,44.619569810233635,2,0
332,486.9872912095405,16,1,Restaurant,12.324807143311373,8,0
333,443.16771679030995,9,3,Restaurant,65.2785500483909,2,0
334,24.978943721535966,16,1,Retail,50.21628436690273,5,0
335,52.12479654351256,1,3,Retail,26.083911114143277,9,0
336,780.9776070820513,13,3,Retail,16.79293316091435,5,0
337,398.66765574891684,23,4,ATM,22.29484324025704,1,0
338,110.95309619730547,20,4,Online,18.657382211515653,9,0
339,399.0493572504905,2,0,Online,22.41788358238006,9,0
340,1722.8201348526763,19,0,ATM,0.8026793353645508,1,0
341,54.739836978258154,3,2,Retail,20.80218375197252,3,0
342,1756.7291830457941,8,3,ATM,38.915328037531275,9,0
343,746.0236308383309,12,6,Online,32.928472271558334,2,0
344,77.87743532618468,20,2,Restaurant,7.610346660031583,2,0
345,842.8349940634099,19,0,Retail,146.8293076634947,7,0
346,681.330032361368,6,5,ATM,10.193228667314049,7,0
347,426.5669474932285,21,1,Online,43.12931964223552,4,0
348,744.4074600910021,12,6,Online,23.20826659290207,5,0
349,76.13712686567712,17,2,Retail,55.93933559034562,9,1
350,639.3890581405966,19,0,Restaurant,28.611832309358775,6,0
351,512.118143359891,18,4,Restaurant,2.093790596279084,2,0
352,167.5147513835735,21,3,Online,50.229637408055495,7,0
353,586.1920223911704,1,2,Online,129.9665803340876,5,0
354,567.9249361026546,20,0,ATM,101.83059487722672,9,0
355,136.58604549495467,5,2,Online,19.896852126148463,2,0
356,79.90029374542225,0,2,ATM,19.66203551405212,7,0
357,224.91953318638926,9,0,Online,44.29114747836928,5,0
358,254.71465834577666,13,0,Restaurant,10.949684889501837,1,0
359,869.0733191196445,21,3,Retail,49.401726011786444,1,0
360,286.4207433533105,2,2,ATM,80.7663993286978,1,0
361,667.032064320388,23,6,Online,11.377840616497611,5,0
362,310.5985005509795,11,1,Retail,158.42048894660843,1,1
363,34.74379785955506,4,2,Online,34.98153728674913,9,0
364,,21,4,ATM,12.275445354181269,9,0
365,1128.7397332666321,19,0,Retail,3.4629544838986908,8,0
366,365.2365852295602,0,4,Restaurant,16.879099178752767,5,0
367,605.426431589693,3,5,Restaurant,32.07005872175842,9,0
368,754.4330053567928,15,5,Retail,32.55767020206024,2,0
369,314.97737700945646,19,4,Online,11.435977585428878,3,0
370,143.7072039214708,3,2,ATM,14.936601337416603,3,0
371,983.3129327265926,18,2,Restaurant,56.707669424175364,4,0
372,882.1371094946629,11,2,ATM,74.54323819749095,2,0
373,981.2374534327871,2,2,ATM,5.70163180272305,4,0
374,873.725657999419,14,3,ATM,54.81877924301811,1,0
375,71.42278143186454,16,4,Retail,124.04239351753763,7,0
376,267.8261209973976,23,1,ATM,1.7923813821813142,5,0
377,106.31016190824992,22,3,Restaurant,47.477205618041964,4,0
378,84.32260298037272,10,6,Online,43.692864529923824,2,0
379,760.4823266833563,15,4,ATM,13.444502696767206,8,0
380,328.25421074464356,18,0,Restaurant,87.08047214380493,3,0
381,47.54064659561473,14,6,Restaurant,0.32862728061228713,5,0
382,260.5116950198321,6,2,Retail,132.35343770291135,3,0
383,2502.814643540693,8,6,Restaurant,45.578414535492556,7,1
384,119.37569673074401,10,5,Online,33.76438266663106,4,0
385,253.05458659061276,22,2,Restaurant,67.37984899954157,9,0
386,451.33014308563025,19,2,Retail,142.53614889597452,1,0
387,111.31461911323608,14,4,Restaurant,86.25885788148656,5,0
388,1717.2727060565553,0,5,ATM,41.940749539117746,5,0
389,503.79557587338905,7,0,Restaurant,6.736814306425271,7,0
390,130.2986782886276,18,0,Retail,23.95613862556268,1,0
391,295.84005789905336,8,3,ATM,103.20769757819815,8,0
392,223.84624713883164,20,3,Online,95.26192372320457,7,0
393,,19,4,Online,27.212613965386094,8,0
394,167.4593070425613,21,6,ATM,32.0390189097959,1,0
395,403.40209183462264,13,3,ATM,57.64690245947865,3,0
396,46.117538571333,10,3,ATM,28.930117491324253,6,0
397,24.75290184015832,6,2,Retail,4.687408451743509,7,1
398,389.71536960880553,5,6,Retail,65.38114626769413,3,0
399,284.6412837209011,0,3,Online,52.48875284019244,9,0
400,104.28471384801885,15,6,Restaurant,11.0739594043554,5,0
401,623.7003595066898,3,3,Online,81.17429001370829,7,0
402,45.990050936381095,16,6,ATM,84.79159102962412,7,0
403,157.62812473766766,12,3,Online,14.18816251550599,5,0
404,53.39958975495432,22,4,Online,7.622077545788813,4,0
405,650.2554243248787,3,3,ATM,10.92432604236925,9,0
406,500.81650320433744,12,1,Retail,33.98244154666013,4,0
407,104.4073524708885,16,1,Retail,19.233711471282575,7,0
408,407.5085243779942,14,3,ATM,55.94863521669651,2,0
409,596.1412083657901,16,1,ATM,36.82919592508021,8,0
410,17.38342024235865,23,2,Restaurant,55.61090274409588,4,0
411,544.1647693761554,10,4,Online,12.474829071641063,5,0
412,186.63651127978486,19,3,Online,44.722698084426035,5,0
413,72.65484081503573,9,1,Online,107.36072684040421,1,0
414,860.615937770883,18,5,Retail,43.81426582458812,4,0
415,465.86839016634104,1,5,Retail,58.3709952982492,7,0
416,395.4163359784956,11,2,Online,150.0333152124102,4,0
417,905.357676032909,20,2,ATM,108.78329388140808,2,0
418,154.0184962800948,1,3,Restaurant,12.741743938919518,5,0
419,7.1138849976745115,2,5,ATM,84.7175193319288,7,0
420,1485.2976507655476,4,2,ATM,195.67100347101464,4,0
421,152.42572331949464,12,2,Retail,77.73661623697357,6,1
422,501.67130146954173,1,3,Online,6.887674939381705,4,0
423,1886.832123996255,22,1,ATM,48.40756625484449,3,1
424,133.03999006349278,13,6,Restaurant,52.88959941440468,1,0
425,2461.521503257359,17,0,Restaurant,7.974295605081688,8,1
426,386.8061291131818,10,4,Retail,40.49145150239531,6,0
427,1596.710109507735,14,3,ATM,128.30570052069683,3,1
428,44.983958131982035,20,5,Retail,17.507634431666116,1,0
429,378.601553301641,4,6,Online,82.36502234854183,4,0
430,,2,1,Restaurant,51.568691846077506,4,0
431,84.52237400111076,17,2,ATM,56.125415439238914,8,0
432,160.9345364686717,7,0,Restaurant,17.79966809768024,6,0
433,119.4295159562168,5,2,Retail,70.74174788050853,3,0
434,1682.6155612294183,12,0,Online,50.62550400957433,5,0
435,152.94528384199313,20,6,Restaurant,37.12677050417848,6,0
436,64.45994658891843,18,0,Retail,33.71996385833794,5,0
437,796.7971970216358,9,1,ATM,18.32960559658266,2,0
438,360.2637355955716,0,3,ATM,11.291051676534646,6,0
439,445.6728037680256,9,6,ATM,72.85643013453638,8,0
440,466.7365809383831,10,1,Retail,11.125227921532924,8,1
441,474.6725963369593,4,6,ATM,9.158848862717434,6,0
442,302.8126664507728,0,3,ATM,95.25265728856492,3,0
443,1855.857461456351,0,1,ATM,4.166659843479309,8,1
444,95.64610136268563,18,0,ATM,8.324118378058195,1,0
445,1583.3809213205814,17,1,ATM,4.773906079203955,7,0
446,172.94107819957097,4,4,Restaurant,158.7264097006094,8,0
447,105.31012111557959,11,5,Retail,5.537410981863917,5,0
448,491.39235516309765,4,3,Restaurant,0.3003841260151855,4,0
449,,22,3,ATM,47.39093290974611,5,0
450,225.431608803057,4,1,Online,62.499563330065236,1,0
451,39.21047564587969,22,0,ATM,9.780928492896507,6,0
452,384.51110860537193,23,0,Retail,21.44731625710715,5,0
453,2105.441653274025,16,6,ATM,18.53870936576301,5,0
454,246.78872629821467,3,2,Restaurant,64.34272674418727,5,0
455,10.075945005864018,16,6,ATM,25.052436850451087,9,1
456,347.4506550937185,11,1,Retail,37.60076921220988,9,0
457,242.04558737068135,21,2,Retail,74.89936860429816,8,0
458,34.50687458684795,19,0,ATM,33.988050765278416,9,1
459,,16,2,ATM,64.65947115425513,5,0
460,482.1689911505,13,3,Restaurant,41.80499042871777,2,0
461,83.74159839688656,22,3,Retail,62.36283964094309,2,0
462,1301.5165048129431,23,6,Restaurant,4.754316635959572,8,0
463,429.29826661634814,16,4,Retail,191.33612256042673,3,0
464,584.2962303795526,19,3,ATM,4.549108372068793,1,0
465,437.833348215142,13,4,Retail,50.54479350637763,2,0
466,1916.4438216647172,16,6,ATM,1.1702546751887237,6,0
467,1106.5371608342948,21,0,Restaurant,36.39919770083995,7,0
468,8.328701122617245,13,4,Restaurant,5.047449129142984,6,0
469,7.349661782706304,14,6,ATM,4.715157346736527,1,0
470,334.8919379218924,18,6,Online,16.767999995801883,1,0
471,188.48390205322553,4,1,Online,13.829241747136031,6,0
472,387.0411302809284,16,1,ATM,7.356528728323854,7,0
473,206.5112472575534,0,3,Retail,43.28002411393834,1,0
474,1052.7064705294147,6,4,Retail,108.31642698555028,8,1
475,93.04259838739745,5,1,Online,124.70460855732237,5,0
476,29.49176561021996,14,4,Online,17.15262392643514,3,0
477,209.973377419365,20,0,ATM,99.96616000150026,6,0
478,74.91186220630189,16,2,ATM,171.34849390458103,5,1
479,447.65487704177974,23,1,Retail,18.710372755520595,6,0
480,319.79600456772505,0,4,Online,138.3841713942229,1,0
481,615.4392144940173,10,1,Online,27.75883860677005,6,0
482,37.78958581587013,0,1,Retail,31.1853807582236,1,0
483,702.0013499550989,9,0,Restaurant,32.73437678407129,5,1
484,161.87278280394273,8,1,Retail,65.67711640224954,5,0
485,556.5078053936243,22,2,Online,15.09785701136925,6,0
486,171.95285341987153,4,1,Restaurant,13.744913029357498,8,1
487,897.2541120544694,20,6,ATM,49.64810422140757,7,0
488,898.153260696323,13,0,Restaurant,40.777183467917894,7,0
489,182.86479939698452,23,3,ATM,3.684684978992724,8,0
490,1201.5066258209397,2,5,Restaurant,116.40329403888853,7,0
491,193.5948927193738,16,0,ATM,17.171262334109123,5,0
492,1130.21045759815,20,0,Retail,69.50866991852098,9,0
493,,20,4,Restaurant,43.187085361435784,4,0
494,169.77908546761,11,4,Retail,42.4585556230339,4,0
495,1077.8938849292513,6,3,Online,97.8532985878551,9,0
496,42.13815705505687,11,2,Retail,106.201324692767,7,0
497,604.9708774661331,23,1,Online,41.0681148896167,1,0
498,572.8387238084008,22,0,Retail,27.96735484108053,3,0
499,1790.6402858337326,6,3,Online,48.388159124468075,6,0
500,1792.7456575760953,12,2,Restaurant,6.372430384098253,6,0
501,327.4370197570267,13,5,ATM,27.238577832006065,1,0
502,537.0633565931223,16,1,ATM,54.22955258383939,9,0
503,84.67653359139514,15,4,Restaurant,71.98915378004318,7,0
504,128.14156162522536,7,5,ATM,63.880657730653034,6,1
505,408.7192401680388,8,3,Restaurant,9.595364127805642,4,0
506,135.63666134137753,17,0,Online,47.278784130514026,1,0
507,122.23041081891209,3,3,Restaurant,4.7335867695196665,9,0
508,11.553096843756043,7,6,Restaurant,45.316522011679936,5,1
509,38.086015985883726,23,1,Restaurant,68.5080499244548,9,1
510,621.4079626251525,18,0,Restaurant,49.90028427301196,7,0
511,7.217379099812768,16,6,Online,49.030027518588284,4,0
512,1130.6327589662417,22,0,ATM,52.94117906135912,2,0
513,40.963556773604225,0,5,Retail,27.068918164484153,8,1
514,85.14181350744782,6,2,Online,24.305926772590038,9,0
515,208.01795776434997,23,0,Restaurant,29.434863464235878,1,0
516,648.5119829087569,18,6,Retail,11.869600605596913,7,0
517,603.1804767318692,9,6,ATM,30.24136809124725,4,0
518,141.55286461452854,13,6,Restaurant,117.47400727561657,8,0
519,197.99963017728842,1,5,ATM,17.17612587891501,1,0
520,860.8325588745108,19,5,Retail,28.200027595106924,2,0
521,343.3626626572265,16,5,Online,51.92279281548744,7,0
522,306.4313063230449,1,1,Restaurant,72.87849505520619,6,0
523,501.8465936420592,8,1,Retail,0.45609945759478526,1,0
524,305.1821778722567,14,6,ATM,54.54368508302353,6,0
525,284.5821337810908,23,6,Retail,7.739158357530177,7,1
526,801.2401404672761,13,1,Restaurant,68.11128817030844,7,0
527,1339.9044042928924,16,0,Online,7.305835449492704,8,0
528,398.4375723723812,9,4,ATM,69.33420998294079,6,0
529,170.77894125476766,5,3,Retail,145.7045668208884,2,0
530,1494.9340810119143,0,5,Retail,12.650757383036556,7,0
531,,22,1,Retail,0.4383765651060728,1,0
532,531.1263138347547,9,2,Online,5.878136640672082,1,0
533,466.55230000292426,4,2,Restaurant,125.86206618009031,6,0
534,674.2631719455976,7,5,Restaurant,31.779314885405785,6,1
535,747.1876327681089,13,5,Retail,38.57298963247196,1,0
536,783.1479052438676,5,0,Retail,8.307705064567179,8,0
537,1860.7388576079584,0,0,Retail,217.47553331291533,9,1
538,264.8358288287655,12,2,Restaurant,10.074542228416895,8,0
539,138.9557296001174,11,0,Online,46.096995530987556,1,0
540,250.52258296306644,6,2,Retail,42.1309087965284,8,0
541,727.926155042239,12,3,Restaurant,3.382090674515824,5,0
542,389.025659304153,21,4,Restaurant,281.8973039029275,6,0
543,1000.0977217547726,13,1,Online,39.93161987514327,3,0
544,134.6865834357769,2,3,Online,8.454644069295137,7,0
545,667.8531130131389,23,0,ATM,70.28500286096522,9,0
546,143.41005144960673,2,6,ATM,24.91463808305055,3,0
547,802.5103178049535,14,3,Online,55.448446009958104,3,0
548,288.3318857835103,12,4,Online,12.643554857263092,8,0
549,2274.0651456789756,7,6,ATM,127.72311372146063,1,0
550,552.4165033556101,13,2,Online,2.090060943880504,1,0
551,676.8753444562942,20,2,Restaurant,1.022194178609273,2,1
552,21.83176627036223,2,2,ATM,100.06201341776047,1,0
553,607.1253099997109,7,5,Retail,39.28480940196927,6,0
554,271.3501850849636,13,0,ATM,20.889715164082318,9,0
555,195.13879258897418,17,4,Restaurant,7.60772082093523,8,0
556,792.8508829848055,11,4,Retail,3.0839203380097175,3,0
557,129.79776474679778,10,5,Online,17.512990698943124,1,0
558,100.3382730713072,9,0,Retail,83.31583074170248,6,0
559,219.49840593482068,0,1,Restaurant,10.690228454714541,7,0
560,496.24808531193895,7,2,Restaurant,194.31196867127102,2,0
561,148.74267525973318,23,3,Online,78.41567850343844,9,0
562,408.89788013343826,3,3,Retail,0.5936262488898818,4,0
563,242.94243290925928,22,3,ATM,39.889426440243675,7,0
564,252.68247076656237,18,6,Retail,25.197574865752863,2,0
565,113.52455166092052,8,5,Restaurant,29.351402273499332,2,0
566,194.381332359598,0,5,Restaurant,29.309064411556356,6,0
567,159.99645585151055,23,1,Online,95.24047996719176,2,0
568,139.4861834647869,22,5,ATM,57.85902555823971,3,0
569,42.11466686239858,23,0,Retail,17.17340693494579,9,1
570,283.7596006840433,12,0,ATM,36.244692630498,7,0
571,140.30996338022354,20,6,Retail,33.372083771782094,5,0
572,1622.338682546854,11,2,Restaurant,16.920985787134565,8,1
573,460.27990900008723,23,1,Online,48.44368934711862,4,0
574,309.96413818743326,6,3,Restaurant,49.93799856223068,7,0
575,206.236584779926,22,0,Retail,5.677147931424211,7,0
576,308.8023036663898,20,1,Restaurant,4.669685421902746,9,0
577,208.86906740039652,6,5,Online,1.5056820581107644,7,0
578,971.950751382201,12,6,Restaurant,44.862411490868645,2,0
579,147.74787603551178,12,4,ATM,274.737243017418,3,0
580,164.2273760849158,16,6,Restaurant,119.66625289760424,9,1
581,618.2832806981071,23,1,ATM,30.89979342470922,4,0
582,1155.951599155891,14,6,Online,19.200975760743724,4,0
583,569.8982617753458,3,6,Online,66.07429766609657,9,0
584,44.267352592026576,20,2,ATM,20.420417500738537,6,0
585,1146.231533737767,6,3,Restaurant,1.7673412931870585,9,0
586,733.3707856865767,5,0,Online,36.42320170920696,9,0
587,137.03383595076266,5,6,Retail,19.33519810537505,3,0
588,32.326593256709984,10,5,ATM,2.262331720307826,6,0
589,632.0017594043117,6,0,Restaurant,71.29638033407694,6,0
590,133.66475024273885,8,5,Restaurant,42.5650048528183,4,0
591,,1,4,Restaurant,21.46115353532331,1,0
592,46.914355068257144,20,4,Online,26.960764315240027,3,0
593,419.8526286005085,6,4,Online,4.073550870913843,7,0
594,10.853817231129273,0,2,Retail,6.595795918338952,7,0
595,381.7773721737887,6,3,Retail,27.156488346888036,7,0
596,896.9670165392761,8,4,Retail,8.20163121377452,9,0
597,434.63562789870576,15,6,Retail,10.534190859573648,1,0
598,1079.886501259662,22,5,Retail,23.000296221852054,2,1
599,398.0128424655928,12,3,Online,37.11660511291582,3,0
600,581.4643956986765,5,3,ATM,40.76963944211768,2,0
601,228.06570983512685,13,4,ATM,33.62098102500564,2,0
602,176.05726183994807,13,3,Restaurant,3.787483572130575,3,0
603,204.60282283911667,16,0,Restaurant,4.160347265563022,7,0
604,54.236934104112606,21,3,Restaurant,11.51347641234425,5,0
605,146.77725341032138,19,3,Online,104.3789518855081,9,0
606,244.72469987709104,3,0,Retail,5.913828093926802,8,0
607,208.93263348709127,1,0,Restaurant,64.03249520294526,2,0
608,342.18211104594207,23,1,Restaurant,85.56973970762662,5,0
609,334.9763087382333,15,6,Restaurant,5.544538367505127,1,0
610,664.7715835806952,0,1,Retail,45.40367517275975,3,0
611,251.8775023705787,11,6,Online,73.28554475614669,5,0
612,565.3980944612117,6,6,ATM,81.27574319910093,9,0
613,1106.4937471993162,15,4,ATM,1.4714100228472788,9,0
614,304.1936120725836,22,5,Online,38.30722870776752,3,0
615,403.0777623296117,22,2,Retail,10.312430444414654,6,0
616,565.3265965089299,3,3,ATM,110.0489165620802,6,0
617,340.71504604013705,5,3,Retail,31.25966323712197,9,0
618,89.08418373750314,11,2,Restaurant,26.869865544819486,6,0
619,173.76958023505554,15,4,Online,11.584328542421456,3,0
620,,12,3,ATM,10.921351770524568,7,0
621,575.3611553668364,11,1,Online,236.91310980138937,1,0
622,163.95762503103919,8,3,Retail,3.5013614465085725,3,0
623,867.534775263427,3,0,Retail,2.1488455901313803,3,0
624,533.4292436663743,1,3,Retail,15.456233468684399,1,0
625,666.1501885745279,1,3,Restaurant,22.82657563685974,1,0
626,1070.5038246498013,1,6,Restaurant,24.56959232182366,8,0
627,277.30240454176004,14,0,Restaurant,10.644384258656494,8,0
628,104.5040450427162,0,1,Online,139.92805787400465,9,0
629,1370.6414589523602,22,0,Online,116.20172214579722,6,0
630,2739.645234753585,5,5,Restaurant,34.38430448417359,8,0
631,122.92941781581679,4,2,ATM,70.04455363210063,4,0
632,675.4458300343456,18,6,Retail,12.729670731167463,5,0
633,37.508198988338215,10,1,Online,96.48698704839153,8,0
634,13.9273423420417,18,3,Restaurant,26.545523823139256,2,0
635,562.1632462314393,11,0,Restaurant,7.166651409295851,4,0
636,147.29246534836008,0,5,Retail,78.77595370155794,1,0
637,1011.910576838432,12,5,Restaurant,32.767603936989495,8,0
638,359.8171531184622,14,6,Retail,46.70369998973931,2,0
639,761.7343527975257,0,0,Restaurant,124.22478707614502,2,0
640,54.610542678903975,12,1,Restaurant,42.47031325852914,5,0
641,1037.5731033148616,9,5,Restaurant,15.474744358837938,1,0
642,105.32193957474104,13,0,Retail,20.99716230332293,6,1
643,419.92373581426926,7,6,Restaurant,97.04848173261963,8,0
644,470.4075179738426,21,2,Retail,83.81504743013399,7,0
645,34.11189266606719,13,4,Restaurant,67.2806317723644,6,0
646,1898.5188124259216,4,6,Retail,6.902605023200999,1,0
647,179.94076725027026,19,3,ATM,10.804386569331093,9,0
648,626.0815529784603,23,2,Restaurant,60.69934251452379,7,0
649,499.3572696344798,14,0,Retail,16.290949556898525,3,0
650,16.82155113398638,11,4,Restaurant,62.12607990723489,4,0
651,991.5553594638601,15,3,Online,59.11924952698306,3,0
652,181.5135001839713,0,2,Restaurant,44.413191161331476,4,0
653,143.21226848956405,17,6,Online,222.51696236357765,1,0
654,30.16752447272116,3,1,Retail,103.74270241504604,3,0
655,144.0620690798939,5,6,Retail,6.428137889175948,5,0
656,483.87030090137927,18,3,ATM,66.08408627974507,5,0
657,112.11497406401921,16,1,Online,94.39107464376777,9,0
658,,11,3,ATM,102.75682304098639,5,0
659,803.9727185492945,2,0,Online,36.10693574942952,1,0
660,1552.628305095326,11,5,Retail,97.46422473427147,5,0
661,602.8070000510478,23,2,Retail,96.33080941208118,7,0
662,108.91206281668757,10,3,Retail,40.364586794860614,4,1
663,241.5563147808158,20,1,Retail,38.955730455510086,7,0
664,403.7740715076582,16,3,Retail,47.760225067132815,2,0
665,1025.554813699626,4,3,ATM,8.554355554790748,2,0
666,396.73052000445904,7,6,Online,67.14317735497004,7,0
667,337.9430610687174,5,6,ATM,110.54463472524492,3,0
668,150.35584949817988,3,6,Online,41.04779484241519,7,0
669,346.1757866854053,12,3,Restaurant,66.75062491563239,3,0
670,191.887771472061,20,0,ATM,36.93907339829598,6,0
671,415.5848187225799,18,5,Retail,41.268397533801114,7,0
672,826.9937111087958,6,5,Online,43.02784361926023,5,0
673,1456.8354161803554,10,5,Online,14.760936013666322,7,0
674,829.3081448114974,19,5,ATM,72.47646602117848,4,0
675,881.00338136264,9,2,ATM,26.965686196859277,1,0
676,221.5774474593803,14,5,Restaurant,3.09051724019131,8,0
677,594.5474141127146,14,5,Retail,33.1516866828551,2,0
678,,22,4,Restaurant,6.6371430630110915,9,0
679,12.265117017467434,9,3,Online,80.27790928659965,6,0
680,1079.428937771804,3,3,Retail,9.40501721726869,5,0
681,26.853984798869348,0,0,ATM,116.65146386753685,6,0
682,61.381486668394324,11,1,Restaurant,109.59488609272985,1,0
683,9.281037620882547,8,4,Restaurant,109.6284531533157,4,0
684,34.81278918285266,10,4,Online,19.057964500235396,6,0
685,30.41329723427136,14,4,Restaurant,19.05981815543995,6,0
686,565.5265045789303,6,6,Retail,22.487453409679098,6,0
687,960.3606763061206,7,0,ATM,106.33630700361675,7,0
688,796.5070615223694,4,4,ATM,24.016333457679675,9,0
689,492.13113001988086,1,5,ATM,41.747707683832004,9,0
690,770.8795097110873,1,1,Restaurant,177.2154057383397,3,0
691,304.9223856673024,9,2,Retail,59.901107542256426,4,0
692,1184.3939932640124,16,4,Online,79.63062147388075,1,0
693,308.0085727709758,12,5,Retail,30.726013666340794,1,0
694,14.308688703485798,8,3,ATM,70.82272481588032,4,0
695,606.1283567401225,15,6,ATM,80.13815517772709,6,0
696,888.1444848045533,6,1,ATM,57.463427627398346,3,0
697,127.17495064326576,11,1,Retail,363.5513497791232,5,0
698,191.24903361497206,3,4,ATM,4.1085901222677395,9,0
699,593.659882449214,20,3,Online,89.25142957643287,1,0
700,426.44350226093275,3,1,Retail,12.225406082520166,1,0
701,,2,0,Online,49.337869484268246,2,0
702,324.7317208509395,8,4,ATM,84.95486919274757,6,0
703,558.0615088814569,6,3,Retail,52.42993761283553,9,0
704,158.4780790658567,1,5,ATM,15.983538488589168,8,0
705,1325.5978343283914,10,2,Retail,18.319205852201424,5,0
706,230.85713130923727,17,1,ATM,45.83091929255107,8,0
707,387.7545932197577,6,2,Retail,117.9142439862829,5,1
708,479.1848330086669,14,3,Retail,53.50025284970994,3,0
709,146.69800482130728,19,5,Retail,27.613101387757492,7,0
710,190.44294831525514,21,0,ATM,100.05870865496611,6,0
711,349.0053341299118,21,3,ATM,17.738774181682402,7,0
712,157.94688098543438,17,2,ATM,37.403005402947734,5,0
713,69.71892325252811,9,3,Retail,18.515227014534492,8,0
714,905.743214400333,17,3,ATM,76.85903355196362,8,0
715,196.31832214522058,4,1,Online,11.195084217324341,5,0
716,268.9147241137857,11,5,Retail,53.33258626169318,7,1
717,396.11525795378805,2,3,Online,53.90194190310632,4,0
718,923.9115725642413,20,0,Online,133.77197165238798,7,0
719,75.59757088791308,22,1,Restaurant,29.097807165341795,6,0
720,491.6881475373128,16,0,Online,34.29173633041015,2,0
721,216.2211496054827,19,2,Restaurant,45.654568279603765,2,0
722,1018.3625743681996,19,5,Restaurant,6.785996586148004,7,0
723,541.159209807566,3,3,Retail,30.354613401446358,7,0
724,78.43879485077031,2,5,Retail,8.1321788059426,3,0
725,176.15455031740902,19,4,ATM,77.51098356511008,3,0
726,18.41515799210983,6,3,Online,19.797378446254772,2,0
727,736.0601553804611,13,4,Restaurant,28.71243260354726,6,0
728,266.1855880343679,18,1,Retail,16.642960522511245,6,1
729,24.94902316988675,9,2,ATM,14.864368201827777,9,0
730,6.773895198515227,8,4,Restaurant,219.26723225415006,6,0
731,1556.6593954663654,12,3,ATM,89.46796076179612,8,0
732,956.4090209574143,23,6,ATM,29.813295321817385,5,0
733,203.565168456049,7,3,Restaurant,88.13456936169658,8,0
734,363.44125446550515,4,6,Retail,56.45026978595313,2,0
735,428.900030993818,18,3,Online,26.321909910044628,9,0
736,362.10249964896354,1,2,Retail,1.420033664702839,6,0
737,184.08473593470472,3,4,Retail,122.39483440928811,5,0
738,247.61702757727693,13,4,Restaurant,12.863508865302919,2,0
739,99.93861095518913,1,2,ATM,64.50142419281325,1,0
740,16.889438509994616,10,0,Online,84.48122347450119,3,0
741,84.04551143658874,8,1,Retail,44.18760820237444,8,0
742,,17,2,Online,53.46846468794217,7,0
743,283.757994559023,3,3,Retail,3.561911465015186,9,0
744,540.7195805944735,6,5,Online,41.09679204651473,7,0
745,99.79696377637968,2,0,ATM,17.58850117719394,5,0
746,381.6945725945972,16,5,ATM,41.95186330441364,1,0
747,196.4983167425285,5,6,Online,46.34112106333158,4,0
748,63.91293345367158,0,5,Restaurant,3.8067620488588227,5,0
749,68.24702277070891,10,4,ATM,28.73745946254203,9,1
750,481.31802142900295,1,1,Retail,93.86682696664161,5,0
751,62.616013914561464,5,3,Retail,6.448813545720651,9,0
752,402.8895831541638,17,3,Online,69.15298188137167,5,0
753,105.74479596221758,14,3,Online,40.1391543420952,9,0
754,1005.4508974566005,10,2,ATM,47.624688776433246,6,0
755,25.636093518256473,12,5,Online,1.1016601405868882,1,0
756,244.76588110685313,4,4,Restaurant,99.684088866885,4,0
757,716.7138282702141,19,0,ATM,116.48428231842259,3,0
758,691.456491322862,7,1,Restaurant,48.84934471653155,9,0
759,78.19736551676749,14,3,Restaurant,221.57518474458394,1,0
760,109.52909789631046,17,2,Retail,17.975817603798586,7,0
761,395.18971005391643,10,5,Retail,11.710474979666296,1,0
762,576.4085223292942,1,2,Online,7.940315996787699,6,0
763,697.7356804784321,11,1,Restaurant,9.96510786906791,2,0
764,484.5141238319244,19,0,Restaurant,1.7438366711856137,7,0
765,764.1986395067428,16,6,Retail,60.77364944861311,2,0
766,289.80160070489245,18,2,ATM,74.18027434261325,3,0
767,411.1823354148966,23,2,Online,0.590508440568153,5,0
768,283.90280159054646,8,4,Retail,13.309020234377927,5,0
769,715.5325189298793,13,4,Restaurant,12.303401330378563,6,0
770,96.07168536245626,2,0,Retail,50.25247196839906,7,1
771,145.44913043116358,22,5,Retail,77.52469195682527,7,0
772,906.4913357327678,19,5,Retail,63.388105785043706,1,0
773,626.5684745876207,12,1,Restaurant,71.77886688080281,6,0
774,664.3345330756313,14,6,Restaurant,62.35445506592071,1,0
775,52.195198563292436,18,3,Online,71.4502911708931,6,0
776,331.2177174208693,20,2,ATM,41.26348951594452,9,0
777,415.44607890471417,3,6,Online,39.48153872298181,4,0
778,756.8830509163625,7,3,Online,86.38234132073175,2,0
779,274.29117707635714,17,6,Retail,47.36310497520023,4,0
780,389.036328439326,13,3,Online,7.885093349300785,7,0
781,136.1234547037903,0,3,ATM,100.45542489074084,3,0
782,892.2606129904127,7,0,Online,32.86783641183823,6,0
783,1226.0691808602146,7,6,Online,14.523968280542219,2,0
784,311.96139810441224,18,1,ATM,23.545273001843658,2,0
785,287.45980149390056,0,1,ATM,42.1778437426302,1,0
786,198.94539062983867,3,4,Retail,25.025963664791117,2,0
787,155.1856949993786,2,3,ATM,44.86391306760103,7,0
788,403.02029068633595,17,3,ATM,41.16069416609892,5,0
789,92.42394017290707,5,2,Retail,40.13983364761437,4,0
790,444.967892741961,18,0,Retail,41.6926954720276,7,0
791,411.9902877456872,11,3,Retail,19.2227073949072,9,0
792,592.192676575318,22,0,Restaurant,99.00500152267813,8,0
793,127.92658218273512,17,5,ATM,37.99484829801005,2,0
794,605.2622212112933,3,4,Online,2.341723516919713,1,0
795,8.534291539317804,7,0,Online,17.444231973851647,9,1
796,,18,1,Restaurant,63.128596379335136,3,0
797,929.1802713941356,16,5,Online,54.76814126309787,9,0
798,650.6175715614196,20,6,ATM,10.825404387703767,7,0
799,951.342110888524,22,5,Restaurant,316.8964972924298,6,0
800,80.2876308617643,20,0,Retail,49.16414548638465,3,0
801,634.510670528411,15,3,Restaurant,19.809129291211605,3,0
802,316.56830697850455,5,3,Online,24.928444477648565,1,0
803,195.1649740513674,0,3,Restaurant,126.05235745466805,5,0
804,219.84430976291608,17,3,Online,28.204661347421172,5,0
805,53.76018270565135,10,5,Online,13.793997770721997,1,0
806,596.9330245545702,0,0,Retail,21.055781016933583,7,0
807,499.6953480771997,18,3,ATM,37.770184540684625,8,0
808,82.80372849736676,2,1,Retail,8.580986562412372,2,0
809,392.8759134323335,19,2,ATM,2.6161743028439326,8,0
810,69.44149983966,14,6,Retail,25.846698158649478,1,0
811,187.96271122182793,5,3,Retail,113.28999742449088,1,0
812,22.56275444727025,1,4,Retail,130.93581636031575,5,0
813,485.2033591229825,16,2,Online,89.2847280823703,8,0
814,6.257307665563506,13,0,ATM,9.341570206462563,9,0
815,151.04929603429142,16,1,ATM,2.5005430094072834,7,0
816,155.09772423578113,2,6,Online,37.52652770398171,8,0
817,689.8693417143869,10,5,Retail,56.474816321084575,5,0
818,299.49073109576216,19,1,ATM,53.346396309680784,6,0
819,425.7365425164871,1,4,ATM,15.774129880849049,7,1
820,143.23664969435433,4,3,Online,20.634971234779613,9,0
821,396.6249689034604,20,4,Restaurant,171.46562342563055,3,0
822,80.79092201680847,8,6,Retail,27.821580038085447,7,0
823,2437.3243864712726,22,3,Online,52.24154374019649,1,0
824,363.84187564473797,0,3,Online,34.72409475709241,9,1
825,1057.5551470137386,14,1,Retail,96.47452803744588,6,0
826,55.85246999385802,6,1,Restaurant,90.91190330428664,3,0
827,446.31213287584734,18,5,Online,52.337126045553205,2,0
828,555.9243720270815,9,6,Online,134.20657213451435,5,0
829,777.8385712268881,18,3,Online,11.643294779338719,3,0
830,332.68554065407614,3,5,ATM,38.45312919680992,2,1
831,18.3740956747851,14,1,ATM,13.359213321815385,2,0
832,151.35640005947408,1,1,Restaurant,5.407639476685601,2,0
833,164.67747638047354,21,1,ATM,73.92961119626783,5,0
834,191.68260755876236,14,3,Restaurant,47.42805695123536,3,0
835,48.36663692119479,10,6,Retail,5.486427032862202,6,0
836,0.3170499064171949,21,3,Retail,224.7510911289426,3,0
837,366.6607566143924,17,2,Restaurant,4.372010023079689,5,1
838,667.3870267360475,5,1,Retail,58.121786182222614,8,0
839,130.75011723728926,13,3,Retail,46.322742803486975,8,0
840,591.7670075525956,8,1,Restaurant,26.73892730608145,4,0
841,656.7473690544504,6,2,Retail,98.62139745032222,7,0
842,264.8685939676822,0,6,Retail,21.50113708369442,1,0
843,372.27033448034103,8,2,Retail,86.56390466317538,2,0
844,188.437171838279,21,0,Online,44.989754493632034,1,0
845,235.1808841424574,21,3,ATM,24.921516536389515,4,0
846,444.7092796895799,20,2,ATM,21.069463441143665,6,0
847,224.64514895873876,1,6,ATM,15.126630384490278,2,0
848,347.66340610984275,5,3,Retail,0.8672095964021982,2,0
849,680.831828506249,16,3,ATM,48.48121893399417,7,0
850,1670.5637863667353,0,6,Restaurant,30.298154048637027,8,0
851,1108.4697387386914,22,1,ATM,20.56444921974579,2,0
852,1229.6103168712418,16,6,Restaurant,9.649037317289096,8,0
853,1210.78269314382,14,3,Restaurant,0.04727739974347493,4,0
854,138.22713038013703,11,1,Retail,56.30950964637429,6,0
855,1463.201382468477,4,1,ATM,98.20703973030471,2,0
856,125.74867421504021,5,1,Online,21.658899415890826,9,0
857,998.3423187161529,3,5,Online,38.954813551080576,8,0
858,435.042659811567,4,6,Restaurant,45.58450413749032,4,0
859,912.2249085368406,17,4,Restaurant,14.196202084291754,3,0
860,2015.0090862768,22,3,Online,33.46813016896611,1,0
861,1042.5397915674714,9,5,Retail,54.79487016793293,5,0
862,847.7805521969326,16,2,Retail,104.48709365590452,3,0
863,115.65405577613627,1,6,Restaurant,82.19159472956292,4,0
864,982.723164998288,23,3,Restaurant,101.75425751764597,2,0
865,90.6153917291022,9,0,Online,288.65338104863264,9,0
866,359.45618956187525,17,3,Restaurant,15.208237580408653,4,0
867,348.9241722364506,16,4,ATM,64.83232842170955,4,0
868,365.67499107630806,20,5,Restaurant,41.19956178065413,5,0
869,642.1327039330598,15,0,Retail,44.09257852755991,8,0
870,252.11838179507552,1,0,Online,17.090381999661687,8,0
871,304.99687137271,2,1,ATM,94.45728651469463,5,0
872,537.9668497665434,5,2,Restaurant,77.84434169339889,4,0
873,573.433743379541,5,0,Online,86.13333739229829,7,1
874,287.71069786222046,2,4,Restaurant,290.06572590088655,3,1
875,26.776300167428385,13,2,Online,18.476511109324882,1,0
876,149.93556533185915,15,3,ATM,183.89288171077067,3,0
877,1441.3380993121245,9,4,Restaurant,11.75903679808592,7,0
878,1311.462032648294,2,5,Retail,4.751586712735688,6,0
879,524.4093604935206,6,2,ATM,0.5154036829656968,1,0
880,102.42907601799912,13,4,Restaurant,13.34790580386035,2,0
881,50.30197448799403,21,0,ATM,18.739467587338098,3,0
882,1493.148731059978,14,1,Restaurant,18.4925370672719,5,0
883,1032.445173901894,0,1,Restaurant,132.91395229057724,9,0
884,253.68897395616207,4,2,Restaurant,18.776363313576436,8,0
885,496.5890164297031,22,1,ATM,53.83332191416101,1,0
886,1227.5880463879964,5,0,ATM,211.20497640605126,8,0
887,74.33932456609269,19,5,Retail,17.402964269279483,4,0
888,505.66143359605354,0,4,Online,185.07975458208207,5,0
889,1259.658729642953,10,6,Retail,71.91126187663869,5,0
890,905.5447304897748,22,1,Retail,83.69990312976917,3,0
891,169.22656838499344,3,5,Online,42.046318642619525,8,1
892,1518.7688449696175,3,0,ATM,75.16941061577776,3,0
893,113.55262812208349,20,4,Retail,47.081204174651916,1,0
894,,6,6,Restaurant,33.15777478851501,5,0
895,50.79933090841807,8,0,Retail,96.27002755899767,8,0
896,62.84874729154842,19,6,Online,85.94585696491052,6,0
897,717.0144078251208,16,2,ATM,25.205533470349856,5,0
898,161.38745671522398,13,6,Online,2.1181805590095206,1,0
899,1016.7749736711904,18,4,Restaurant,130.2186533485163,3,0
900,974.5759443717023,6,4,Restaurant,76.24268929839009,3,0
901,61.92153711769438,14,0,ATM,97.52298582665365,9,0
902,380.0179307966518,22,5,Retail,1.1992819042126135,8,1
903,672.4987050156598,1,1,ATM,103.60097104914283,9,0
904,573.8621828738728,21,5,ATM,31.639058284060777,2,0
905,54.723430989344585,11,2,Retail,120.60289911698791,9,0
906,194.11557455657436,15,5,Retail,58.90370377884795,8,0
907,473.34455139336006,10,1,Retail,27.725843929174708,3,0
908,438.93963167856487,10,3,Retail,6.603341538098579,8,0
909,841.0762145736868,2,5,Retail,40.78109515894206,5,0
910,28.85641855450203,6,5,Retail,61.70863722079031,9,0
911,327.3068377443983,16,2,Retail,117.20034149394792,2,0
912,945.0680706864733,1,2,ATM,108.27608318045992,1,0
913,2530.3263569330275,21,0,Restaurant,14.963858323242828,2,0
914,68.76716244375136,1,0,Retail,3.9015154517183017,2,0
915,519.0986803290906,19,6,Online,31.719568481322412,6,0
916,0.6660789382691559,10,2,Online,16.177903978488917,9,0
917,215.02988345041783,12,2,Retail,19.09408118970182,9,0
918,294.16967757395093,20,4,Retail,55.043373762688354,6,0
919,212.22088803219393,17,1,ATM,68.64003404409871,3,0
920,489.76077474164526,23,5,Online,66.12444632752452,4,0
921,7.749675551947808,2,6,ATM,84.97440370829456,5,0
922,1194.3822483780943,3,0,Retail,2.22174423514852,2,0
923,191.74893642737115,8,6,Online,168.17855623105336,9,0
924,81.47227422740936,9,4,Restaurant,20.660119435069348,1,0
925,283.86666197286075,20,5,ATM,22.872287814206942,1,0
926,360.7590089418336,18,5,ATM,49.99001492988482,5,0
927,26.710733393450287,15,3,ATM,12.770248498749941,4,0
928,802.4241118350966,6,2,Online,56.63494564170942,6,0
929,668.6438855323418,10,5,ATM,15.221417089176242,9,0
930,358.5103401964226,10,6,Restaurant,60.499823193026636,1,0
931,102.8752194857266,16,0,ATM,85.13267519750003,1,0
932,1305.7880688719247,18,2,Online,115.23893206935962,7,1
933,790.3649070895896,3,4,Retail,26.23085234849119,3,0
934,133.09947438269467,23,2,ATM,82.26575805635592,3,0
935,665.8769493190327,5,2,Retail,31.281364907603283,9,0
936,53.439172873658606,18,4,Online,14.110419927236492,5,0
937,63.034007011468034,10,1,Online,65.75407350950144,7,0
938,294.0238319866505,8,4,ATM,17.443357764207732,6,0
939,604.8715722480689,13,2,ATM,9.360178888049582,1,0
940,1246.2580456905287,23,1,Online,6.459528163246012,4,0
941,1770.0332802451405,12,4,ATM,25.351348729676943,8,0
942,588.67975333373,0,4,ATM,68.52633818876231,7,0
943,764.3915442452155,20,5,Retail,84.07385007306503,5,0
944,,10,5,Retail,89.97723222710961,5,0
945,28.7697383913802,15,0,Restaurant,27.931133183929184,9,0
946,66.93390593577318,12,4,Online,1.92610282893736,9,0
947,1766.5306318040405,16,2,Restaurant,9.823280294062549,6,0
948,249.6140745716049,9,0,ATM,10.86597738967167,9,0
949,738.9211266306423,13,1,ATM,35.03828549521281,7,0
950,124.53158318891181,1,0,Restaurant,123.76223439313003,6,1
951,380.6186714415276,15,3,Retail,6.979358808904994,2,0
952,82.8439180913499,19,1,ATM,1.7124520432667,3,0
953,827.0284174268536,16,3,Retail,0.021431351679044627,9,0
954,92.0004982195046,19,2,Online,115.42553251680164,1,0
955,611.9806394776738,11,5,Online,86.33514132875383,7,0
956,81.79483831200373,15,1,Online,164.82986800014314,1,0
957,853.7028431400931,20,1,Online,60.25391942511178,7,0
958,349.49904217931373,20,0,Online,47.166916976736864,8,0
959,265.87734571056956,17,3,ATM,6.573036547065389,3,0
960,205.325883052877,9,3,ATM,42.86255812981557,2,0
961,581.9372384414809,13,0,ATM,78.22546324148668,5,0
962,46.08632217891872,5,0,Restaurant,101.75601540092727,3,0
963,969.6571707063509,16,5,Retail,102.0494107661709,7,0
964,716.1577285830874,11,0,ATM,18.08412212983112,2,0
965,233.3629897935993,9,0,Retail,10.533861445401765,7,0
966,1900.1094648771084,0,5,ATM,8.034457711250194,2,0
967,892.0787723355674,3,5,Restaurant,51.64976903637366,7,0
968,157.91777849190873,22,4,Online,3.6295880173623782,7,0
969,1093.4539044718817,20,0,Retail,102.24316717248705,4,0
970,52.10919894092558,2,0,Retail,82.46273325944453,3,0
971,584.9012016040948,8,6,Restaurant,0.3480180240733588,9,0
972,70.40379399421096,2,0,Restaurant,44.276101336702936,1,0
973,1863.283733177394,13,5,ATM,50.141945743634,4,0
974,25.488265481874897,8,4,ATM,118.28158157294935,4,1
975,132.47900400877515,18,2,Retail,38.267953211621744,8,0
976,377.64881588023854,21,2,ATM,2.6550660922646645,4,0
977,438.489894530865,13,6,Restaurant,57.509381883131304,5,0
978,359.6576904141779,17,0,Retail,21.500759754900532,4,0
979,673.7247480855199,15,1,Restaurant,35.622646902519634,1,0
980,0.7780624223476323,1,5,Restaurant,13.674914959511444,8,0
981,414.8459438618434,21,4,Retail,98.46817408193506,2,0
982,477.197714378856,20,0,Restaurant,44.34788964315942,5,1
983,117.27592627655177,20,4,Online,68.36434352316635,2,0
984,538.1369186058886,22,4,ATM,8.149954064918731,5,0
985,530.6313615801824,0,5,Online,41.62704739563747,4,0
986,377.6765400762573,21,6,ATM,17.943461833131945,6,0
987,150.07248501826277,8,2,Retail,1.2936026958899856,3,0
988,269.4097434310415,20,5,Retail,65.20613882004966,6,0
989,159.03393000524687,9,3,Online,193.4729847004719,2,0
990,,22,3,Restaurant,65.07176559729227,3,0
991,481.953478136014,2,3,Restaurant,4.389810658345627,2,0
992,81.97383256441913,9,0,Restaurant,49.712023201007234,5,0
993,419.21394655314043,12,3,ATM,88.22833336678838,5,1
994,1167.8581681740648,7,0,ATM,8.79534850459279,8,0
995,894.2773503379663,0,1,Online,197.84931973738585,6,1
996,1109.1437473772685,12,5,Retail,48.85766091016626,7,0
997,1244.504977563865,6,2,Online,201.03373891776562,9,1
998,104.25591604013259,14,1,Online,49.734819919218104,4,0
999,635.8262792645028,21,0,Retail,55.23630588735675,6,0
1000,516.9229700292194,10,1,Restaurant,71.27000334344883,7,0
