review_id,word_count,positive_words,negative_words,exclamation_marks,question_marks,capital_ratio,rating,sentiment
1,79,3,9,3,0,0.18818261180302828,5.0,Neutral
2,73,19,12,2,0,0.05132660244882041,5.0,Positive
3,163,4,17,0,2,0.2415149227631383,3.0,Negative
4,171,8,10,4,0,0.16558239425031432,1.0,Negative
5,64,0,8,1,0,0.29860755126501837,3.0,Negative
6,157,6,18,2,1,0.226520115916374,4.0,Negative
7,114,13,13,1,0,0.2984444273045666,1.0,Negative
8,191,6,7,1,0,0.26723461522913994,2.0,Negative
9,173,11,16,2,0,0.054642564473109244,2.0,Negative
10,197,18,3,0,2,0.22442079106867216,3.0,Positive
11,140,4,19,4,1,0.14943001854571875,1.0,Negative
12,194,7,8,0,1,0.03893139619492079,4.0,Neutral
13,44,12,12,3,2,0.17034818667868748,5.0,Positive
14,109,4,4,0,2,0.02810574670215611,1.0,Negative
15,164,14,18,0,2,0.22860374493702887,4.0,Neutral
16,17,8,13,0,2,0.10837280836071167,3.0,Negative
17,125,9,12,1,0,0.24268057610585805,2.0,Negative
18,102,13,10,1,2,0.20468322939981579,5.0,Positive
19,93,3,18,2,2,0.26350932663660154,2.0,Negative
20,66,6,6,1,1,0.055762645577454896,4.0,Positive
21,83,5,6,2,1,0.19353049252668503,5.0,Positive
22,128,2,10,0,2,0.25916286642338693,4.0,Negative
23,42,1,11,1,1,0.06834521695412156,2.0,Negative
24,76,13,10,1,2,0.2349643982158656,1.0,Negative
25,92,12,5,3,2,0.08545453122006717,2.0,Positive
26,112,15,12,4,2,0.24465240475457237,3.0,Positive
27,139,12,11,4,1,0.1546567844915596,3.0,Neutral
28,163,16,7,0,2,0.19984562993957397,4.0,Positive
29,160,11,10,0,1,0.1108898958786925,3.0,Neutral
30,170,17,16,4,1,0.24776044752037907,1.0,Negative
31,37,16,17,2,0,0.03694909718059586,1.0,Negative
32,140,3,3,2,0,0.05803468169774781,,Positive
33,190,13,4,4,0,0.02696603976009788,3.0,Positive
34,70,15,3,3,1,0.28487543601584087,4.0,Positive
35,179,10,8,1,2,0.13988652782621386,2.0,Neutral
36,75,3,19,3,1,0.1432479506373205,1.0,Negative
37,132,9,11,3,0,0.09044695441132188,5.0,Positive
38,184,14,13,3,1,0.14091084964731912,4.0,Positive
39,102,5,12,1,0,0.07052827727187923,1.0,Negative
40,55,11,5,2,0,0.2854935104264112,1.0,Neutral
41,40,5,3,2,1,0.07903617345660414,4.0,Positive
42,67,2,9,2,0,0.2776341989461428,5.0,Neutral
43,24,0,15,3,0,0.1464400407509609,1.0,Negative
44,147,7,19,0,1,0.13115349516654912,4.0,Negative
45,116,15,10,3,1,0.24114629250807745,4.0,Positive
46,95,4,2,0,1,0.14838629064765915,5.0,Positive
47,107,6,10,1,0,0.08007073215782867,1.0,Negative
48,51,5,9,4,2,0.13053972408781025,3.0,Negative
49,113,10,12,3,1,0.13189216228451026,4.0,Neutral
50,194,9,9,2,0,0.08854939076458836,4.0,Positive
51,23,8,11,0,0,0.12611809329542542,1.0,Negative
52,93,1,4,2,0,0.03603477303506345,5.0,Positive
53,108,4,14,3,0,0.28204753432317126,5.0,Negative
54,74,5,9,1,1,0.19199479196564925,1.0,Negative
55,25,19,10,1,0,0.057956682471866104,5.0,Positive
56,179,12,1,0,0,0.23682467407974234,1.0,Positive
57,124,13,16,2,0,0.07991092038365878,3.0,Negative
58,162,2,10,4,2,0.17887953772417273,2.0,Negative
59,57,11,12,0,0,0.27432550210005097,5.0,Positive
60,158,8,7,1,0,0.22958186226525915,4.0,Positive
61,116,11,1,0,2,0.03660801715276566,4.0,Positive
62,62,8,8,1,0,0.16374244195030657,1.0,Negative
63,88,18,19,3,2,0.21230160091494296,1.0,Negative
64,139,14,17,3,1,0.06060571797823718,4.0,Neutral
65,14,9,15,3,2,0.03016278229511321,5.0,Neutral
66,148,12,17,1,2,0.044407227346355695,1.0,Negative
67,118,10,11,3,1,0.2889645362151622,1.0,Negative
68,139,3,8,3,0,0.253514909872928,1.0,Negative
69,106,5,18,4,1,0.25738212995172727,2.0,Negative
70,158,12,15,4,1,0.07387114655384355,4.0,Neutral
71,180,18,8,2,2,0.16747144701875097,1.0,Positive
72,165,0,19,0,0,0.146271377689717,3.0,Negative
73,49,9,4,4,0,0.2502918547668875,5.0,Positive
74,85,2,19,0,2,0.12652312282297543,3.0,Negative
75,178,12,18,0,0,0.1613679395205834,1.0,Negative
76,34,18,14,0,1,0.1743262767856633,4.0,Positive
77,192,12,3,2,0,0.11140533648249591,5.0,Positive
78,93,0,7,0,0,0.010181205493234912,2.0,Negative
79,136,4,15,1,0,0.14857050702724892,2.0,Negative
80,65,13,11,4,1,0.14798029962701184,4.0,Positive
81,181,8,2,1,1,0.01225494777445083,3.0,Positive
82,160,3,8,1,1,0.1458850641256629,1.0,Negative
83,79,1,15,1,2,0.1533430113089075,3.0,Negative
84,132,13,14,0,0,0.04033900957985492,2.0,Negative
85,153,2,19,0,1,0.04319889174245084,4.0,Negative
86,148,3,2,0,2,0.28095867442512173,3.0,Neutral
87,140,12,4,3,0,0.05711479404865566,5.0,Positive
88,160,6,7,0,2,0.09363619344259543,3.0,Neutral
89,112,14,6,4,1,0.08930177072531183,3.0,Positive
90,81,19,12,0,2,0.19727336885810595,3.0,Positive
91,90,3,15,4,0,0.19258912367461584,2.0,Negative
92,168,15,10,4,2,0.27381712846349837,1.0,Neutral
93,158,11,13,2,0,0.12083452033336856,4.0,Neutral
94,163,16,6,3,0,0.2340213090395506,5.0,Positive
95,61,16,7,0,0,0.11322728273303224,1.0,Positive
96,69,5,8,1,2,0.07201341204838282,2.0,Negative
97,105,18,12,0,1,0.26738316388211897,2.0,Positive
98,88,11,3,0,0,0.14509857501343665,1.0,Neutral
99,100,15,3,4,0,0.1171532842706412,2.0,Positive
100,72,2,5,2,1,0.27168909095738647,2.0,Negative
101,198,11,11,1,2,0.28182235032268416,4.0,Positive
102,95,19,6,0,1,0.1354285814557221,1.0,Positive
103,47,1,10,1,2,0.005903493760396205,2.0,Negative
104,100,0,3,1,2,0.009738684323488756,3.0,Negative
105,17,18,17,4,1,0.18271002303674597,2.0,Negative
106,115,4,6,4,2,0.2556061528272708,2.0,Negative
107,136,5,6,2,0,0.2625713938406146,5.0,Positive
108,137,14,14,4,1,0.27034439581193626,2.0,Negative
109,36,19,13,2,1,0.24225452450622617,1.0,Neutral
110,174,15,14,2,1,0.2616748893785153,5.0,Positive
111,43,1,8,2,1,0.2524931003760476,1.0,Negative
112,166,8,8,2,0,0.2520558784123031,5.0,Positive
113,196,7,11,2,2,0.09824043872821393,5.0,Neutral
114,44,3,7,4,0,0.1181101108644024,5.0,Neutral
115,114,4,17,3,1,0.0951161609735589,4.0,Negative
116,97,8,14,1,0,0.04637152929375785,5.0,Neutral
117,185,10,1,4,2,0.09961852313001708,4.0,Positive
118,72,6,19,0,1,0.27222054933684625,3.0,Negative
119,75,1,10,3,0,0.29132415217412044,2.0,Negative
120,177,1,12,4,0,0.045144470063043375,5.0,Negative
121,120,11,6,4,2,0.1986065108249336,3.0,Positive
122,153,16,19,0,2,0.290087022873631,1.0,Negative
123,122,5,7,3,1,0.06200134331969961,2.0,Negative
124,74,0,5,4,0,0.2520130642360019,3.0,Negative
125,135,8,2,3,1,0.08894474712133944,4.0,Positive
126,195,9,0,1,0,0.12310024528535705,5.0,Positive
127,44,5,13,0,0,0.2748753012105723,1.0,Negative
128,125,0,0,4,1,0.017433177004149068,5.0,Positive
129,198,15,7,0,0,0.13455919669181457,2.0,Positive
130,152,9,18,1,2,0.15171437771841592,1.0,Negative
131,76,13,15,4,0,0.27028321969814717,5.0,Positive
132,37,13,5,0,0,0.17213438776343795,5.0,Positive
133,101,13,8,2,1,0.2835254443834811,5.0,Positive
134,86,12,19,1,2,0.09536363278900553,4.0,Negative
135,194,1,5,3,1,0.14809563229149364,2.0,Negative
136,15,19,2,3,1,0.006814212277633546,,Positive
137,13,1,5,0,2,0.29663510163917756,2.0,Negative
138,125,17,9,0,1,0.06998513779765593,2.0,Positive
139,110,4,12,1,1,0.27864407189037543,3.0,Negative
140,107,3,0,3,0,0.12006821534834677,2.0,Neutral
141,142,6,15,0,0,0.04956079280416542,3.0,Negative
142,178,3,11,2,2,0.12596090878598123,5.0,Negative
143,121,12,12,2,2,0.09720191541084915,5.0,Positive
144,84,10,13,4,1,0.285543199242517,1.0,Negative
145,40,1,19,4,2,0.23134639964660575,2.0,Negative
146,148,8,10,1,0,0.06223049351256139,3.0,Negative
147,73,12,13,0,1,0.16203309755222856,3.0,Neutral
148,199,9,7,1,2,0.20097942284407636,5.0,Positive
149,45,15,8,1,1,0.17379939922735776,4.0,Positive
150,135,17,12,2,2,0.27500960408275005,3.0,Positive
151,21,4,13,0,1,0.03389530881127085,4.0,Negative
152,97,17,14,3,0,0.012131193454659761,1.0,Negative
153,92,13,19,2,0,0.1835797918677106,5.0,Neutral
154,138,8,4,0,2,0.22359541807419425,4.0,Positive
155,15,1,6,3,2,0.24284077154445535,2.0,Negative
156,67,10,12,3,1,0.0633383710680935,3.0,Negative
157,29,17,2,4,0,0.05703618892814478,5.0,Positive
158,130,7,0,3,0,0.25157262243761225,5.0,Positive
159,115,6,18,2,1,0.10126005599970014,2.0,Negative
160,21,0,1,4,1,0.19790048125286042,3.0,Neutral
161,19,5,15,1,2,0.045243360204944634,5.0,Negative
162,57,3,17,1,1,0.24029855092823832,3.0,Negative
163,112,16,4,3,2,0.28826494059983954,2.0,Positive
164,136,11,5,3,2,0.29149490148254353,3.0,Positive
165,17,16,16,2,2,0.15570371029281563,3.0,Neutral
166,171,8,17,3,2,0.07178879548785307,5.0,Negative
167,12,4,3,0,2,0.04230268942377342,4.0,Positive
168,58,1,8,2,0,0.07372009214763896,5.0,Neutral
169,156,9,5,1,1,0.18648989316328565,2.0,Neutral
170,123,4,17,4,1,0.13076321948458097,2.0,Negative
171,176,18,16,3,2,0.1432212789500867,1.0,Negative
172,196,8,0,3,0,0.14228592875500296,2.0,Positive
173,76,10,1,4,2,0.23803387723204716,1.0,Positive
174,79,19,1,4,2,0.24940431235599891,2.0,Positive
175,43,19,11,2,2,0.00418578035988012,5.0,Positive
176,155,16,6,2,1,0.2754663777094705,3.0,Positive
177,159,14,18,4,0,0.11652796044314431,4.0,Neutral
178,61,3,5,4,0,0.0722449279275486,2.0,Negative
179,20,1,14,3,0,0.2988049754795497,3.0,Negative
180,197,17,14,3,2,0.03675831305325698,1.0,Negative
181,33,17,12,3,0,0.09631495324524102,5.0,Positive
182,16,10,12,0,0,0.27213019728295246,2.0,Negative
183,80,13,14,0,0,0.14268955480728657,4.0,Neutral
184,61,12,9,1,0,0.2777423515880769,5.0,Positive
185,97,1,14,2,1,0.0724542170975069,4.0,Negative
186,41,16,0,0,1,0.12222544147975721,2.0,Positive
187,61,18,6,2,0,0.01549582026088101,1.0,Positive
188,41,15,14,3,1,0.1362805237153015,5.0,Positive
189,181,14,2,4,2,0.00014878368783906025,5.0,Positive
190,34,18,11,3,0,0.09506433888471973,3.0,Positive
191,60,10,4,4,2,0.21453403357706866,3.0,Positive
192,184,1,2,4,2,0.21724432258713935,4.0,Neutral
193,106,4,3,1,0,0.12833613951424197,5.0,Positive
194,170,15,9,2,0,0.0038877317230662897,1.0,Neutral
195,128,3,19,4,1,0.03929967148806128,2.0,Negative
196,47,18,10,0,1,0.07262076396242352,3.0,Positive
197,173,2,19,0,0,0.004936893618692339,4.0,Negative
198,191,7,15,3,0,0.06510600813655183,,Negative
199,89,1,8,3,2,0.1570805213278445,2.0,Negative
200,34,13,12,1,2,0.037716565326423354,5.0,Positive
201,79,10,4,1,1,0.25988539267004657,5.0,Positive
202,164,4,8,3,0,0.01799420104195786,5.0,Neutral
203,84,11,8,1,1,0.2327598275593757,4.0,Positive
204,38,17,9,4,1,0.13388753180418833,1.0,Neutral
205,103,8,13,3,2,0.18385420397574093,3.0,Negative
206,188,16,12,1,2,0.14503899256469294,5.0,Positive
207,36,15,11,0,1,0.12845847628754783,1.0,Negative
208,80,19,7,1,1,0.20410083742962432,2.0,Positive
209,11,18,2,3,1,0.06813805633403608,2.0,Positive
210,18,16,19,0,2,0.14603079654838744,2.0,Negative
211,124,12,16,4,1,0.24221003351516188,4.0,Neutral
212,97,14,12,2,2,0.04654272865735687,5.0,Positive
213,165,6,9,1,0,0.027819200517965725,2.0,Negative
214,120,9,17,1,0,0.18108408901044448,4.0,Negative
215,183,15,5,2,1,0.2890738544866083,,Positive
216,156,0,17,2,1,0.12876340724552612,1.0,Negative
217,24,15,18,3,2,0.24438795919189757,1.0,Negative
218,11,3,10,4,0,0.14107047675292297,3.0,Negative
219,58,9,0,3,0,0.07039605301015464,2.0,Positive
220,151,0,8,0,1,0.14552017459333624,4.0,Negative
221,155,18,10,3,2,0.13256655434753156,1.0,Neutral
222,83,11,11,2,2,0.07571204639829614,4.0,Positive
223,15,0,9,4,1,0.10593946389004162,1.0,Negative
224,30,17,8,3,2,0.11762821632782787,2.0,Positive
225,32,16,11,0,2,0.2577871848282496,2.0,Neutral
226,154,4,17,2,1,0.09224466994758523,5.0,Negative
227,48,17,17,1,1,0.2775455186274148,2.0,Negative
228,72,2,8,2,1,0.004048036670597166,5.0,Neutral
229,59,17,6,0,0,0.03851852133831139,2.0,Positive
230,107,15,4,3,1,0.008123769560133842,4.0,Positive
231,15,11,4,3,0,0.23030270363486402,5.0,Positive
232,74,10,11,3,0,0.037365659843477304,,Positive
233,155,16,6,1,1,0.17222348064757298,4.0,Positive
234,44,6,13,0,2,0.233365232141636,3.0,Negative
235,116,4,8,4,2,0.1468080191686892,1.0,Negative
236,56,8,0,1,0,0.029380110547186034,2.0,Positive
237,76,15,2,2,2,0.25123328447179255,1.0,Positive
238,74,0,10,0,0,0.06186671829036647,2.0,Negative
239,140,17,14,0,1,0.028328727708921086,5.0,Positive
240,24,5,17,4,0,0.23026015754047935,3.0,Negative
241,132,15,7,0,0,0.008371003293569,5.0,Positive
242,151,1,0,2,2,0.1853357465935035,4.0,Positive
243,46,13,12,1,0,0.1261146944849786,5.0,Positive
244,26,3,14,2,2,0.1303200115752773,2.0,Negative
245,124,14,6,2,0,0.24133010737203042,4.0,Positive
246,25,16,2,0,1,0.014008839349451518,2.0,Positive
247,38,8,17,1,1,0.22249437207440662,1.0,Negative
248,156,13,3,4,2,0.21164576498669882,2.0,Positive
249,29,12,7,2,2,0.26679721567239245,3.0,Positive
250,101,10,4,3,0,0.17314754520587974,,Positive
251,158,3,12,1,2,0.04802914022711445,3.0,Negative
252,160,2,8,0,2,0.013946561740018336,5.0,Neutral
253,125,5,8,2,0,0.13260442377371498,5.0,Positive
254,136,18,10,2,0,0.21606231213881447,2.0,Positive
255,81,16,18,2,1,0.012691602071591323,1.0,Negative
256,120,15,17,2,1,0.07447391189598297,1.0,Negative
257,148,4,3,2,1,0.2312359124069626,3.0,Neutral
258,64,9,18,2,0,0.06912780322017273,2.0,Negative
259,198,3,13,4,2,0.11433684271682086,3.0,Negative
260,46,15,3,3,1,0.22407409216194732,5.0,Positive
261,147,10,16,4,1,0.12912788801826533,2.0,Negative
262,26,1,3,4,2,0.231404398585537,2.0,Negative
263,85,16,9,2,0,0.0810676708310335,2.0,Positive
264,59,14,11,2,0,0.28741996252567226,3.0,Positive
265,124,8,1,2,1,0.028142681633697497,2.0,Positive
266,26,1,13,1,0,0.2254372650417419,4.0,Negative
267,111,6,6,0,1,0.022256087672631476,3.0,Neutral
268,52,12,4,0,1,0.25353601514168583,1.0,Neutral
269,163,5,19,3,2,0.040950265132896256,1.0,Negative
270,161,1,2,4,1,0.17594014119831183,4.0,Neutral
271,43,7,0,4,2,0.10007003171302407,1.0,Neutral
272,97,7,3,3,0,0.18141830245083604,2.0,Neutral
273,67,19,6,3,1,0.014346263357358911,5.0,Positive
274,133,5,4,1,2,0.26440460791822884,1.0,Negative
275,95,8,14,3,0,0.21426258925549263,3.0,Negative
276,135,18,12,3,2,0.10370187956012045,1.0,Neutral
277,102,10,12,3,2,0.14116053459058506,4.0,Neutral
278,93,16,6,2,2,0.18786301452141937,2.0,Positive
279,25,3,1,1,0,0.18534150625734805,1.0,Negative
280,153,1,7,2,1,0.19192076641254066,2.0,Negative
281,139,6,3,1,0,0.04647849338761536,4.0,Positive
282,139,19,0,0,1,0.23795411363053226,1.0,Positive
283,51,9,15,4,1,0.13791790943982385,4.0,Negative
284,13,3,5,4,2,0.24007012542149053,2.0,Negative
285,19,5,7,0,0,0.2785504683755496,5.0,Positive
286,124,8,15,3,1,0.030981520610645283,5.0,Neutral
287,32,12,7,0,1,0.10681185251653459,3.0,Positive
288,161,12,14,1,2,0.15929065569965897,2.0,Negative
289,83,3,11,0,0,0.04047388616133061,1.0,Negative
290,69,8,5,4,2,0.07774485388806335,4.0,Positive
291,152,19,4,4,1,0.01475668261869668,4.0,Positive
292,36,8,15,3,1,0.20440210918529186,2.0,Negative
293,101,7,1,0,0,0.14891766970779402,5.0,Positive
294,87,5,7,3,1,0.009379822359342049,4.0,Neutral
295,16,13,10,2,0,0.09109446460512259,3.0,Positive
296,48,16,10,1,2,0.12243938210109379,2.0,Positive
297,44,19,9,3,2,0.10277131052462796,1.0,Positive
298,153,7,1,4,1,0.005477352860987638,4.0,Positive
299,163,9,10,1,2,0.08631493434471267,1.0,Negative
300,77,14,9,2,0,0.02434518695965817,5.0,Positive
301,198,1,1,0,1,0.0017370090920430735,5.0,Positive
302,147,9,10,2,2,0.10596729991236455,1.0,Negative
303,114,9,2,0,0,0.11594175468649442,4.0,Positive
304,163,16,19,0,1,0.27434251825198863,5.0,Positive
305,22,16,7,3,1,0.03848892494110125,4.0,Positive
306,52,7,9,1,1,0.2101225562644941,4.0,Neutral
307,126,11,19,1,1,0.07906824142554186,5.0,Negative
308,123,0,3,2,2,0.14927111273413451,4.0,Neutral
309,164,9,2,4,2,0.1292263918934001,3.0,Positive
310,21,1,12,2,1,0.1452066109696984,5.0,Negative
311,196,16,13,2,0,0.22878232276722596,1.0,Negative
312,179,1,10,3,0,0.005536523257067571,3.0,Negative
313,169,12,14,4,1,0.098751586838233,1.0,Negative
314,153,6,1,3,2,0.10208629083703054,5.0,Positive
315,187,6,2,1,1,0.028423037946346385,2.0,Neutral
316,172,8,9,3,0,0.003205567084351657,4.0,Neutral
317,132,14,8,2,2,0.2157042578374113,3.0,Positive
318,159,8,10,1,0,0.264819525344659,4.0,Neutral
319,100,6,10,3,2,0.0932868335255068,3.0,Negative
320,91,11,2,0,2,0.19590807838150862,2.0,Positive
321,178,7,7,2,2,0.29854282774423524,2.0,Negative
322,56,6,12,2,2,0.04927189666513195,5.0,Neutral
323,148,5,4,3,2,0.08299887641355047,1.0,Negative
324,129,9,9,4,2,0.2454173421822714,3.0,Neutral
325,112,19,5,0,1,0.000982431664905492,1.0,Positive
326,16,2,19,3,0,0.1778038513879647,2.0,Negative
327,72,19,1,2,1,0.14340756769654853,4.0,Positive
328,102,11,3,2,1,0.21621631213873,4.0,Positive
329,137,2,16,2,1,0.15869016153300583,5.0,Negative
330,119,19,2,3,1,0.15484999978447705,4.0,Positive
331,26,17,9,1,0,0.2131000004188703,4.0,Positive
332,162,13,2,4,1,0.16499392253099693,2.0,Positive
333,131,15,10,3,2,0.2958462906942751,3.0,Positive
334,68,7,1,3,0,0.209394777546497,5.0,Positive
335,46,15,15,2,2,0.2420559537584679,1.0,Negative
336,83,16,18,4,1,0.1267614718751524,1.0,Negative
337,191,0,10,2,1,0.28740730506697826,2.0,Negative
338,117,4,18,0,2,0.13453223533063183,1.0,Negative
339,120,4,15,0,1,0.10383841491080216,4.0,Negative
340,21,17,5,2,1,0.28180003739388987,4.0,Positive
341,154,2,19,0,1,0.11312005378540729,4.0,Negative
342,18,3,14,0,1,0.10968182098593023,4.0,Negative
343,41,15,16,2,0,0.16691107845731695,2.0,Negative
344,91,19,17,0,2,0.25483385355553645,4.0,Positive
345,194,4,14,1,0,0.09903356012105707,4.0,Negative
346,145,15,9,2,1,0.24885131680700934,5.0,Positive
347,116,4,16,1,0,0.04889157183415804,2.0,Negative
348,170,17,7,3,2,0.051775034590885984,1.0,Positive
349,149,0,14,1,1,0.1352798989386257,3.0,Negative
350,171,0,9,3,2,0.0789915248697752,5.0,Negative
351,189,10,18,4,2,0.14531139654640088,4.0,Negative
352,138,7,1,0,1,0.0037421630312145958,3.0,Positive
353,166,0,14,4,0,0.08301822247303549,1.0,Negative
354,142,8,3,0,2,0.2842625525852963,1.0,Neutral
355,47,17,0,3,2,0.26378030056277674,1.0,Positive
356,30,7,11,2,1,0.008613806304886961,1.0,Negative
357,68,17,7,0,1,0.2413000331840826,2.0,Positive
358,129,7,9,1,1,0.13316256907219437,2.0,Negative
359,103,7,3,3,0,0.2450537403150502,3.0,Positive
360,29,12,17,1,0,0.08402993745130698,5.0,Neutral
361,104,15,7,0,0,0.16506145925116458,5.0,Positive
362,52,15,2,3,2,0.29583697625268346,1.0,Positive
363,71,6,10,1,1,0.09804788935775108,3.0,Negative
364,174,3,13,3,1,0.2654154080408972,2.0,Negative
365,11,3,15,3,2,0.2631743779856867,4.0,Negative
366,83,18,0,0,1,0.04621284987984385,3.0,Positive
367,52,13,19,0,0,0.07306385691204319,5.0,Neutral
368,39,14,14,4,1,0.038392886780277725,1.0,Negative
369,176,7,11,2,1,0.08640808527569346,5.0,Neutral
370,12,2,14,0,1,0.1571524567462758,5.0,Negative
371,108,11,15,2,0,0.2784229734199189,2.0,Negative
372,138,3,3,2,0,0.11897450991500493,3.0,Neutral
373,138,18,6,3,0,0.2963678658892733,5.0,Positive
374,38,11,4,0,1,0.11977086580457816,5.0,Positive
375,18,8,13,2,2,0.17670827823356502,4.0,Negative
376,126,0,9,4,1,0.28942995111494113,2.0,Negative
377,149,9,11,1,0,0.18047630593967118,1.0,Negative
378,66,10,13,2,2,0.11607033544917178,3.0,Negative
379,149,10,18,1,2,0.1576588261773628,4.0,Negative
380,159,7,17,4,0,0.16312824624953845,3.0,Negative
381,92,16,17,1,2,0.0315159338820286,3.0,Neutral
382,116,10,1,4,0,0.12139427993783315,1.0,Positive
383,125,9,10,0,1,0.15790568464888222,3.0,Neutral
384,176,19,14,0,0,0.23377805146375608,,Positive
385,93,9,4,2,0,0.0018119965070451547,2.0,Neutral
386,187,12,4,3,0,0.24416764776440886,5.0,Positive
387,119,16,19,0,0,0.08106282086607515,4.0,Neutral
388,197,14,6,0,2,0.21461777080421893,4.0,Positive
389,173,13,1,0,1,0.23170465213306723,1.0,Positive
390,99,10,0,0,0,0.25788902574938793,3.0,Positive
391,199,10,0,4,0,0.2855579145259932,4.0,Positive
392,88,17,14,2,2,0.27000377731751574,5.0,Positive
393,67,15,0,4,2,0.18995630907138453,1.0,Positive
394,67,9,5,0,0,0.21763540601635697,2.0,Neutral
395,177,1,12,4,0,0.21063592651228188,2.0,Negative
396,53,18,6,3,0,0.1553631318477214,2.0,Positive
397,133,7,11,3,2,0.2305786442867499,2.0,Negative
398,108,17,3,0,1,0.13589024183630302,1.0,Positive
399,72,12,9,2,0,0.24598921768765528,3.0,Positive
400,160,13,7,1,0,0.22313991807053263,1.0,Neutral
401,30,9,17,2,0,0.14694529475531995,5.0,Negative
402,153,4,10,3,0,0.15424174157381357,5.0,Neutral
403,107,0,5,3,2,0.1923367746399607,3.0,Negative
404,77,14,15,2,0,0.09992457913000147,2.0,Negative
405,17,3,18,0,1,0.16681618701376483,4.0,Negative
406,55,14,2,4,1,0.26998013497791723,5.0,Positive
407,155,10,5,3,1,0.09331327193377306,1.0,Neutral
408,160,12,10,3,1,0.20682314687304917,3.0,Neutral
409,91,15,4,1,0,0.011955433110120183,5.0,Positive
410,46,9,17,4,0,0.03845750730849362,4.0,Negative
411,73,10,13,2,2,0.26550115454198064,3.0,Negative
412,89,13,4,3,2,0.2709961237720715,1.0,Positive
413,91,9,16,4,1,0.17062811232062694,3.0,Negative
414,188,0,7,2,0,0.17908812606641605,4.0,Negative
415,44,5,19,4,0,0.12290595283304245,4.0,Negative
416,29,5,17,1,0,0.17901987390969668,3.0,Negative
417,132,13,15,3,2,0.26271744139590786,1.0,Negative
418,29,12,3,3,2,0.04637248357129518,2.0,Positive
419,169,8,11,1,2,0.15016572693733707,5.0,Positive
420,84,19,18,1,0,0.26283440510873496,4.0,Positive
421,72,5,2,0,0,0.021295192078153034,5.0,Positive
422,86,0,1,2,2,0.06035899603741561,1.0,Negative
423,107,4,7,3,1,0.15385652160635363,4.0,Neutral
424,22,17,4,4,2,0.18523775518743682,4.0,Positive
425,80,11,0,1,0,0.21214315803961523,3.0,Positive
426,106,7,4,0,0,0.055487324509913234,3.0,Positive
427,95,10,13,1,0,0.1793552672517154,3.0,Negative
428,164,6,3,1,2,0.10301358895667513,5.0,Positive
429,104,5,7,3,0,0.09491852919702026,5.0,Positive
430,177,7,15,2,2,0.018865092885844436,5.0,Negative
431,68,2,4,3,0,0.03719917205728111,3.0,Negative
432,166,0,10,4,1,0.23969122933086284,2.0,Negative
433,167,15,12,1,2,0.13703856234303607,3.0,Positive
434,44,9,7,4,1,0.22471800593015934,2.0,Neutral
435,105,17,10,4,0,0.24528076900735682,2.0,Positive
436,192,19,2,1,0,0.23801216964753205,4.0,Positive
437,78,15,0,2,0,0.29436512301684487,5.0,Positive
438,12,9,3,4,2,0.07777991388865933,4.0,Positive
439,179,11,18,4,2,0.02183279331882404,1.0,Negative
440,48,14,13,4,1,0.15679558705163368,2.0,Negative
441,53,1,1,1,0,0.28899592021227377,3.0,Neutral
442,124,17,13,2,1,0.06066529772562953,5.0,Positive
443,192,11,6,1,0,0.1631685699861405,2.0,Neutral
444,40,10,10,1,0,0.12288196026647143,3.0,Neutral
445,170,9,2,2,2,0.1871117667112868,2.0,Positive
446,151,5,16,4,2,0.13086051532097473,3.0,Negative
447,107,16,14,0,0,0.29654750244798755,2.0,Neutral
448,186,16,3,2,0,0.23379240282076907,1.0,Positive
449,38,16,18,2,0,0.23189147359583134,3.0,Negative
450,17,2,9,3,1,0.1100766426144111,3.0,Negative
451,86,0,16,0,1,0.22956619739516626,3.0,Negative
452,58,9,16,0,1,0.15653236848876315,1.0,Negative
453,153,3,11,0,2,0.25718474881629577,5.0,Negative
454,98,4,14,1,0,0.23465713748044148,3.0,Negative
455,197,12,10,3,1,0.20104311866919852,3.0,Neutral
456,177,16,13,4,1,0.07234613590411229,4.0,Positive
457,170,2,14,0,1,0.17211624138354722,1.0,Negative
458,12,16,12,4,2,0.2679239063459916,4.0,Positive
459,22,3,1,0,2,0.1871910177352584,2.0,Neutral
460,183,13,4,4,2,0.24953997401585484,1.0,Positive
461,35,4,19,1,1,0.1600928193191418,5.0,Negative
462,171,0,5,0,2,0.252867756391595,5.0,Neutral
463,148,11,14,0,2,0.17506759752262613,1.0,Negative
464,42,1,10,3,0,0.2553745126080905,3.0,Negative
465,96,5,0,4,1,0.1418493836872127,1.0,Neutral
466,177,12,11,0,0,0.19994628974120546,2.0,Negative
467,48,1,16,0,2,0.017206429420084168,2.0,Negative
468,183,17,0,1,2,0.13134623968969927,1.0,Positive
469,122,7,1,4,0,0.041814177113343405,3.0,Positive
470,51,10,1,0,2,0.06907992633042111,5.0,Positive
471,138,9,17,2,1,0.162394323311141,5.0,Negative
472,76,3,2,1,1,0.16220011498328432,4.0,Positive
473,161,18,15,4,2,0.2398110075558746,1.0,Negative
474,176,1,9,3,1,0.14251585759829902,3.0,Negative
475,119,1,14,2,1,0.28329524029620584,2.0,Negative
476,191,12,11,1,2,0.10048684436994826,1.0,Negative
477,118,7,12,0,2,0.13770678666815836,4.0,Negative
478,185,0,11,1,1,0.23111900982025083,3.0,Negative
479,29,13,6,2,2,0.1971309744555667,5.0,Positive
480,139,15,18,1,0,0.05004131761367375,3.0,Negative
481,145,12,14,2,2,0.15569756861121356,3.0,Negative
482,75,14,19,2,2,0.022734392216201337,,Neutral
483,125,14,6,2,0,0.04479675003963061,3.0,Positive
484,180,5,13,4,2,0.031373179891547254,5.0,Negative
485,91,6,12,1,1,0.028507345559407458,2.0,Negative
486,129,16,13,4,1,0.04390545428196028,3.0,Positive
487,53,10,19,3,1,0.26713245724431606,2.0,Negative
488,139,5,11,3,2,0.20642289561283553,1.0,Negative
489,121,16,6,1,1,0.20264821948640332,1.0,Positive
490,43,16,1,1,2,0.2687659191613381,5.0,Positive
491,15,9,15,0,1,0.20934078186929939,5.0,Neutral
492,56,8,17,0,1,0.1826637385196158,4.0,Negative
493,60,2,0,4,1,0.223590074349791,3.0,Neutral
494,30,12,0,0,0,0.2093555253809626,,Positive
495,119,13,14,3,2,0.18025093113681392,3.0,Neutral
496,89,2,9,0,2,0.03229416474118286,2.0,Negative
497,198,0,12,3,2,0.02105778134488215,4.0,Negative
498,75,7,2,4,1,0.04946540438920057,4.0,Positive
499,25,7,4,2,1,0.1863906401683892,2.0,Neutral
500,169,2,16,3,0,0.15657347947376135,1.0,Negative
501,47,12,7,4,1,0.16397081977526473,4.0,Positive
502,25,5,1,1,1,0.11568001736945252,2.0,Neutral
503,192,2,6,3,1,0.2468757810537337,5.0,Neutral
504,145,3,11,3,2,0.2226497005876322,2.0,Negative
505,120,12,5,1,1,0.015437784326904635,1.0,Neutral
506,36,11,19,2,1,0.060086035401742385,3.0,Negative
507,13,12,1,0,2,0.1637183658829418,2.0,Positive
508,190,2,6,3,1,0.05738690251217727,2.0,Negative
509,169,5,5,0,1,0.042343255039060924,4.0,Positive
510,94,11,0,0,0,0.0028589559178746615,3.0,Positive
511,23,8,16,3,1,0.2948867958502193,5.0,Negative
512,123,0,5,3,2,0.0693999600386817,3.0,Negative
513,124,19,3,3,1,0.12673200419510294,3.0,Positive
514,78,16,9,4,0,0.1880802494014904,3.0,Positive
515,103,4,18,1,1,0.07386982413012462,2.0,Negative
516,94,19,5,0,2,0.2441875283337986,2.0,Positive
517,33,10,1,3,2,0.17775531169102243,2.0,Positive
518,96,17,7,2,1,0.2054362218030806,3.0,Positive
519,41,6,5,4,2,0.04610312497319889,2.0,Negative
520,67,6,8,3,2,0.21678278034418433,2.0,Negative
521,193,7,14,1,1,0.015891901878955738,3.0,Negative
522,29,6,18,4,1,0.09628371702128938,5.0,Negative
523,139,10,14,0,0,0.129164708402375,2.0,Negative
524,82,15,3,0,2,0.028537561914589324,4.0,Positive
525,54,17,8,0,0,0.16776729030039544,4.0,Positive
526,24,12,17,3,2,0.10228165835151853,4.0,Negative
527,139,7,12,4,2,0.040585564172053765,3.0,Negative
528,184,12,10,1,1,0.08563970412064074,5.0,Positive
529,94,8,2,1,2,0.17407359475212683,5.0,Positive
530,82,7,2,1,1,0.06759478551850769,2.0,Neutral
531,50,14,17,4,2,0.14108110553773492,5.0,Positive
532,100,18,19,4,1,0.20712501836763872,3.0,Neutral
533,175,18,6,2,2,0.18340177196606258,2.0,Positive
534,61,9,16,0,0,0.22922211921138363,3.0,Negative
535,130,2,12,1,2,0.20759192491254946,4.0,Negative
536,59,9,13,1,0,0.1453152788126825,3.0,Negative
537,29,11,11,4,0,0.15590541400894362,4.0,Positive
538,95,7,7,1,1,0.07941403983114485,1.0,Negative
539,26,11,18,2,1,0.2796090974317812,3.0,Negative
540,71,11,0,1,1,0.27057767410974576,4.0,Positive
541,59,6,17,4,2,0.2449244186529199,5.0,Negative
542,75,13,13,1,2,0.04471232406658948,2.0,Negative
543,72,1,17,1,0,0.23169331771772236,1.0,Negative
544,88,3,19,0,2,0.2782557904392633,4.0,Negative
545,122,19,4,2,2,0.2729427484163413,2.0,Positive
546,146,15,8,3,2,0.27151700463703754,1.0,Neutral
547,170,14,13,1,0,0.2021830562331197,4.0,Positive
548,182,18,4,3,1,0.07506562562712239,3.0,Positive
549,170,10,2,2,0,0.17566660021325683,5.0,Positive
550,141,1,16,3,2,0.08514661759261623,5.0,Negative
551,132,8,15,0,0,0.2402399535466009,3.0,Negative
552,146,5,6,2,0,0.051650187388499955,5.0,Positive
553,102,15,15,1,1,0.06491895715263271,1.0,Negative
554,113,8,13,4,1,0.07952761119257536,4.0,Negative
555,128,18,11,4,1,0.1782873647577376,5.0,Positive
556,83,0,0,3,2,0.17639210791285734,1.0,Negative
557,130,9,18,3,0,0.1647882975699419,4.0,Negative
558,160,14,12,2,2,0.043589198666609416,5.0,Positive
559,116,17,2,0,1,0.13903053947736912,1.0,Positive
560,136,18,5,3,2,0.2785406171535831,2.0,Positive
561,10,5,1,1,0,0.28146944810477725,2.0,Neutral
562,121,9,16,4,2,0.14413882895974262,3.0,Negative
563,153,16,3,1,0,0.07872064097182174,4.0,Positive
564,79,17,9,1,2,0.2978021595115931,4.0,Positive
565,156,16,2,1,2,0.0659881296347238,3.0,Positive
566,171,4,11,4,1,0.2522811449257336,1.0,Negative
567,122,9,1,1,2,0.08840322970987037,5.0,Positive
568,90,1,6,2,0,0.272973415995164,3.0,Negative
569,69,17,10,1,2,0.03568153815756398,1.0,Neutral
570,72,19,3,2,0,0.09488704772471157,4.0,Positive
571,197,19,14,2,0,0.19289524066906202,4.0,Positive
572,58,9,0,3,2,0.028402223877422215,5.0,Positive
573,84,16,19,3,0,0.11751790127427231,4.0,Neutral
574,102,16,18,1,2,0.11810391452934366,3.0,Negative
575,69,17,0,3,2,0.15336591048634068,,Positive
576,37,19,5,3,0,0.0010928433065651056,2.0,Positive
577,86,2,9,3,2,0.19538222678223066,3.0,Negative
578,141,0,13,2,1,0.12280508330712642,4.0,Negative
579,189,7,14,2,1,0.07262937985700434,2.0,Negative
580,89,16,17,3,0,0.06187674209329876,3.0,Neutral
581,63,2,6,0,1,0.23250999849661938,1.0,Negative
582,171,2,9,3,0,0.08589190092834977,4.0,Negative
583,25,17,6,2,1,0.20318890264630926,5.0,Positive
584,93,16,1,0,0,0.002947005430110516,1.0,Positive
585,111,12,9,1,2,0.29108914805082314,,Neutral
586,44,19,1,0,1,0.024116489675577935,5.0,Positive
587,45,14,9,0,2,0.12135876067243524,5.0,Positive
588,90,17,16,1,0,0.2002877127363103,1.0,Negative
589,174,10,2,0,1,0.18727810440040074,3.0,Positive
590,96,9,6,2,2,0.26775106543410787,5.0,Positive
591,183,8,17,2,0,0.290915106561515,3.0,Negative
592,191,18,14,1,1,0.21592652261221532,5.0,Positive
593,44,7,6,1,2,0.19163230090007988,5.0,Positive
594,192,15,2,4,2,0.029505765011057415,3.0,Positive
595,143,7,0,0,0,0.13218935479400898,1.0,Neutral
596,74,16,13,1,0,0.05609704307462466,2.0,Neutral
597,136,5,18,3,2,0.1138889865553912,4.0,Negative
598,113,14,8,4,2,0.042409360554383733,4.0,Positive
599,12,2,19,0,2,0.23560664723177788,3.0,Negative
600,54,19,19,2,0,0.15394173711931075,5.0,Positive
601,188,0,3,4,2,0.03317044967961652,3.0,Negative
602,88,4,3,3,2,0.15624198777554185,1.0,Negative
603,107,17,2,2,0,0.09882057928262956,4.0,Positive
604,34,5,13,2,2,0.15040706604103812,2.0,Negative
605,90,13,15,4,0,0.07705742880779345,5.0,Positive
606,64,12,5,4,0,0.22691416882741675,2.0,Positive
607,75,5,6,0,0,0.0024381667280929495,3.0,Neutral
608,15,0,16,2,2,0.04206677254403298,3.0,Negative
609,160,18,15,4,2,0.1714033271509033,3.0,Positive
610,59,14,17,1,2,0.19448632532510549,3.0,Negative
611,86,10,9,1,2,0.012480659481402877,4.0,Positive
612,106,18,7,4,1,0.19988833004084733,2.0,Positive
613,147,11,13,4,1,0.06046340878970234,3.0,Negative
614,44,0,8,0,1,0.04425426881779817,2.0,Negative
615,95,15,19,4,2,0.0060355530461812185,3.0,Negative
616,86,14,15,1,1,0.14751932323605713,4.0,Neutral
617,79,18,7,4,1,0.22570665668445386,1.0,Positive
618,114,3,9,4,1,0.17864121796644153,2.0,Negative
619,149,4,19,2,1,0.259731861879571,4.0,Negative
620,96,15,13,2,2,0.1602353421459483,2.0,Neutral
621,186,17,1,4,2,0.0026953526620118293,3.0,Positive
622,116,11,7,1,1,0.2564183606365787,5.0,Positive
623,56,5,7,3,2,0.2756401177090398,5.0,Positive
624,102,0,6,3,0,0.26198453637341235,1.0,Negative
625,104,9,14,4,2,0.05704940040885467,1.0,Negative
626,11,10,13,4,1,0.297164182337602,4.0,Neutral
627,155,0,10,2,2,0.2883929302713424,5.0,Negative
628,33,15,8,2,1,0.2569128519692341,5.0,Positive
629,23,3,1,3,2,0.17439590261248047,5.0,Positive
630,47,8,0,2,2,0.05944404461798431,2.0,Positive
631,50,18,9,0,0,0.05811431884646795,5.0,Positive
632,43,19,13,4,1,0.15564710026964973,3.0,Positive
633,77,10,19,2,1,0.2677620112478584,5.0,Negative
634,81,11,5,1,2,0.11486605845654245,2.0,Positive
635,175,4,18,3,0,0.14819956897290654,3.0,Negative
636,100,13,6,2,1,0.12575860551751405,5.0,Positive
637,39,15,12,2,1,0.2214965892165121,4.0,Positive
638,76,11,17,1,2,0.029699235025614522,3.0,Negative
639,48,6,10,2,1,0.21603140136582724,2.0,Negative
640,166,19,2,1,0,0.2356087994113447,2.0,Positive
641,51,13,17,0,2,0.21454829158888777,1.0,Negative
642,186,17,6,0,2,0.20311706451354036,1.0,Positive
643,97,6,18,0,2,0.11710135020310625,5.0,Negative
644,101,4,9,2,1,0.14507506518733124,5.0,Neutral
645,104,5,6,0,1,0.06355253587826407,2.0,Negative
646,28,9,1,3,1,0.2076664642807356,5.0,Positive
647,166,19,13,2,2,0.06271511981037074,5.0,Positive
648,42,1,13,4,0,0.16739050262855593,4.0,Negative
649,48,0,2,4,0,0.2240839355982685,1.0,Negative
650,174,16,8,0,0,0.05533800176433753,1.0,Neutral
651,150,8,19,3,2,0.08125900935201992,3.0,Negative
652,154,12,14,0,1,0.1317182130543179,3.0,Negative
653,145,8,5,1,1,0.1941455878816719,1.0,Negative
654,54,11,11,2,1,0.0969692712471598,5.0,Positive
655,44,13,13,4,0,0.053348044985405706,2.0,Negative
656,154,14,15,3,1,0.04667575884566073,5.0,Positive
657,28,7,7,3,2,0.0788223968744412,,Negative
658,59,11,9,2,0,0.12138270492490111,5.0,Positive
659,86,11,3,0,2,0.027883540401038097,1.0,Neutral
660,159,0,2,0,2,0.28564408641191624,2.0,Negative
661,93,13,2,0,0,0.2996918383410721,1.0,Positive
662,173,17,6,4,1,0.2613691398416254,4.0,Positive
663,40,3,2,1,0,0.24822722394813032,1.0,Negative
664,27,7,9,3,0,0.128738582833908,1.0,Negative
665,157,7,19,1,0,0.10111905029113447,1.0,Negative
666,199,3,4,2,0,0.12985792065518478,1.0,Negative
667,43,7,13,1,0,0.00566518536809042,3.0,Negative
668,31,1,9,3,0,0.047924059781924884,4.0,Negative
669,131,16,8,0,2,0.16392855248155672,5.0,Positive
670,187,11,5,0,1,0.27813731380434464,,Positive
671,81,19,2,4,1,0.2781921243359375,1.0,Positive
672,159,12,10,4,2,0.21431903186464296,5.0,Positive
673,140,8,2,4,0,0.1454696082759115,5.0,Positive
674,182,18,5,3,1,0.08028266248412529,4.0,Positive
675,139,14,15,4,1,0.12420840442505304,4.0,Neutral
676,163,18,5,4,2,0.2954772070103142,1.0,Positive
677,196,13,6,1,0,0.25716387384150113,2.0,Positive
678,10,4,8,1,1,0.14535261501450616,5.0,Neutral
679,134,6,10,1,1,0.25607185994460857,5.0,Neutral
680,62,11,12,4,1,0.22425565377409232,1.0,Negative
681,194,19,13,4,1,0.12106116470186534,5.0,Positive
682,89,19,2,2,0,0.1482257253235078,1.0,Positive
683,52,3,5,4,0,0.13906020806252595,2.0,Negative
684,155,0,13,4,1,0.004354074967122889,3.0,Negative
685,176,6,9,4,2,0.09640708840405605,4.0,Neutral
686,40,2,13,1,0,0.011628474988177562,2.0,Negative
687,55,9,15,4,1,0.26547532492533366,2.0,Negative
688,10,11,11,1,0,0.17596361016689585,2.0,Negative
689,183,7,16,1,1,0.12122160333473654,5.0,Negative
690,138,14,10,3,1,0.029894018064550554,1.0,Negative
691,65,8,4,4,0,0.012197338870400575,5.0,Positive
692,55,5,10,1,2,0.07685066388307298,3.0,Negative
693,97,15,18,1,1,0.11874215109993588,5.0,Positive
694,192,6,18,1,1,0.17963714225514563,1.0,Negative
695,65,14,15,4,0,0.10561342655770103,2.0,Negative
696,87,6,7,2,2,0.14436256337745415,5.0,Positive
697,32,7,7,4,0,0.20397390463640283,4.0,Positive
698,57,13,18,4,1,0.01311565086154921,1.0,Negative
699,199,15,4,2,0,0.15745347364637702,2.0,Positive
700,145,15,13,4,1,0.08543621094978743,3.0,Neutral
701,75,0,17,3,2,0.23460946488978046,5.0,Negative
702,14,4,3,3,1,0.09687573644007937,3.0,Neutral
703,47,1,3,4,2,0.050941633449254474,1.0,Negative
704,106,11,6,3,1,0.23682593033885768,5.0,Positive
705,141,19,11,1,0,0.23063588847786645,4.0,Positive
706,176,9,12,0,2,0.13917857420851096,3.0,Negative
707,17,1,11,4,1,0.055278328506509655,4.0,Negative
708,102,13,13,2,0,0.14188804813914788,4.0,Positive
709,102,9,9,1,1,0.13255643072602327,4.0,Positive
710,46,6,11,2,0,0.044127782826417106,5.0,Neutral
711,175,14,7,2,0,0.10887944801123367,1.0,Neutral
712,129,4,4,0,2,0.24437934275992182,,Positive
713,120,6,10,3,0,0.1509082959877949,2.0,Negative
714,197,13,15,2,1,0.03882377942975671,1.0,Negative
715,149,4,7,4,2,0.2653601639245702,5.0,Positive
716,113,12,12,4,0,0.223203740091959,2.0,Negative
717,121,1,2,1,2,0.1629579379107453,5.0,Positive
718,68,2,8,1,2,0.08022269554305715,2.0,Negative
719,120,15,7,2,1,0.029024691370145992,4.0,Positive
720,28,19,9,0,1,0.22145247699328646,5.0,Positive
721,76,9,14,3,1,0.18818762988565899,3.0,Negative
722,177,7,13,0,0,0.2458938308406279,1.0,Negative
723,32,5,18,0,0,0.20673010145341827,3.0,Negative
724,153,9,17,1,1,0.046360673347525694,2.0,Negative
725,165,0,17,3,0,0.13573629769773934,3.0,Negative
726,59,13,7,2,1,0.09362511081614264,4.0,Positive
727,149,18,8,0,0,0.2596365492222288,5.0,Positive
728,53,16,7,2,2,0.08210540800249597,1.0,Positive
729,124,13,7,1,2,0.14860031940045754,1.0,Neutral
730,27,3,3,2,1,0.164504910810863,4.0,Positive
731,69,11,12,4,1,0.18760822685898407,2.0,Negative
732,177,17,2,3,1,0.1905753072364004,3.0,Positive
733,96,15,15,0,1,0.19369078485675567,3.0,Neutral
734,152,10,18,1,0,0.10661363007335142,4.0,Negative
735,191,18,16,2,0,0.15172655700523652,1.0,Negative
736,136,9,12,1,0,0.01752986558761258,1.0,Negative
737,72,10,11,4,1,0.15823989469861377,4.0,Neutral
738,132,16,7,1,0,0.1866222652448937,3.0,Positive
739,192,5,8,3,2,0.2233134361555602,3.0,Negative
740,177,10,19,3,2,0.044191204583734024,4.0,Negative
741,147,0,14,3,1,0.1859666194881893,5.0,Negative
742,64,12,3,4,0,0.09821263475367938,5.0,Positive
743,105,15,15,3,0,0.12114390572422346,1.0,Negative
744,18,10,12,4,0,0.14244705302481092,4.0,Neutral
745,82,3,5,0,2,0.038680444299092384,2.0,Negative
746,118,2,7,4,2,0.07200025967854816,1.0,Negative
747,70,15,14,2,2,0.018953858009757373,3.0,Neutral
748,68,4,19,3,1,0.2922552082127486,1.0,Negative
749,95,2,1,1,0,0.05722980402982024,1.0,Negative
750,75,1,0,4,1,0.19012120228359775,1.0,Negative
751,72,17,9,0,1,0.03465373770788238,2.0,Positive
752,54,15,8,2,0,0.20908563379108097,4.0,Positive
753,131,3,7,0,0,0.26249776470098096,4.0,Neutral
754,42,18,13,0,1,0.14258208648685228,1.0,Neutral
755,84,9,0,2,1,0.20594300329313478,5.0,Positive
756,35,6,9,3,0,0.19819792003042044,5.0,Positive
757,167,5,3,1,1,0.19613228706912503,5.0,Positive
758,25,7,17,2,1,0.031766796014305376,1.0,Negative
759,193,11,8,3,2,0.24501384860419198,1.0,Negative
760,147,6,10,3,1,0.17581356807298767,4.0,Neutral
761,195,10,13,4,2,0.06807259032305568,2.0,Negative
762,142,4,18,3,2,0.13196011353656426,3.0,Negative
763,166,14,8,2,1,0.21751761556716462,4.0,Positive
764,48,14,4,3,2,0.1927431967989163,1.0,Positive
765,137,1,17,4,2,0.045786529193755275,1.0,Negative
766,121,3,19,4,2,0.18024939258072023,5.0,Negative
767,153,1,2,1,2,0.15256635420876147,1.0,Negative
768,137,2,3,2,1,0.19620696842003704,1.0,Negative
769,50,9,14,2,1,0.23532573958447478,5.0,Neutral
770,121,1,6,1,2,0.09870595063830856,3.0,Negative
771,53,15,2,2,1,0.12267719229060836,1.0,Positive
772,46,7,11,0,1,0.17831191724728773,5.0,Neutral
773,18,4,9,4,0,0.23464044892473587,5.0,Neutral
774,43,4,1,0,0,0.18507233270733178,2.0,Neutral
775,91,19,11,3,2,0.004426854167449923,1.0,Neutral
776,28,9,5,1,0,0.29730176468814246,3.0,Positive
777,59,2,3,0,0,0.008537819705453819,3.0,Neutral
778,90,15,1,3,0,0.260481023943365,4.0,Positive
779,176,10,6,2,2,0.27170114780154975,1.0,Negative
780,94,16,13,2,1,0.06441959436999735,5.0,Positive
781,25,12,3,3,2,0.23257312142110143,5.0,Positive
782,171,0,2,3,1,0.14303148788841466,2.0,Negative
783,56,3,12,3,0,0.12526375441995322,5.0,Negative
784,93,5,17,3,2,0.044046255949729794,5.0,Negative
785,47,19,1,3,2,0.13808430479537367,4.0,Positive
786,76,2,10,1,2,0.19126056616324008,5.0,Negative
787,83,12,6,3,1,0.1494317488462399,2.0,Positive
788,169,18,3,2,0,0.06718085347357154,2.0,Positive
789,181,0,13,2,1,0.14609474063949987,4.0,Negative
790,133,12,14,1,1,0.2619481304123268,3.0,Negative
791,23,1,10,3,2,0.24533871402576407,4.0,Negative
792,44,10,2,4,1,0.05753447201992366,1.0,Neutral
793,163,15,7,2,2,0.146794391864588,4.0,Positive
794,141,10,11,3,2,0.18114626791562552,3.0,Neutral
795,75,0,13,4,1,0.15960999085305827,4.0,Negative
796,138,8,4,4,2,0.19818186196639978,1.0,Negative
797,123,6,13,0,1,0.20529676166099675,3.0,Negative
798,139,17,11,4,2,0.12124632259589134,1.0,Neutral
799,63,0,2,4,1,0.07257802799388666,3.0,Negative
800,141,18,12,2,2,0.1326693193532144,3.0,Positive
