id,numeric_1,numeric_2,numeric_3,category_a,category_b,binary_1,binary_2,ordinal,target
1,2.325329271934007,28.418831918268683,17,Type1,GroupA,,1,Small,Class_C
2,93.99404909042792,3.312990972921898,93,Type3,GroupA,0.0,1,Large,Class_C
3,91.23873155480673,30.914697379362227,44,Type3,GroupB,1.0,0,Small,Class_B
4,93.60750730020577,40.55607500116767,38,Type2,GroupD,1.0,0,Medium,Class_A
5,7.466032947484347,38.75459488413823,95,Type3,GroupC,0.0,0,Small,Class_C
6,15.369117511764385,36.339769847951764,1,Type1,GroupA,0.0,1,Small,Class_B
7,,20.77299065168922,81,Type1,GroupD,1.0,1,Small,Class_A
8,72.54778224002735,11.834157537849155,51,Type2,GroupB,0.0,1,Medium,Class_C
9,45.21663165852124,17.9495321949167,26,Type3,GroupC,1.0,1,Large,Class_A
10,29.52913869404813,43.2456044228821,82,Type3,GroupC,1.0,1,Large,Class_A
11,84.6992553146683,12.999302533684665,31,Type2,GroupB,0.0,1,Large,Class_B
12,82.60532802573756,25.106164467909714,23,Type3,GroupD,1.0,1,Large,Class_A
13,26.776453383404952,25.595011351449116,62,Type2,GroupA,0.0,0,Small,Class_C
14,49.179839083626696,4.875927141989522,32,Type1,GroupC,0.0,0,Small,Class_B
15,62.35133903956399,23.950233253245496,96,,GroupA,0.0,1,Large,Class_A
16,11.707513746299536,34.75685294310049,65,Type3,GroupD,1.0,0,Medium,Class_C
17,96.55513709988112,42.57048703352792,28,Type3,GroupB,1.0,1,Large,Class_A
18,,5.13404231811036,32,Type1,GroupD,0.0,0,Large,Class_A
19,65.61933437882253,30.862427384078035,83,Type2,GroupC,1.0,1,Large,Class_A
20,86.31868374069273,49.04351990145279,83,Type2,GroupA,1.0,0,Medium,Class_A
21,15.679720775188056,12.893734785105243,58,Type2,GroupC,1.0,0,Small,Class_B
22,67.74204062884917,38.07800919458419,4,Type2,GroupC,0.0,1,Small,Class_B
23,9.750101106264442,3.7763725365915213,81,Type2,GroupA,1.0,0,Medium,Class_B
24,18.373186701059307,23.5430690591684,2,Type2,GroupB,1.0,1,Medium,Class_C
25,25.751430463964166,49.570255533114775,54,Type3,GroupC,0.0,1,Medium,Class_A
26,51.853316290157835,20.185864808969544,53,Type1,GroupC,0.0,0,Large,Class_A
27,13.433907944302137,35.79886897042909,10,Type1,GroupA,0.0,1,Medium,Class_C
28,65.40072054155446,19.880254924321495,6,Type2,GroupA,1.0,1,Large,Class_B
29,11.361066082107996,32.94583194096706,6,Type1,GroupD,1.0,1,Medium,Class_A
30,28.00542084023,15.20189195094963,63,Type1,GroupB,,1,Medium,Class_A
31,74.23936213265212,19.68063020971392,87,Type3,GroupA,1.0,0,Large,Class_C
32,70.00264946484292,19.601555796496363,56,Type1,GroupC,0.0,0,Small,Class_B
33,89.90764406754326,22.354652829219862,3,Type1,GroupA,0.0,0,Small,Class_B
34,58.410341425500455,23.818566576925516,53,Type3,GroupB,1.0,1,Small,Class_A
35,87.04968677002385,37.4434142402134,28,Type2,GroupA,0.0,1,Small,Class_A
36,,21.105172280348082,29,Type1,GroupA,1.0,0,Large,
37,45.51569627793421,4.705952327958207,3,Type2,GroupC,1.0,1,Small,Class_B
38,85.23205061042543,31.561492770992704,79,Type3,GroupD,0.0,0,Large,Class_C
39,71.42615993303018,49.47712317271968,28,,GroupD,1.0,1,Medium,Class_B
40,18.1983102205143,33.425498345562914,32,Type1,GroupB,1.0,1,Medium,Class_A
41,59.2256348655274,13.309971082431993,70,Type1,GroupC,1.0,0,Large,Class_A
42,40.461041513431276,24.736236720529803,69,Type3,GroupC,0.0,0,Large,Class_B
43,32.80184823644924,3.2301231772492778,8,Type3,GroupC,,0,Large,Class_C
44,60.63938514607394,30.022911539899717,43,Type1,GroupB,1.0,1,Large,Class_A
45,47.60165222719414,44.58768532200351,16,Type1,GroupB,1.0,0,Large,Class_A
46,99.20002252241788,48.918135897319495,14,Type2,GroupC,1.0,1,Small,Class_A
47,97.556620843653,17.431368559316212,2,Type2,GroupA,0.0,0,Large,Class_A
48,65.5133625837311,8.092589073778278,18,Type3,GroupA,0.0,0,Large,Class_B
49,23.521088654494992,25.837946147942887,11,Type2,GroupA,0.0,1,Large,Class_C
50,60.55597420551801,45.83008013214324,54,Type2,GroupD,0.0,1,Medium,Class_B
51,17.7080526649239,41.41202564543068,87,Type2,GroupA,0.0,1,Small,Class_C
52,79.0508671082388,44.76196150004767,11,Type1,GroupD,0.0,0,Small,Class_B
53,97.04609013017745,18.41431988582111,53,Type1,GroupA,0.0,0,Large,Class_B
54,22.685711707934253,24.787980921034375,67,Type2,GroupD,0.0,1,Large,Class_B
55,44.17394629980254,43.97983827279243,20,Type1,GroupD,0.0,0,Large,Class_A
56,28.551501827758063,33.34488426718575,74,Type1,GroupC,1.0,1,Small,Class_B
57,0.8888730542912837,47.858372870997655,56,Type2,GroupA,1.0,0,Medium,Class_A
58,96.99685411159187,21.60596067335781,81,Type2,GroupA,1.0,0,Small,Class_C
59,60.11318885031264,24.206979272628416,86,Type3,GroupD,1.0,1,Large,Class_A
60,78.63169151629279,43.464234376802864,25,Type2,GroupD,1.0,0,Medium,Class_A
61,99.21146022461357,14.088434213351015,52,Type1,GroupB,1.0,0,Small,Class_A
62,13.485466553002357,48.54127384415267,42,Type1,GroupB,0.0,0,Medium,Class_B
63,12.104613300010437,37.33608858250344,8,Type3,GroupB,1.0,1,Small,Class_C
64,59.24666838137986,15.2394121410787,91,Type2,GroupC,0.0,0,Small,Class_C
65,71.39274598470496,21.435644595501635,80,Type2,GroupD,0.0,1,Large,Class_A
66,,34.19839498315081,29,Type3,GroupB,,1,Medium,Class_B
67,51.4213419613887,7.434216790913995,32,Type3,GroupA,1.0,0,Small,Class_C
68,21.370015569127233,46.002648775842374,10,Type2,GroupB,0.0,1,Small,Class_B
69,62.89081292684913,6.881803720194812,56,Type1,GroupA,,0,Large,Class_A
70,14.793105747053946,30.150833012312162,7,Type1,GroupB,0.0,0,Medium,Class_B
71,33.21530185159458,10.395790435065438,47,Type3,GroupD,0.0,0,Large,Class_C
72,1.4338270614882354,33.69081485231097,26,Type1,GroupB,0.0,1,Small,Class_C
73,44.729489850161706,19.05115456607377,31,Type3,GroupA,1.0,0,Large,Class_A
74,22.05895261749071,6.569926619250105,91,,GroupD,1.0,0,Medium,Class_C
75,1.6345937168111835,1.4193515857334582,4,Type3,GroupB,1.0,1,Medium,Class_B
76,93.09357218660502,35.054950290334816,21,Type2,GroupD,0.0,0,Large,Class_A
77,26.88554736543126,17.564108588309807,74,Type1,GroupA,0.0,1,Medium,Class_B
78,96.88933847309131,15.22515807428912,98,Type3,GroupB,0.0,1,Large,Class_A
79,82.16914958779931,19.9243732671132,63,Type1,GroupD,1.0,0,Medium,Class_A
80,80.87826652726791,14.547740174833052,52,Type2,GroupA,1.0,0,Small,Class_C
81,81.34517741081878,8.628678723113747,58,Type3,GroupB,0.0,0,Small,Class_B
82,12.487619877111522,44.02388109478742,96,Type1,GroupD,1.0,1,Small,Class_B
83,79.07673984458566,41.55496347728118,59,Type2,GroupD,1.0,0,Large,Class_A
84,83.33076543501355,11.654270528352335,58,Type2,GroupA,1.0,1,Large,Class_A
85,20.78153632737528,3.660549925209955,72,Type3,GroupD,1.0,1,Large,Class_C
86,92.75126696026031,42.0036025359173,12,Type3,GroupB,1.0,1,Large,Class_A
87,26.288497142377597,31.3651707721525,44,Type3,GroupB,0.0,0,Small,Class_C
88,94.5856502900816,13.793390922252009,25,Type1,GroupC,0.0,0,Small,Class_B
89,12.870467002729203,7.652810677779959,8,Type2,GroupD,0.0,0,Medium,Class_C
90,98.5375665994561,11.11065682028382,23,Type3,GroupC,1.0,1,Small,Class_B
91,98.5532469371687,37.85341455228908,33,Type2,GroupB,1.0,0,Medium,Class_A
92,32.0835048459376,10.067249178877324,28,Type3,GroupC,0.0,1,Medium,Class_C
93,68.2865858120885,37.976114428264715,42,Type3,GroupD,1.0,1,Small,Class_A
94,96.56073457400669,13.213709171118454,8,Type3,GroupB,1.0,1,Medium,Class_B
95,,27.32056364355565,51,Type2,GroupC,0.0,1,Medium,Class_C
96,84.0957658160858,12.824974607356566,89,Type1,GroupD,0.0,1,Large,Class_A
97,18.521128312008916,40.770683212417055,85,Type1,GroupB,1.0,1,Small,Class_A
98,80.1105510495812,49.41682172923459,45,Type3,GroupC,1.0,1,Medium,Class_A
99,8.715162463037519,44.91813634432463,43,Type2,GroupC,,1,Large,Class_B
100,28.747534317061906,44.86580355933015,60,Type1,GroupC,1.0,1,Small,Class_A
101,55.17994399065728,22.24174731770499,67,Type3,GroupA,1.0,1,Small,Class_A
102,22.86206666956,36.84010877212513,60,Type3,GroupB,1.0,0,Medium,Class_C
103,4.970038710392755,19.150738751787756,50,Type3,GroupD,0.0,0,Small,
104,84.60586811122059,40.16074712454215,74,Type3,GroupA,0.0,1,Large,Class_B
105,49.312444593025575,0.39583204530586613,84,Type1,GroupC,,1,Medium,Class_B
106,62.651019397259276,4.557631516443161,37,Type1,GroupC,0.0,1,Medium,Class_A
107,98.42345559682819,0.6981549918699204,50,Type2,GroupB,0.0,1,Large,Class_A
108,80.82176427479331,38.91946284695598,55,Type1,GroupD,0.0,1,Small,Class_A
109,4.834232681839112,32.14832913488642,55,Type1,GroupA,0.0,1,Medium,Class_C
110,99.35647258325616,23.42266389989074,32,Type3,GroupA,0.0,1,Medium,Class_A
111,99.26622896899826,45.32275580839352,10,Type1,GroupC,1.0,1,Large,
112,86.20438189799043,45.082662628555546,86,Type2,GroupC,1.0,1,Medium,Class_A
113,87.08130790420002,45.173581490674934,91,Type1,GroupC,1.0,1,Medium,
114,86.79338227564963,14.254565792022072,34,,GroupD,0.0,0,Large,Class_A
115,61.44533659915693,37.60973899520393,26,Type3,GroupD,,0,Small,Class_C
116,17.727620507744824,3.086592196721255,4,Type3,GroupC,0.0,1,Medium,Class_C
117,,38.29559042565159,2,Type2,GroupA,0.0,1,Medium,Class_C
118,78.53932488174044,35.575235038913696,50,Type1,GroupC,0.0,0,Medium,Class_A
119,99.65826775334855,40.30971738960696,7,Type1,GroupD,1.0,1,Large,Class_A
120,76.8899877417234,7.105588859056244,88,Type1,GroupB,1.0,1,Large,
121,84.34259784636912,15.270911108602592,18,Type3,GroupB,1.0,1,Small,Class_B
122,57.07781068043561,11.43481729734686,71,Type3,GroupD,0.0,1,Medium,Class_C
123,2.2285493148617164,22.353602855521153,5,Type1,GroupC,1.0,1,Medium,Class_A
124,,2.2806396481385773,52,Type1,GroupC,1.0,0,Medium,Class_A
125,76.50966241992114,3.81605917946502,21,Type3,GroupA,1.0,0,Large,Class_A
126,30.424521340798915,47.30861571607537,24,Type2,GroupD,0.0,0,Small,Class_C
127,15.708187127141793,49.802691522424176,31,Type3,GroupA,0.0,0,Small,Class_C
128,5.3967904188175435,7.7778533788533,36,Type2,GroupA,1.0,1,Small,Class_C
129,8.705567747357879,46.529898721795746,90,Type3,GroupB,0.0,0,Large,Class_B
130,40.15239261282778,27.955627776912927,28,Type1,GroupD,0.0,1,Large,Class_A
131,6.338256604539372,29.068846547993438,39,Type1,GroupB,1.0,1,Small,Class_A
132,61.02545205730219,40.56466566385454,96,Type2,GroupB,0.0,0,Small,Class_C
133,91.08414871405509,25.254821988987846,80,Type3,GroupB,,0,Small,Class_C
134,35.35301556461315,31.550510712216944,57,Type3,GroupC,1.0,0,Large,Class_B
135,16.658837189885332,42.520768899324594,38,Type1,GroupB,1.0,0,Medium,Class_B
136,29.82548811179566,25.853617571653093,36,Type1,GroupC,1.0,1,Medium,Class_A
137,68.98426919726307,40.65497209935792,4,Type3,GroupA,1.0,1,Medium,Class_A
138,5.733181864470471,0.011721042062179388,83,Type2,GroupD,1.0,0,Medium,Class_C
139,7.8106261448875784,46.04699283375195,81,Type1,GroupA,0.0,1,Large,Class_A
140,0.8336128849878444,36.07506322845866,98,Type1,GroupC,0.0,0,Small,Class_A
141,29.618710105478407,9.980939551181734,57,Type3,GroupC,1.0,1,Medium,Class_B
142,7.5267681867460245,43.724212226133545,29,Type3,GroupB,0.0,0,Medium,Class_C
143,63.61103117960752,33.228792293386654,67,Type3,GroupB,0.0,0,Large,Class_A
144,71.3452893319373,14.398728694630103,90,Type3,GroupA,1.0,0,Medium,Class_B
145,66.9956050318705,31.420210902076544,86,Type3,GroupB,0.0,1,Small,Class_C
146,12.168066798815424,49.5895443255313,79,Type3,GroupA,0.0,0,Medium,Class_B
147,42.16489367520941,33.340786997219865,32,Type3,GroupA,0.0,0,Medium,Class_C
148,76.28661663531034,32.963801323421585,50,Type1,GroupA,1.0,0,Medium,Class_A
149,27.57330177614107,0.6049752390811403,11,Type2,GroupC,0.0,0,Small,
150,27.015752375871806,30.344974246636326,17,Type3,GroupD,0.0,1,Large,Class_B
151,20.880571548916883,18.235686541972978,48,Type3,GroupC,0.0,0,Small,Class_C
152,5.0451385803754745,18.91900718266116,24,Type2,GroupD,1.0,1,Large,Class_C
153,88.57658473227066,49.39075047083909,1,Type3,GroupA,1.0,1,Small,Class_A
154,86.89670000748528,45.768860663966564,60,Type3,GroupA,0.0,1,Large,Class_B
155,94.72703544220954,39.497001410855034,24,Type2,GroupA,1.0,0,Large,Class_A
156,96.40896311254515,23.078952690278275,21,Type2,GroupA,,1,Small,Class_B
157,2.979845150213667,14.308015051365164,45,Type3,GroupD,0.0,0,Small,Class_B
158,87.76283267497749,15.672598922643166,31,Type2,GroupB,1.0,1,Small,Class_A
159,1.8507928491604209,41.87652947369156,70,Type1,GroupD,0.0,0,Medium,Class_B
160,,3.779250368406978,83,Type1,GroupA,0.0,1,Medium,Class_B
161,59.14490010758795,1.8672414930612002,20,Type2,GroupC,1.0,1,Medium,Class_C
162,17.370427737212136,18.770179695212853,72,Type1,GroupB,0.0,0,Large,Class_A
163,1.3548074096107476,1.8687560270133963,24,Type1,GroupA,0.0,1,Medium,Class_C
164,74.34690012128684,25.10941398783742,94,Type3,GroupC,1.0,0,Small,Class_A
165,71.66519582308192,48.85105023317957,43,Type2,GroupB,0.0,0,Medium,Class_A
166,14.112420371793588,35.73218894455882,42,Type1,GroupD,,0,Large,Class_A
167,69.7491396546895,12.383257615074367,79,Type2,GroupD,1.0,1,Small,Class_C
168,90.24036251570881,38.346351930021974,20,Type1,GroupC,1.0,1,Medium,Class_A
169,40.66118543656644,14.579510155364467,65,Type2,GroupB,1.0,1,Small,Class_C
170,73.9752782450171,35.74823981007946,99,Type1,GroupD,1.0,1,Medium,Class_A
171,62.234819158752266,20.032880995316255,66,Type1,GroupA,1.0,1,Large,
172,16.06576620662419,2.7727352237205736,76,Type3,GroupA,1.0,1,Small,Class_C
173,48.678463294172566,18.3182985571,89,Type1,GroupB,1.0,0,Small,Class_B
174,45.00897975762119,12.514650166198027,50,Type1,GroupB,0.0,1,Medium,Class_C
175,5.967648615211695,42.35551154500026,12,Type3,GroupC,0.0,0,Large,Class_C
176,83.62528411847285,6.593426643171729,46,Type3,GroupC,0.0,0,Small,Class_C
177,34.61459138608999,49.5049673151332,93,Type1,GroupB,1.0,1,Medium,Class_A
178,45.17605946686686,5.903344578122571,91,Type2,GroupA,0.0,0,Large,Class_B
179,42.152535700895925,19.68400508512702,20,Type2,GroupC,0.0,1,Small,Class_C
180,,37.27124157067997,82,Type2,GroupC,1.0,1,Small,Class_C
181,76.84047352659977,1.533667568648911,3,Type2,GroupC,1.0,1,Medium,Class_C
182,60.3338413207172,2.685453726268255,83,Type3,GroupB,0.0,1,Large,Class_C
183,34.46373245914417,0.025916025912436913,91,Type1,GroupD,0.0,0,Large,Class_B
184,3.5124203165589174,28.35062424553434,24,Type1,GroupB,1.0,1,Small,Class_A
185,2.2299316650879253,3.0120217851796136,56,Type2,GroupD,0.0,1,Large,Class_C
186,24.576883971552988,16.14894422820511,74,Type1,GroupD,,1,Medium,Class_A
187,15.99564400231751,23.348314767112882,96,Type3,GroupD,1.0,1,Small,Class_B
188,69.1002315922924,43.23155935125699,40,Type2,GroupC,1.0,1,Large,
189,44.95711595255328,3.0793656136609227,73,Type3,GroupA,0.0,1,Small,Class_C
190,35.13845302836089,30.647784123357102,41,Type3,GroupD,1.0,0,Large,Class_A
191,23.34759686975546,29.48665592781253,16,Type2,GroupA,1.0,1,Small,Class_B
192,87.08872361508996,39.40437187315364,10,Type3,GroupD,0.0,1,Medium,Class_C
193,14.383189461436686,29.29000834715783,53,Type3,GroupA,1.0,0,Large,Class_B
194,,47.201527352656434,77,Type1,GroupD,1.0,1,Large,
195,64.31924438593771,9.229273197449295,99,Type1,GroupD,1.0,1,Small,Class_A
196,49.37231515034084,11.34068006803023,14,Type2,GroupB,1.0,0,Medium,Class_C
197,93.85720438108798,33.85299145678254,5,Type3,GroupD,0.0,1,Small,Class_C
198,84.38909120667694,32.62204195855379,17,Type2,GroupA,0.0,0,Large,Class_B
199,75.02287106783912,43.53421384440513,74,Type2,GroupA,1.0,1,Medium,Class_A
200,64.87735751628473,11.649004459132161,97,Type3,GroupC,1.0,0,Medium,Class_A
201,18.940109745219303,25.665482050677202,79,Type2,GroupC,1.0,0,Small,Class_B
202,67.56301893245079,3.158916223284791,87,Type2,GroupC,1.0,1,Small,Class_C
203,56.7195169398778,19.904770814232762,67,Type1,GroupC,0.0,1,Medium,Class_A
204,92.99448045328576,12.129508726217914,13,Type3,GroupC,1.0,1,Small,Class_C
205,33.40715406850866,42.61431398275808,77,Type1,GroupD,1.0,1,Large,Class_A
206,25.42855219847542,19.04151296423764,28,Type1,GroupC,1.0,1,Small,Class_B
207,87.30723520535206,7.9784330885569075,77,Type1,GroupB,0.0,1,Large,Class_B
208,34.54506502027438,1.6272690286191827,26,Type1,GroupB,1.0,1,Large,Class_B
209,75.3650801473985,9.91359855384823,8,Type2,GroupC,1.0,1,Large,Class_A
210,40.22842334260229,35.085469654811504,3,Type1,GroupB,1.0,1,Small,Class_B
211,29.854974122449306,3.2395021711576986,66,Type3,GroupB,1.0,0,Small,Class_C
212,45.61958073046179,42.601390457962005,42,Type1,GroupD,1.0,0,Small,Class_A
213,59.87308807813005,2.8616399492338296,79,Type1,GroupD,1.0,1,Small,Class_B
214,7.363010321613728,34.7032280408742,79,Type2,GroupA,0.0,1,Large,Class_C
215,35.997263310331896,16.94400302567074,79,Type3,GroupA,0.0,1,Large,Class_C
216,39.71806932062548,14.178881604365584,47,Type3,GroupD,0.0,0,Medium,Class_C
217,60.33924226130153,18.330368399464582,30,Type1,GroupC,1.0,1,Medium,Class_B
218,92.0646374359284,10.217863795967125,74,Type2,GroupC,0.0,0,Medium,Class_B
219,85.28194781355664,26.25170958587218,53,Type2,GroupB,0.0,0,Medium,Class_B
220,63.36928082295689,43.50842938146508,87,Type2,GroupC,0.0,1,Large,Class_A
221,47.67819431444098,47.41203867185828,29,Type2,GroupA,1.0,1,Large,Class_A
222,8.309890888738602,28.960511856434927,7,Type1,GroupC,0.0,1,Medium,Class_C
223,56.17328649058282,1.3977684143356761,42,Type3,GroupA,1.0,1,Small,Class_B
224,26.113101491272694,36.35308143092081,65,Type1,GroupA,0.0,1,Medium,Class_B
225,42.00429868665595,13.618718800732605,6,Type3,GroupB,,1,Medium,Class_B
226,75.39078467222919,27.150736681051097,19,Type2,GroupB,0.0,1,Medium,Class_C
227,3.558363449916946,0.17622011079916344,20,Type2,GroupB,1.0,1,Small,Class_B
228,92.04993838182965,27.569480685825397,38,Type3,GroupC,0.0,1,Small,Class_C
229,,34.739734938249114,61,Type3,GroupB,1.0,1,Small,Class_B
230,29.2724219908324,3.6078567289128003,68,Type2,GroupD,0.0,1,Small,Class_C
231,54.477101937659036,31.706279107999684,80,Type2,GroupC,0.0,1,Large,Class_A
232,9.612352782923539,13.863682893961753,61,Type2,GroupC,0.0,0,Large,Class_B
233,8.159126714179376,13.664890668105567,37,Type2,GroupD,0.0,1,Medium,Class_B
234,3.751149620261407,15.748896101010839,67,Type2,GroupC,1.0,0,Large,Class_A
235,90.12307302280799,34.706926810904186,68,Type3,GroupB,0.0,1,Small,Class_B
236,6.203904769003832,5.210011256271708,72,Type3,GroupB,0.0,1,Small,
237,48.18430898004558,16.600407793426697,12,Type3,GroupA,0.0,0,Small,Class_C
238,2.4057161650598125,18.233275764672303,41,Type2,GroupD,1.0,1,Large,Class_C
239,38.084717986701996,12.145674450158495,80,Type2,GroupA,,1,Large,Class_B
240,42.12726108389386,23.29268186716364,92,Type3,GroupB,1.0,1,Large,Class_A
241,22.194504158151783,27.688915919246238,93,Type1,GroupD,1.0,1,Large,Class_B
242,52.99211947150263,45.82004997432895,17,Type1,GroupC,0.0,0,Small,Class_B
243,88.0223578471151,14.41998688783218,94,Type3,GroupA,,0,Small,Class_B
244,69.12850845567556,28.808913451669206,55,Type1,GroupD,1.0,1,Medium,Class_A
245,51.69105008107956,16.333672460022203,10,Type3,GroupA,0.0,0,Small,Class_C
246,29.765956096339096,24.645105323621475,79,Type3,GroupB,0.0,0,Small,Class_C
247,22.850200801382805,3.6241006788725603,97,Type3,GroupC,1.0,1,Small,Class_C
248,90.48370376320413,25.459180797423546,34,Type3,GroupB,1.0,1,Large,Class_A
249,35.807250925130894,23.71840626648874,25,Type1,GroupD,0.0,0,Large,Class_A
250,,29.148329176552686,62,Type3,GroupC,1.0,0,Medium,Class_A
251,33.54897943501468,14.430682721967214,75,Type1,GroupA,1.0,1,Small,Class_A
252,32.26234779299588,25.201085569705594,51,Type2,GroupD,1.0,0,Small,
253,90.44838693732821,43.349912983334924,66,Type1,GroupA,1.0,1,Medium,Class_A
254,70.68175155655754,7.1860124153690865,20,Type2,GroupA,0.0,0,Medium,Class_B
255,42.9261653827448,49.60166828944777,67,Type3,GroupB,1.0,1,Large,Class_A
256,69.86689440461699,11.939881233621152,4,Type2,GroupC,1.0,0,Large,Class_B
257,9.19727986000517,13.357632106712803,14,Type3,GroupB,1.0,1,Medium,Class_C
258,17.430572067907548,48.455908031812776,67,Type2,GroupD,0.0,1,Large,Class_B
259,75.1154233759501,16.87867972438728,96,Type2,GroupB,1.0,0,Large,Class_C
260,85.1460745835966,19.82219629205946,22,,GroupC,1.0,0,Medium,Class_C
261,13.884802370691274,32.93640230277751,81,Type3,GroupB,1.0,0,Small,Class_A
262,49.99627405028174,24.3485479986249,80,Type3,GroupC,1.0,0,Small,Class_B
263,55.22767690846315,21.63810910219445,38,Type1,GroupA,0.0,0,Small,Class_A
264,6.790633251949529,22.937969454591894,96,Type1,GroupD,0.0,0,Small,Class_B
265,27.086395074803715,34.62723642690336,37,Type2,GroupA,1.0,0,Large,Class_A
266,44.9649792732824,39.05083923062146,89,Type1,GroupC,0.0,0,Medium,Class_A
267,92.22252788811721,4.703059110173519,54,Type3,GroupC,0.0,0,Large,Class_B
268,60.47817682805835,16.058342364930066,92,Type3,GroupA,1.0,1,Medium,Class_B
269,21.762655099392823,4.273122357157366,53,Type3,GroupA,1.0,1,Medium,Class_B
270,68.16619866645762,49.582640162930545,77,Type3,GroupB,1.0,1,Large,Class_A
271,37.9156002802835,38.53000204068523,29,Type3,GroupB,0.0,1,Small,Class_C
272,63.76311463626021,26.644085887873487,33,Type3,GroupB,0.0,0,Medium,Class_C
273,1.0641780106290355,33.97925642167878,47,Type3,GroupC,0.0,0,Medium,Class_C
274,42.87244296463313,9.78136849346708,5,Type2,GroupA,0.0,1,Small,
275,70.73270099866413,44.67358955399062,70,Type1,GroupC,1.0,1,Medium,Class_A
276,76.97362570811754,4.786974591913445,33,,GroupC,0.0,1,Small,Class_B
277,94.52622293714593,45.82924724151649,16,Type3,GroupB,1.0,0,Small,Class_B
278,47.03930252422438,31.769337585608366,62,Type3,GroupD,0.0,1,Medium,Class_B
279,92.72020113669058,41.83778625224598,53,Type2,GroupB,1.0,0,Medium,Class_A
280,80.7658855169235,11.987669466326217,87,Type3,GroupC,0.0,1,Small,Class_C
281,46.095893871583584,32.58499369500271,99,Type3,GroupC,1.0,1,Small,Class_A
282,64.91369107371169,30.478815849386088,14,Type2,GroupA,1.0,0,Small,Class_B
283,92.40346282031153,2.5989675753805397,22,Type3,GroupB,0.0,1,Small,
284,35.48784390221,0.8927726976192929,62,Type3,GroupD,1.0,0,Large,Class_A
285,93.26535999442399,43.55281606814363,39,Type2,GroupC,0.0,1,Large,Class_A
286,75.95808994559076,6.334036443766827,76,Type3,GroupB,0.0,0,Large,Class_A
287,11.639866484034766,0.4492993050679128,23,Type1,GroupA,0.0,1,Small,Class_C
288,81.54988949431282,30.96609763564474,38,Type1,GroupC,0.0,0,Small,Class_A
289,29.83387138010649,33.30391929467385,57,Type1,GroupB,0.0,0,Large,Class_A
290,,22.528577125112225,55,Type3,GroupD,0.0,0,Large,Class_C
291,51.006540604188835,3.4122724298122464,40,,GroupB,1.0,0,Small,Class_B
292,95.04377917877798,45.732635964789544,92,Type2,GroupA,1.0,1,Medium,Class_A
293,83.44548120633377,35.28029430065363,60,Type1,GroupC,1.0,0,Medium,Class_A
294,57.82545603311997,5.033847365425198,92,Type2,GroupC,0.0,1,Large,Class_C
295,93.81608839579437,32.85643900680194,80,Type2,GroupB,1.0,0,Large,Class_B
296,31.87431371690802,39.322167668726514,18,Type3,GroupB,0.0,1,Large,Class_A
297,48.24456975679296,13.777282101708993,22,Type2,GroupA,0.0,0,Small,Class_C
298,,16.21669186287328,9,Type3,GroupA,1.0,1,Small,Class_B
299,13.189592489663038,36.47738333958282,49,Type1,GroupA,1.0,0,Small,Class_B
300,,0.47806915356557456,31,Type3,GroupD,0.0,0,Large,Class_B
301,61.64935175995182,39.79901379350677,5,Type1,GroupA,0.0,0,Large,Class_A
302,48.40757693581499,10.80992878567682,75,Type2,GroupA,1.0,1,Small,Class_C
303,53.774387121158654,7.5787629395553004,54,Type1,GroupD,0.0,0,Small,Class_C
304,55.1007604139386,9.550036707831838,4,Type3,GroupB,0.0,1,Large,Class_B
305,24.516710960277244,11.504446483578212,93,Type1,GroupB,0.0,1,Large,Class_B
306,74.9269960311068,43.20686141488789,89,Type2,GroupC,,0,Large,Class_A
307,93.61420745033779,38.35083983007125,21,Type2,GroupD,0.0,1,Medium,Class_B
308,61.56302598743667,17.920678858035295,28,Type2,GroupC,0.0,0,Small,Class_C
309,32.905273056801846,10.298378320852086,32,Type3,GroupC,1.0,1,Medium,Class_B
310,89.46242295174241,19.682158255754405,7,Type3,GroupD,0.0,1,Small,Class_B
311,74.39062419525105,10.188202544556047,28,Type1,GroupB,1.0,1,Large,Class_A
312,42.1998310307434,48.971272381499894,61,Type1,GroupD,0.0,1,Large,Class_A
313,21.455325642043643,44.23669136390443,38,Type3,GroupC,0.0,0,Small,Class_B
314,91.02270664198093,28.979349125909557,54,Type2,GroupD,1.0,0,Small,Class_A
315,95.66265355471782,48.23851591072094,12,Type2,GroupB,0.0,1,Small,Class_B
316,36.5519543591204,42.538561654378235,42,Type3,GroupB,0.0,0,Small,Class_C
317,67.96487067938011,22.316262136125044,84,Type2,GroupD,0.0,0,Large,Class_B
318,54.32792617813443,6.64442430753528,69,Type1,GroupC,0.0,0,Large,Class_A
319,79.7508733127331,41.10356484341678,63,Type1,GroupA,1.0,1,Medium,Class_A
320,97.22456569650834,11.286503197462928,8,Type1,GroupA,1.0,1,Small,Class_A
321,15.162473719157287,8.342504901735854,37,Type3,GroupD,1.0,1,Medium,Class_C
322,36.63229880098409,5.685423742376189,4,Type2,GroupB,1.0,0,Large,Class_B
323,81.00153751272576,11.532361772371747,6,Type2,GroupD,0.0,1,Small,Class_C
324,47.830465366631856,21.910842903383372,87,Type1,GroupB,0.0,1,Small,Class_B
325,36.142437587456065,43.70762554314798,36,Type1,GroupA,1.0,0,Medium,Class_B
326,9.9307783033473,14.544736419680305,69,Type1,GroupD,1.0,0,Medium,Class_B
327,62.58961356855603,1.3518724315612185,86,Type3,GroupD,0.0,1,Small,Class_C
328,67.3539461704295,24.047113268957915,73,Type1,GroupB,0.0,0,Small,Class_A
329,37.545923892847085,21.745131718016886,84,Type1,GroupC,0.0,0,Medium,Class_B
330,4.045717286145766,8.51032568928305,72,Type3,GroupC,1.0,0,Large,Class_B
331,4.192148757830683,4.790572963020972,93,Type1,GroupC,1.0,1,Large,Class_C
332,13.5501779218141,19.076149868152857,7,Type3,GroupA,1.0,1,Large,Class_A
333,32.27376290903155,27.201196639163243,10,Type1,GroupA,1.0,1,Small,Class_A
334,12.550716847069854,42.8692262271407,33,Type1,GroupC,0.0,1,Small,Class_A
335,38.05674454088505,22.697172451934517,44,Type1,GroupC,1.0,0,Small,Class_C
336,73.22052304504295,22.26106596769099,46,Type3,GroupB,0.0,1,Small,Class_B
337,32.57950374103624,24.065776604651635,69,Type3,GroupC,1.0,1,Small,Class_B
338,17.4463780376129,37.55782775761356,72,Type3,GroupA,0.0,0,Medium,Class_B
339,57.78540711710549,48.711293679439535,41,Type3,GroupC,0.0,0,Medium,Class_B
340,58.914902082601984,48.69866290311791,67,Type3,GroupD,1.0,0,Small,Class_B
341,89.58362955481527,41.621504451717755,95,Type2,GroupB,,0,Large,Class_A
342,59.910016004079225,23.603730401668432,15,Type2,GroupB,1.0,0,Medium,Class_A
343,75.11199054220978,14.294661972199457,12,Type3,GroupB,0.0,0,Large,Class_B
344,18.63945062022806,41.61287068969615,86,Type2,GroupD,1.0,1,Small,Class_A
345,65.35908633810075,35.084946389799995,5,Type2,GroupB,0.0,1,Medium,Class_B
346,48.65667035309583,29.2438069828136,14,Type2,GroupB,1.0,1,Medium,Class_B
347,76.86711876704986,46.80619213677558,61,Type2,GroupC,0.0,0,Medium,Class_A
348,53.15250559531199,0.3687033331666367,85,Type3,GroupA,0.0,1,Large,Class_B
349,61.76412205653003,24.179313171409166,42,Type3,GroupA,1.0,0,Small,Class_C
350,22.949063580653963,45.93816367210018,86,Type1,GroupC,0.0,0,Medium,Class_A
351,16.924347534612426,6.5473602061838605,39,Type1,GroupA,0.0,0,Large,Class_A
352,96.05722013116845,0.6556825975247316,36,Type2,GroupC,0.0,1,Large,Class_B
353,74.16659226751592,23.19234558722715,9,Type1,GroupB,0.0,0,Large,Class_B
354,84.20111537412556,1.9946185765478075,60,Type3,GroupD,,0,Large,Class_A
355,63.059156366402405,5.728919420495215,43,Type1,GroupD,1.0,1,Medium,Class_B
356,4.940926241164856,0.9478652634864637,38,Type1,GroupC,1.0,1,Large,Class_A
357,45.9521667652162,28.02314528576204,5,Type2,GroupA,1.0,0,Large,Class_A
358,96.54350304760104,41.33107460721622,81,Type2,GroupD,1.0,0,Small,Class_C
359,53.47000047518876,16.294534502960502,18,Type2,GroupB,0.0,1,Large,Class_C
360,0.8004526270911527,36.47725480387051,42,Type3,GroupA,1.0,1,Small,Class_C
361,11.814171231090597,47.45073563918594,89,Type1,GroupA,0.0,1,Large,Class_B
362,94.9559608445663,6.396703322003805,25,Type3,GroupA,0.0,0,Medium,Class_B
363,93.4242410335901,10.081923979707529,83,Type1,GroupB,1.0,0,Medium,Class_A
364,40.802002346281775,19.019247241862665,16,Type1,GroupC,0.0,0,Large,Class_A
365,17.263972247778614,3.573056270085473,71,Type3,GroupA,1.0,0,Medium,Class_C
366,47.27882318090511,6.9574856574084185,29,Type2,GroupC,0.0,1,Large,Class_C
367,89.2598269605233,28.315029130942527,71,Type3,GroupA,1.0,1,Medium,Class_A
368,95.24781307932719,31.6267170361282,93,Type2,GroupA,1.0,0,Medium,Class_A
369,53.4037028917784,8.402830369365223,41,Type2,GroupB,0.0,0,Large,Class_C
370,22.969009858059074,0.9458306348821888,48,Type2,GroupC,1.0,0,Medium,Class_C
371,79.61061619577633,21.7602019500591,49,Type1,GroupA,1.0,0,Small,Class_A
372,8.77548727963452,9.06601858131414,3,Type2,GroupB,1.0,1,Small,
373,96.52612324593012,27.72552529681554,43,Type1,GroupA,0.0,1,Medium,Class_B
374,82.88541562429779,3.726387590146679,9,Type1,GroupD,1.0,0,Large,Class_A
375,1.4411290549249278,37.68115394115647,34,Type1,GroupC,0.0,0,Small,Class_B
376,25.16772950573436,25.365534162149046,22,Type2,GroupB,1.0,1,Large,Class_A
377,14.518549891585975,44.12104284443158,60,Type2,GroupA,0.0,1,Small,Class_C
378,45.336749226525285,49.5319551859235,3,,GroupA,1.0,1,Large,Class_A
379,45.957368491512895,38.68479126585165,54,Type2,GroupD,0.0,1,Small,Class_C
380,76.18535349815416,43.039483544167425,94,Type2,GroupC,1.0,0,Small,Class_B
381,33.45990736586922,12.655074474648103,77,Type1,GroupD,,0,Large,Class_A
382,40.06181939680636,1.109631531343469,59,Type1,GroupB,0.0,1,Medium,Class_B
383,19.139894984377072,32.13260418684009,57,Type1,GroupB,1.0,0,Medium,Class_A
384,18.84821376522846,30.7137341748068,68,,GroupD,0.0,1,Medium,Class_C
385,74.3197110756642,13.496144839252523,98,Type2,GroupD,1.0,1,Medium,Class_C
386,51.06830969438144,26.216664442366643,80,Type3,GroupC,1.0,1,Large,Class_A
387,55.22478620842146,17.229197720863798,45,,GroupD,0.0,1,Small,Class_C
388,,28.19255311634094,78,Type1,GroupD,0.0,0,Small,Class_A
389,80.67124850542035,39.81929106959832,54,Type2,GroupB,0.0,1,Large,Class_B
390,44.02412346617082,18.758897649278833,8,Type2,GroupC,1.0,0,Medium,Class_C
391,83.7411050869754,15.823680423726778,79,Type3,GroupA,1.0,0,Large,Class_A
392,56.463129391635256,27.13726574855263,62,Type3,GroupD,0.0,0,Small,Class_B
393,64.02964288308938,28.12394597744543,26,Type3,GroupC,0.0,0,Medium,Class_A
394,42.59536115784894,47.53039826379985,55,Type1,GroupC,0.0,0,Medium,Class_B
395,68.93504010185511,3.100543577111836,13,Type3,GroupD,0.0,1,Medium,Class_C
396,43.12409747313923,42.91250990051284,73,Type2,GroupB,0.0,1,Small,Class_B
397,52.053077747150525,45.703715064193794,26,Type1,GroupC,0.0,0,Medium,Class_B
398,44.2875922481772,19.591212827066578,34,Type1,GroupC,1.0,1,Medium,Class_A
399,64.86234649236091,12.60458560856041,50,Type1,GroupB,0.0,1,Medium,Class_B
400,80.59172819508977,49.2425735959972,60,Type3,GroupA,0.0,0,Small,Class_A
401,,5.084122137378527,40,Type1,GroupC,1.0,0,Large,Class_A
402,77.90010645288785,23.430640749107262,96,Type1,GroupC,1.0,0,Small,Class_B
403,92.59395382912675,8.624255257275182,75,Type2,GroupD,0.0,1,Small,Class_C
404,83.16999817507032,27.577635950206048,63,Type3,GroupA,1.0,0,Small,Class_A
405,25.399428902076604,26.775203027959382,36,Type3,GroupD,1.0,1,Small,Class_C
406,62.72424136826223,11.953036781375664,68,Type1,GroupB,0.0,1,Large,Class_A
407,20.952085534683672,1.1220827744708506,46,Type2,GroupA,1.0,1,Medium,Class_C
408,66.33807717899269,46.23926433026453,3,Type2,GroupC,0.0,1,Small,Class_A
409,70.8968220118555,39.17620707047319,86,Type1,GroupC,1.0,1,Large,
410,9.441571235486412,28.466439915435686,77,Type3,GroupB,0.0,0,Large,Class_B
411,91.93881816321695,6.466205343600811,34,Type1,GroupD,0.0,0,Medium,Class_A
412,72.21022353422829,10.374133823560793,75,Type1,GroupA,0.0,0,Large,Class_A
413,95.94916117487719,16.654262293246358,64,Type3,GroupD,1.0,1,Small,Class_B
414,68.15321149806142,18.78322709199946,14,Type1,GroupC,0.0,0,Large,Class_B
415,81.15731844192872,26.434056171985347,30,Type3,GroupB,1.0,0,Medium,Class_B
416,81.87464850520657,17.08192351228836,6,Type1,GroupD,0.0,0,Large,
417,4.427018592043675,37.81781097429912,11,Type2,GroupA,1.0,0,Medium,Class_B
418,29.619370144387492,36.890441790706205,38,Type1,GroupC,1.0,1,Small,Class_B
419,60.86963049738945,5.653147564123007,4,Type2,GroupA,0.0,0,Medium,Class_C
420,15.347162546653504,38.343184629551814,58,Type3,GroupD,0.0,1,Small,Class_C
421,53.482770648468446,5.954939574164214,22,Type1,GroupC,1.0,1,Medium,Class_A
422,66.26086894025904,16.918545579731376,49,Type3,GroupA,0.0,0,Small,Class_C
423,34.81709049565801,17.576819621481466,58,Type3,GroupA,0.0,1,Small,Class_B
424,50.758475360723054,38.57493471831094,10,Type1,GroupD,0.0,1,Small,Class_C
425,83.83878132682014,24.232764379168977,83,Type3,GroupB,,1,Medium,Class_B
426,28.366823487888094,20.174711873630912,60,Type3,GroupA,1.0,0,Small,Class_C
427,,30.51641062512292,3,Type2,GroupD,0.0,1,Small,Class_C
428,63.26772290639291,47.386895705411675,64,Type2,GroupB,1.0,1,Medium,Class_A
429,86.77460512451906,46.7108474927432,18,Type1,GroupC,0.0,1,Medium,Class_A
430,8.961844238060213,4.557063707889425,7,Type3,GroupA,0.0,1,Large,Class_C
431,14.271755164735334,15.10488646105575,98,Type1,GroupB,0.0,0,Medium,Class_A
432,93.00626342357847,7.597323430618047,51,Type2,GroupD,1.0,1,Large,Class_A
433,3.5853543515345643,48.62302396560884,91,Type2,GroupA,1.0,0,Large,Class_B
434,70.68614319077933,14.303444525587288,81,Type1,GroupB,0.0,1,Small,Class_C
435,77.69055058252864,13.446953931042954,84,Type1,GroupB,0.0,0,Large,Class_B
436,87.36082804841517,0.6267694304221194,73,Type3,GroupC,1.0,0,Large,Class_A
437,93.06190279962357,30.05779103445211,79,Type2,GroupC,0.0,0,Large,Class_B
438,36.39568555483793,13.442892720591054,42,,GroupD,0.0,0,Medium,Class_C
439,30.40490237294331,41.44946992301897,74,Type2,GroupA,0.0,1,Small,Class_B
440,32.68056389530245,4.357346654755978,48,Type2,GroupD,1.0,1,Large,Class_B
441,3.233299131099865,27.360299616943383,66,Type1,GroupD,0.0,0,Small,Class_C
442,13.03526563350179,22.592296794726035,3,Type3,GroupA,0.0,1,Medium,Class_C
443,81.69537215299356,8.410572906053549,74,Type1,GroupC,0.0,1,Large,Class_A
444,45.60991220660112,23.812351488897786,6,Type2,GroupC,0.0,0,Small,
445,6.655472882994385,23.13039182432961,29,Type1,GroupB,0.0,0,Medium,Class_C
446,50.57342681627042,21.229695331814064,96,Type1,GroupA,0.0,1,Small,Class_B
447,29.072156723103326,10.24884976545385,50,Type3,GroupD,0.0,1,Large,Class_C
448,49.485134173884795,14.49342980785569,50,Type1,GroupA,1.0,1,Small,Class_B
449,95.9946573340885,29.870514289538686,64,Type3,GroupB,1.0,0,Large,Class_A
450,76.72222160683107,10.884037383515277,20,Type1,GroupC,1.0,1,Small,Class_A
451,99.51659716188114,10.72558888651065,61,Type1,GroupC,0.0,0,Medium,Class_A
452,89.635442958281,17.281765125838756,81,Type1,GroupD,1.0,1,Large,Class_A
453,9.141999413188984,24.38424345062507,64,Type3,GroupD,1.0,1,Large,Class_B
454,38.560277266847955,26.576770944608914,60,Type2,GroupB,1.0,0,Medium,Class_B
455,45.099159907349915,5.494309344471176,82,Type2,GroupC,1.0,1,Small,Class_C
456,43.34029080036738,21.098768366234104,55,Type3,GroupC,,1,Small,Class_A
457,14.45698914377459,25.93796908748334,94,Type2,GroupC,1.0,1,Medium,Class_C
458,82.35370705110306,27.08997431608263,3,Type3,GroupB,0.0,1,Large,Class_B
459,54.63768795049161,12.457186444644064,94,Type2,GroupC,1.0,0,Large,Class_A
460,63.68085798600034,35.52511834489282,32,Type2,GroupB,0.0,0,Small,Class_C
461,99.33528760188194,23.17383137035994,97,Type1,GroupB,0.0,1,Medium,Class_B
462,71.00051847301133,25.927791061698112,34,,GroupB,1.0,0,Medium,Class_C
463,18.29630334435459,23.578884881048534,32,Type2,GroupB,1.0,1,Medium,Class_A
464,94.63970850427249,31.459526427059576,79,Type1,GroupB,,0,Small,
465,16.38310278813662,5.008776921084429,35,Type3,GroupD,1.0,0,Large,Class_B
466,43.39962293568475,13.364235860590256,35,Type2,GroupD,0.0,1,Medium,Class_C
467,70.86032462103414,12.56047676875215,42,Type1,GroupA,0.0,0,Small,Class_B
468,46.43648168412406,36.98373346964895,81,Type1,GroupA,0.0,0,Large,Class_A
469,4.442942212937595,18.324774789631178,11,Type1,GroupD,1.0,0,Medium,Class_A
470,54.420557976009384,4.028753895633064,25,Type1,GroupA,1.0,0,Small,Class_B
471,6.949640168321558,30.409509348966278,52,Type2,GroupC,0.0,0,Large,Class_B
472,49.80724015412711,27.99661613959696,83,Type2,GroupB,0.0,0,Large,Class_B
473,31.379805331515875,40.6894630876409,86,,GroupB,1.0,0,Large,Class_A
474,91.47077271375785,5.401169474477074,19,Type3,GroupA,0.0,0,Small,Class_B
475,42.126773576444045,5.683044834589629,95,Type2,GroupA,0.0,1,Small,Class_C
476,76.2362830310903,20.07957868516273,61,Type2,GroupB,1.0,1,Large,Class_C
477,30.565596230970637,34.553316118846716,21,Type2,GroupC,,0,Medium,Class_C
478,38.84831741611649,29.103994566049906,63,Type2,GroupD,1.0,0,Small,Class_C
479,46.84991106969457,30.548825300960313,87,,GroupD,0.0,0,Medium,Class_B
480,58.61630234825807,11.136476110939142,16,Type2,GroupA,0.0,0,Small,
481,20.7341831060288,25.08950086571137,71,Type3,GroupC,0.0,1,Medium,Class_C
482,47.417463498038025,32.868120024047386,24,,GroupB,1.0,1,Medium,Class_A
483,31.037219636020975,37.22057811441314,25,Type1,GroupC,1.0,0,Medium,Class_A
484,44.329644126469184,44.171488348754515,75,Type1,GroupA,1.0,0,Medium,
485,59.94872714493168,28.68620633089467,59,Type2,GroupB,0.0,0,Large,Class_A
486,42.70651986731853,24.782063942275073,83,Type1,GroupA,0.0,1,Large,Class_C
487,7.183971521894272,41.82062179185909,22,Type1,GroupA,1.0,0,Medium,
488,38.02762407012861,35.92634785233748,82,Type3,GroupA,0.0,1,Small,
489,11.436435042342252,23.642745717205372,80,Type3,GroupB,0.0,0,Small,Class_C
490,87.39712863989783,13.062869973264052,59,Type2,GroupD,1.0,0,Medium,Class_A
491,30.284334068604636,2.7742641741987875,69,Type1,GroupD,0.0,0,Medium,Class_C
492,67.26038376844843,2.2604411242755362,2,Type3,GroupA,0.0,1,Small,Class_C
493,98.51468242762705,15.339949436538403,23,Type1,GroupA,1.0,0,Small,Class_A
494,34.19481713823982,42.49785518077311,99,Type3,GroupD,1.0,0,Small,Class_A
495,11.071858081684748,6.492287429725857,93,Type3,GroupD,0.0,1,Medium,Class_C
496,6.9855723862757735,7.883645701499164,18,Type2,GroupA,0.0,1,Large,Class_C
497,66.62493133807583,18.34055520539823,10,Type3,GroupA,1.0,1,Small,Class_A
498,78.89876545067253,39.81890611896405,35,Type3,GroupC,0.0,0,Small,Class_C
499,55.7696389802401,38.47146285008417,90,Type1,GroupD,0.0,1,Medium,Class_A
500,88.75861325301776,26.27698697596953,79,Type3,GroupC,1.0,1,Medium,Class_A
501,40.63637964303963,43.067916545487776,99,Type3,GroupD,,0,Medium,Class_C
502,26.81495210825834,24.279351661252434,34,Type1,GroupC,0.0,0,Medium,Class_C
503,0.44824294723512237,0.1636412156984124,7,Type2,GroupD,0.0,1,Small,Class_C
504,76.99401594214744,8.822675407190372,78,Type1,GroupC,0.0,0,Large,Class_B
505,,0.8767444074656461,46,Type2,GroupA,0.0,1,Medium,Class_C
506,31.37442218529547,6.8859600780192265,39,Type3,GroupB,1.0,0,Small,Class_C
507,87.74547764358202,2.9120580374402403,18,Type2,GroupA,0.0,1,Medium,Class_C
508,18.644207734723505,4.285619639567473,22,Type2,GroupD,1.0,0,Medium,Class_C
509,95.84841726751543,10.67087005451487,25,,GroupD,1.0,0,Small,Class_A
510,55.28952175348394,37.5644114353988,27,Type1,GroupA,0.0,0,Large,Class_A
511,0.40219356478874424,33.994283919398924,57,Type2,GroupB,0.0,1,Small,Class_C
512,39.30554857976304,19.301515906039107,88,Type2,GroupC,0.0,0,Small,Class_C
513,5.463048932340109,11.850507974775242,38,Type2,GroupC,0.0,1,Small,
514,1.4150762280760953,39.51362910044464,84,Type2,GroupC,1.0,1,Medium,Class_B
515,23.043487574879883,6.190857111816955,10,Type3,GroupC,1.0,1,Medium,Class_C
516,23.01151634289811,20.058993476220248,49,Type2,GroupA,0.0,1,Small,Class_C
517,8.51195793743791,27.3577272581701,25,Type2,GroupB,0.0,0,Large,Class_B
518,93.44719705728703,14.818392070928654,30,Type2,GroupA,1.0,1,Large,Class_A
519,38.793257828744075,5.064126976655575,16,Type3,GroupD,0.0,1,Small,Class_C
520,41.99473813882031,22.229489333670593,95,Type1,GroupA,1.0,0,Large,Class_A
521,12.189082746391566,26.756968130661303,71,Type1,GroupA,1.0,1,Medium,
522,49.54896708418629,17.148834957641746,73,Type3,GroupA,1.0,1,Medium,Class_B
523,32.76207067676895,19.395620317257162,54,Type2,GroupA,1.0,0,Large,Class_B
524,,43.09429410137745,5,Type2,GroupD,1.0,1,Medium,Class_A
525,94.2534849726129,32.97973265704398,27,Type3,GroupC,0.0,0,Large,Class_A
526,52.636049615156836,45.41863139094566,27,Type1,GroupC,1.0,1,Medium,Class_A
527,66.3854912166646,43.96369238326822,62,Type2,GroupC,0.0,0,Large,Class_A
528,64.96795914553088,39.28025647164811,37,Type3,GroupA,1.0,0,Small,Class_B
529,58.48254128783803,45.99703510634539,28,Type3,GroupA,0.0,0,Small,Class_B
530,70.21636751007132,6.500166708142297,83,Type3,GroupA,0.0,1,Large,Class_B
531,70.60926587029108,37.66417685432633,45,,GroupC,1.0,1,Small,Class_B
532,88.14897286016704,1.7859982930213791,52,Type3,GroupC,0.0,1,Medium,Class_B
533,72.58896606381728,39.54947753220785,97,Type1,GroupA,0.0,0,Medium,Class_B
534,50.86081840751485,42.86205170830336,76,Type2,GroupD,0.0,0,Large,Class_C
535,96.19080405747923,37.93932166044374,92,Type3,GroupA,1.0,1,Medium,Class_A
536,99.23954191201558,44.43186231343579,81,Type2,GroupC,1.0,0,Medium,Class_A
537,30.86347373334832,20.748385975365412,83,Type2,GroupD,1.0,1,Medium,Class_A
538,51.87130620666361,37.85620619527011,4,Type3,GroupB,1.0,1,Small,Class_A
539,77.199768933413,17.71978540144305,66,Type1,GroupA,1.0,0,Medium,Class_A
540,90.8279632524677,7.762659426570423,42,,GroupB,0.0,1,Medium,Class_A
541,72.74417613839093,16.47700578002351,29,Type1,GroupC,0.0,1,Medium,Class_A
542,91.4747087115846,10.716630402182215,91,Type3,GroupB,1.0,1,Small,Class_C
543,8.866118097801989,26.79617933913517,42,Type3,GroupB,1.0,0,Large,Class_A
544,13.439660599293612,10.551379820863888,19,Type2,GroupB,1.0,0,Large,Class_A
545,62.0808811745026,47.94310340986283,78,Type1,GroupC,0.0,1,Small,Class_B
546,75.09063656529499,27.85309278325726,1,Type2,GroupD,1.0,0,Large,Class_B
547,91.40398736631953,0.5456243766059354,11,Type2,GroupD,1.0,1,Small,Class_C
548,38.43819648550526,43.16667045619916,65,Type1,GroupA,0.0,1,Small,Class_B
549,28.7558322239301,34.71751321299788,48,Type2,GroupB,1.0,0,Small,Class_A
550,28.634988068380974,20.99667658895897,98,Type1,GroupC,0.0,0,Large,Class_A
551,42.18177379335286,11.292616753803559,16,Type2,GroupA,1.0,0,Small,Class_C
552,79.15321112097966,32.14266578362368,76,Type3,GroupC,1.0,1,Small,Class_B
553,35.85851604799771,19.559474151965855,59,Type3,GroupD,0.0,0,Small,Class_C
554,,10.823872078844964,41,Type1,GroupA,0.0,0,Medium,Class_B
555,61.35221755162489,26.958628519449736,42,Type3,GroupB,0.0,1,Large,Class_A
556,56.26359431044059,8.762608034994596,86,Type2,GroupD,0.0,0,Small,Class_C
557,93.91983057199744,3.9899702110791804,30,Type2,GroupB,0.0,1,Small,Class_C
558,30.437238507584162,29.50028475875942,59,Type3,GroupD,0.0,0,Medium,Class_C
559,90.51692237208015,10.492713386529163,40,Type3,GroupD,1.0,0,Medium,Class_B
560,12.975215936066009,10.609964450354287,6,Type2,GroupC,1.0,0,Large,Class_A
561,57.73765616648339,36.22911712181941,10,Type2,GroupB,0.0,0,Medium,Class_B
562,23.194575517252858,47.014939106958444,82,Type2,GroupB,1.0,1,Medium,Class_C
563,82.2323984407179,15.407499359694077,87,Type2,GroupB,0.0,1,Medium,Class_B
564,53.75977217666118,5.414072317137925,37,Type1,GroupD,0.0,0,Small,Class_B
565,4.835092936730556,20.241452250206965,52,Type1,GroupB,1.0,1,Large,Class_C
566,69.26841675547462,14.127686461981614,73,Type1,GroupB,0.0,0,Small,Class_B
567,78.1782646289266,16.40116646034678,18,Type1,GroupC,0.0,1,Small,Class_C
568,20.78639459757866,45.827838962126314,27,Type1,GroupB,0.0,0,Large,Class_B
569,88.98611059634385,23.78578857204542,79,Type2,GroupC,1.0,0,Medium,Class_A
570,92.00106862908194,12.131391791064756,31,Type1,GroupB,1.0,0,Small,Class_A
571,45.45341850536234,38.76334113121588,84,Type2,GroupA,0.0,0,Small,Class_C
572,63.29241494623925,32.9217688824028,26,Type2,GroupD,1.0,1,Small,Class_C
573,1.3216419822656422,28.524506745105725,62,Type1,GroupC,1.0,1,Small,Class_B
574,92.15666492528075,12.71515704890041,23,Type1,GroupA,1.0,1,Medium,Class_A
575,35.366246913119056,24.58451892952399,80,Type3,GroupC,1.0,1,Large,Class_A
576,98.08646609523221,47.618522809437295,34,Type3,GroupB,1.0,1,Medium,Class_A
577,34.57991784761775,43.70517692509664,32,Type2,GroupB,0.0,1,Medium,Class_C
578,47.015435998618294,3.362224842670197,59,Type2,GroupC,1.0,0,Small,Class_B
579,95.74045296876406,12.596502214908739,83,Type1,GroupC,1.0,0,Medium,Class_A
580,67.39116184735336,28.80988441995737,45,Type3,GroupD,1.0,0,Small,Class_B
581,55.04287216254774,3.919666269974159,59,Type2,GroupD,0.0,0,Medium,
582,65.6065366115998,32.287409297638916,9,Type2,GroupB,1.0,0,Large,Class_A
583,66.54565990573175,33.735676536205695,32,Type3,GroupD,0.0,0,Large,Class_B
584,45.32518495381468,19.44462977189968,63,Type2,GroupD,1.0,1,Medium,Class_B
585,,6.550871620691518,30,Type3,GroupB,0.0,0,Medium,Class_C
586,88.75299242013072,2.0842783851503066,77,Type3,GroupD,1.0,0,Large,Class_A
587,82.98736148839185,15.997131377295592,38,Type1,GroupA,0.0,1,Medium,Class_B
588,18.652647626518736,29.942318550217916,14,Type2,GroupA,1.0,1,Medium,Class_A
589,52.210346750295514,25.63494370432512,69,Type1,GroupD,0.0,0,Large,Class_B
590,32.14923345962354,28.385901697440346,14,Type1,GroupA,0.0,0,Medium,Class_C
591,12.189684085307873,22.253376573954025,25,Type1,GroupC,0.0,0,Medium,Class_B
592,60.262140875057526,7.981265064717596,13,Type3,GroupA,0.0,0,Medium,Class_C
593,60.31764627572819,9.699152824656087,35,Type2,GroupC,1.0,0,Medium,Class_B
594,28.01349926556671,44.8615220794276,55,Type3,GroupC,0.0,1,Small,Class_C
595,,34.91175579907472,13,Type2,GroupB,0.0,1,Small,Class_C
596,58.71643262665681,35.771669357784084,34,Type3,GroupB,0.0,1,Small,Class_B
597,42.66868818638249,22.507869699938087,64,Type1,GroupA,0.0,0,Large,Class_B
598,43.70975796676817,4.601522644761258,75,Type2,GroupC,1.0,0,Large,Class_B
599,18.414560905145937,31.598738829400457,16,Type3,GroupB,0.0,1,Medium,Class_C
600,61.78861072032703,37.700165066508504,33,Type1,GroupC,0.0,1,Medium,Class_B
601,95.0169300607246,28.914157410760076,41,Type1,GroupB,0.0,0,Small,Class_A
602,46.90003608995627,47.277694855401464,99,Type2,GroupB,0.0,0,Small,Class_A
603,31.959341817949806,25.311301407040474,15,Type1,GroupC,0.0,0,Medium,Class_B
604,8.061635113971978,22.092015316733278,58,Type1,GroupC,1.0,0,Small,Class_C
605,95.94851255687038,45.02249933429408,5,Type2,GroupB,0.0,0,Large,Class_A
606,58.48301547182945,3.048042215818586,41,Type1,GroupD,1.0,1,Large,Class_A
607,5.273945775905009,13.993829589055796,70,Type3,GroupD,0.0,1,Medium,Class_C
608,54.92992267390282,48.01871660045684,94,Type3,GroupA,0.0,0,Large,Class_A
609,91.9992261436486,30.17868399464541,44,Type1,GroupC,1.0,1,Large,Class_A
610,0.19068826968245967,6.336581656254814,50,Type3,GroupB,0.0,1,Small,Class_C
611,1.3913322044851961,5.053997356501055,34,Type3,GroupD,1.0,1,Small,Class_B
612,71.52521195812643,41.99212745469221,25,Type2,GroupB,1.0,1,Small,Class_B
613,78.8335125881254,24.804432834758273,23,,GroupC,1.0,0,Medium,Class_A
614,85.04279680925275,24.227377961543468,61,Type1,GroupA,0.0,1,Small,Class_C
615,56.4226098226047,49.08715784275069,13,Type2,GroupA,0.0,0,Medium,Class_B
616,71.67711343232197,8.591497189591568,23,Type1,GroupD,0.0,0,Medium,Class_B
617,0.46622563811596907,21.816705255784196,16,Type1,GroupA,0.0,0,Large,Class_A
618,16.67467892963923,40.97274872298102,52,Type2,GroupD,1.0,1,Small,Class_B
619,98.0264582671966,46.01668878924613,74,Type2,GroupD,1.0,1,Large,Class_A
620,17.937547575253276,16.424251132670687,65,Type2,GroupC,1.0,0,Medium,Class_C
621,78.74159385918959,43.19280645064183,27,Type2,GroupC,1.0,0,Large,Class_A
622,96.67274709574298,10.698529510212612,84,Type2,GroupB,0.0,1,Small,Class_A
623,0.5551574642482016,1.393289069667536,48,Type3,GroupB,1.0,0,Large,Class_B
624,59.4546352757289,4.8394817379810275,65,Type2,GroupD,1.0,0,Small,Class_B
625,15.31786721145908,16.681680166482778,50,Type3,GroupB,1.0,0,Medium,Class_C
626,98.3888693751346,14.101939238362826,21,Type3,GroupB,1.0,0,Small,Class_A
627,30.775251409665195,24.043769328383824,1,Type2,GroupA,1.0,0,Small,Class_B
628,29.831597673542632,37.6876233396508,44,Type3,GroupB,1.0,0,Small,Class_B
629,38.41848964996597,25.18169827714656,98,Type2,GroupC,0.0,1,Large,Class_C
630,47.114393361435546,33.36693559158727,20,Type1,GroupD,0.0,1,Small,Class_A
631,10.117839195451095,12.58885705526766,89,Type2,GroupD,0.0,0,Large,Class_C
632,80.67572428438218,18.105149059409857,61,Type2,GroupB,0.0,0,Medium,Class_C
633,51.44306687154862,28.04474756860906,93,Type1,GroupB,1.0,0,Large,Class_A
634,25.79320746829111,41.399279493173886,33,Type2,GroupA,0.0,0,Medium,Class_B
635,61.955446957577735,39.547657717075715,52,Type1,GroupA,0.0,1,Small,Class_B
636,43.08373916196058,13.266603043381375,28,Type3,GroupC,1.0,1,Large,Class_B
637,78.16292485348815,17.657906576282667,11,Type3,GroupA,1.0,1,Small,Class_B
638,49.98296347500533,39.768426472789116,18,Type1,GroupB,0.0,1,Large,Class_A
639,40.99306795776384,25.127043106723697,85,Type2,GroupD,1.0,0,Small,Class_C
640,28.716393369887825,30.778727315088204,46,Type2,GroupD,1.0,0,Large,Class_A
641,90.25256403831366,33.24562455531658,23,Type2,GroupC,1.0,0,Large,Class_A
642,66.78365847012736,24.516516203891015,98,Type1,GroupA,0.0,1,Large,
643,13.621652176052423,34.4775771895108,8,Type1,GroupD,1.0,1,Medium,Class_A
644,23.639922005996784,41.87585416042354,23,Type1,GroupA,1.0,1,Medium,Class_A
645,23.44677849489353,23.333197386548164,17,Type1,GroupD,1.0,1,Large,Class_A
646,44.452328038622646,34.251544823298744,95,Type1,GroupC,1.0,1,Small,Class_B
647,0.1772153024654166,49.828867234886005,40,Type3,GroupA,0.0,1,Large,Class_C
648,79.30746634400873,24.71612956139626,97,Type1,GroupA,0.0,1,Medium,Class_A
649,17.62754128015932,17.32329736740202,40,Type3,GroupA,1.0,1,Large,Class_B
650,33.75506278302659,27.938015700457107,76,,GroupC,0.0,1,Medium,Class_B
651,24.06948540116389,14.005935773984135,25,Type3,GroupC,1.0,0,Small,Class_C
652,35.47598116097539,19.72138638075551,84,Type3,GroupB,1.0,1,Large,Class_C
653,49.786776411194055,37.52710729753962,4,Type1,GroupC,1.0,0,Large,
654,33.53658393010517,13.473492218198297,40,Type3,GroupD,1.0,1,Large,Class_B
655,31.191496633521044,26.249474435335763,37,Type3,GroupB,0.0,1,Large,Class_A
656,65.75571145959101,47.31575634672928,59,Type3,GroupB,0.0,1,Medium,Class_B
657,33.91653308122593,31.004458227124875,74,Type1,GroupB,1.0,0,Large,Class_A
658,28.000802100271127,41.549963732297286,77,Type2,GroupA,0.0,1,Small,Class_C
659,96.35392211384111,15.383917767974376,96,Type2,GroupB,1.0,1,Medium,Class_A
660,48.66887938816128,43.59542894930327,68,Type3,GroupC,0.0,1,Large,Class_A
661,21.378790071586494,28.38911982768873,15,Type2,GroupB,0.0,0,Large,Class_B
662,5.138830568140085,22.26681106149301,9,Type3,GroupA,1.0,1,Small,Class_C
663,26.034044720029183,12.1571113624305,13,Type3,GroupD,0.0,0,Large,Class_B
664,40.653952191142864,17.43700261089225,7,Type1,GroupC,0.0,0,Large,Class_A
665,27.24901516656073,3.092010112732618,54,Type2,GroupA,1.0,1,Small,Class_C
666,86.66590016231336,18.968182853256994,8,Type2,GroupB,1.0,0,Large,Class_B
667,77.44536396839095,5.828426311794377,87,Type3,GroupB,1.0,1,Large,Class_A
668,78.2579060906437,34.214222547667504,51,Type2,GroupB,,1,Large,Class_A
669,25.462256907009095,8.033581952488117,2,Type1,GroupB,0.0,0,Large,Class_B
670,11.00646685335832,19.154366484199503,91,Type1,GroupA,0.0,0,Medium,Class_B
671,27.521144846237576,7.227766732828034,18,Type2,GroupC,0.0,0,Large,Class_B
672,24.29093962990213,21.08799296865611,74,Type1,GroupA,1.0,0,Large,
673,95.15479594325072,5.202783252304533,72,Type2,GroupD,0.0,1,Large,Class_B
674,62.30166274583614,13.085858505538095,22,Type3,GroupD,0.0,1,Large,Class_B
675,44.570470130893916,5.1857407366878325,31,Type2,GroupB,1.0,0,Small,Class_B
676,87.69544370734327,24.717995812615356,33,Type1,GroupA,1.0,0,Large,Class_A
677,96.72340434295418,16.797806098811797,31,Type2,GroupB,0.0,0,Large,Class_B
678,18.90403313016098,12.085095263035727,46,Type1,GroupA,1.0,0,Medium,Class_A
679,95.53986255236774,21.9966076450543,17,Type3,GroupA,1.0,0,Small,Class_B
680,24.212551387478342,15.58286819670514,86,Type2,GroupD,0.0,1,Medium,Class_C
681,49.01752844259513,23.357435003891506,75,Type3,GroupD,0.0,1,Large,Class_B
682,98.04821823467614,19.078182934957834,89,Type3,GroupC,0.0,1,Small,Class_C
683,76.4385914076672,38.54362048704904,5,Type2,GroupA,0.0,1,Small,Class_B
684,46.88763120401869,42.49899918567856,78,Type2,GroupB,0.0,1,Medium,Class_C
685,7.918692243295277,3.7322062758282595,98,Type2,GroupB,1.0,1,Large,Class_C
686,20.56442412806023,26.780546526030903,30,Type3,GroupC,0.0,1,Medium,Class_C
687,84.51247583849212,3.130450548800595,41,Type1,GroupD,1.0,0,Small,Class_A
688,21.24672292903057,47.43311159251159,38,Type2,GroupC,0.0,0,Medium,Class_B
689,95.47716085347379,14.536298935419579,51,Type3,GroupC,1.0,0,Large,Class_A
690,16.926810469416452,30.372792166430845,32,Type2,GroupB,1.0,0,Medium,Class_B
691,33.77678286710722,9.242750724847332,31,Type3,GroupD,1.0,1,Medium,Class_C
692,59.68088508358231,12.12524489068803,32,Type1,GroupB,1.0,0,Small,Class_C
693,46.218645978502735,1.91998051848698,30,Type3,GroupD,1.0,0,Large,Class_A
694,,27.10478393826932,85,Type2,GroupD,0.0,1,Small,Class_B
695,50.73946365144557,4.067539327185648,48,Type1,GroupA,0.0,0,Small,Class_B
696,43.07673193772838,17.083434670202468,15,Type2,GroupB,0.0,1,Medium,Class_C
697,85.2588233066919,22.773259959220425,47,Type2,GroupD,0.0,0,Small,Class_B
698,79.42421240706355,38.65188776142282,51,Type1,GroupB,1.0,1,Small,Class_B
699,64.11659310123228,28.16992402023166,82,Type2,GroupD,1.0,0,Small,Class_B
700,37.57840435894434,20.279495308461993,80,Type1,GroupB,1.0,1,Medium,Class_A
701,96.10265188872597,36.04445721655483,56,Type1,GroupA,1.0,1,Small,Class_A
702,12.249336743928085,24.373957420932825,83,Type3,GroupA,1.0,0,Small,Class_B
703,38.96755537994052,14.598450019696275,18,Type1,GroupD,0.0,1,Large,Class_B
704,,30.96473333435487,46,Type2,GroupC,1.0,0,Small,Class_B
705,35.37381432090333,30.108706453448548,48,Type3,GroupD,1.0,0,Small,Class_C
706,0.7548336766312613,16.96331118570334,72,Type3,GroupD,0.0,0,Small,
707,0.7535842345953281,15.493432462868467,41,,GroupA,1.0,0,Large,Class_B
708,12.51417305458843,25.461899567157303,23,Type1,GroupA,0.0,0,Medium,Class_A
709,11.019205485999828,15.932993607562707,4,Type3,GroupC,0.0,1,Small,Class_C
710,51.32328238390254,17.195772491633655,5,Type1,GroupC,1.0,0,Large,Class_A
711,65.10160532795243,11.610609305979446,36,Type2,GroupD,0.0,1,Medium,Class_B
712,74.81083503623519,13.120717036930662,78,Type2,GroupC,0.0,1,Small,Class_C
713,87.07044105632944,19.071685666593275,22,Type1,GroupA,1.0,0,Medium,Class_A
714,30.958440136709854,31.06361291474034,95,Type1,GroupC,0.0,1,Medium,Class_B
715,67.06045417520514,17.475399396627655,90,Type3,GroupB,1.0,0,Small,Class_C
716,33.518521090827726,12.479293259383168,1,Type1,GroupC,1.0,1,Large,Class_A
717,9.2222453947708,49.94863311253622,66,Type3,GroupB,1.0,0,Small,Class_B
718,42.3699532456004,29.00676873689586,98,Type2,GroupD,0.0,0,Medium,Class_C
719,,34.37261552105508,45,Type1,GroupA,0.0,1,Medium,Class_A
720,14.342831899233587,47.31059832241228,89,Type1,GroupA,1.0,1,Small,Class_A
721,69.59433057716274,19.641696651086495,88,,GroupD,1.0,0,Medium,Class_B
722,87.4905350844955,3.418614589120711,61,Type1,GroupC,1.0,0,Medium,Class_A
723,26.22329475329279,11.582719207782782,7,Type3,GroupA,0.0,1,Small,Class_C
724,12.836168567653527,33.44256349462332,1,Type3,GroupB,1.0,1,Medium,Class_A
725,44.11737758963796,39.43457417810443,69,Type1,GroupC,0.0,1,Small,Class_B
726,58.44145953076772,40.03297585190778,16,Type2,GroupB,0.0,0,Small,Class_C
727,42.49831461294155,30.411581864943603,81,Type2,GroupD,0.0,0,Small,Class_C
728,73.46842754902254,15.716687249911237,37,Type2,GroupC,1.0,1,Large,Class_A
729,40.31196831280921,40.481502210360325,80,Type1,GroupA,0.0,1,Small,Class_C
730,75.08743136145483,37.95228248974165,34,Type2,GroupD,1.0,0,Medium,Class_A
731,79.11160692638686,29.140159869050258,94,,GroupC,1.0,0,Small,Class_C
732,17.726795924421957,19.654425478522786,59,,GroupD,1.0,1,Large,Class_A
733,97.59010324882533,48.23780522069178,52,Type1,GroupA,1.0,1,Small,
734,47.12955964349494,5.419079874086324,18,Type2,GroupD,1.0,1,Large,Class_B
735,35.97528337069641,46.522312956538805,79,Type3,GroupC,,0,Large,Class_B
736,84.62692557351743,30.843587781370275,62,Type3,GroupD,0.0,1,Small,Class_C
737,89.34745415602436,27.933700236089514,97,Type1,GroupA,0.0,1,Small,Class_A
738,22.016017523170284,42.92782261905092,17,Type2,GroupD,1.0,0,Large,Class_A
739,83.81006261825783,21.78594776645102,46,Type2,GroupC,1.0,1,Medium,Class_B
740,8.02418924333832,42.030882798185374,88,Type1,GroupB,1.0,1,Small,Class_B
741,75.56188932913925,19.78603330697525,19,Type1,GroupA,0.0,1,Small,Class_C
742,30.86702711606518,6.553109294222126,4,Type3,GroupD,0.0,1,Small,Class_C
743,27.043911431751567,20.84653449142556,61,Type2,GroupA,1.0,1,Medium,Class_C
744,91.30156149616333,48.69555296062552,70,Type2,GroupC,0.0,0,Small,Class_C
745,17.765900770592324,29.046636659293306,49,Type2,GroupD,0.0,0,Small,Class_C
746,15.092760482731482,36.14847782938405,23,Type1,GroupA,0.0,1,Large,Class_A
747,75.01331057925617,27.643013591705362,2,Type1,GroupD,1.0,1,Small,Class_A
748,96.3940338351907,16.048781350554968,47,Type3,GroupD,1.0,1,Large,Class_A
749,35.105352550169734,28.2176748685379,19,Type1,GroupC,1.0,0,Small,Class_A
750,68.81965761491062,32.173373768942106,48,Type2,GroupD,1.0,1,Large,Class_A
751,91.0294026670064,28.04271674793591,85,Type3,GroupC,0.0,0,Medium,Class_C
752,98.57901328808626,27.355596518517817,88,Type1,GroupA,1.0,0,Medium,Class_A
753,34.85166320366457,27.476588941543355,86,Type2,GroupA,0.0,1,Medium,Class_B
754,,21.828940229676142,16,Type2,GroupB,0.0,0,Large,Class_B
755,1.6012239559341834,15.676219147868286,26,Type3,GroupA,0.0,0,Large,Class_C
756,26.816230053775858,45.080908289180584,30,Type3,GroupB,1.0,1,Small,Class_A
757,67.12812007322275,30.933156608981466,48,Type1,GroupD,1.0,1,Small,Class_B
758,,27.966157308099792,20,Type3,GroupD,1.0,1,Small,Class_A
759,61.845555520071805,29.246064727838107,85,Type1,GroupA,0.0,0,Large,Class_B
760,58.4790352619477,46.2288395906231,37,Type3,GroupD,1.0,0,Medium,Class_A
761,4.791010913221361,26.779323855807135,97,,GroupA,1.0,0,Large,Class_B
762,8.960001921972271,28.120553825929967,49,Type1,GroupB,0.0,1,Large,Class_B
763,,33.054340088090456,36,Type1,GroupA,0.0,1,Small,Class_B
764,45.05084981792369,45.75321864534071,29,Type2,GroupA,0.0,1,Large,Class_B
765,4.096041586495536,17.9493490376749,67,Type2,GroupC,0.0,1,Medium,Class_C
766,72.72170639905482,24.85395030938039,80,Type2,GroupC,0.0,0,Medium,Class_B
767,5.354349419220828,33.54568111918397,79,Type1,GroupA,1.0,0,Medium,Class_B
768,86.63306513900108,16.073541475012597,36,Type2,GroupA,0.0,0,Medium,Class_A
769,9.578702249787307,0.6376685002936755,67,Type2,GroupD,0.0,1,Small,Class_C
770,69.10033030554597,18.943503143994782,72,Type3,GroupD,1.0,0,Medium,Class_B
771,9.33994634147972,37.56207616010045,11,Type2,GroupC,0.0,0,Large,Class_C
772,24.87673016949804,40.415233107319054,35,Type1,GroupA,1.0,1,Small,Class_B
773,93.02390160818771,0.39520672953407,90,Type1,GroupC,0.0,1,Medium,Class_B
774,67.94363876413159,34.046666175546015,74,Type1,GroupA,0.0,0,Large,Class_A
775,42.03160315348138,0.22425373207735633,4,Type1,GroupD,0.0,0,Medium,Class_B
776,26.120118084677536,38.41987575555119,54,Type3,GroupA,0.0,0,Medium,Class_C
777,71.22493569401821,49.47790892342919,2,Type2,GroupA,0.0,1,Medium,Class_A
778,10.566558791737645,46.69294757053654,35,Type1,GroupB,0.0,0,Large,Class_A
779,14.503889433585481,40.47744904860043,87,Type3,GroupD,0.0,1,Medium,Class_A
780,71.57508282873131,19.61602568194686,21,Type1,GroupD,1.0,1,Medium,Class_A
781,9.789287007078663,5.825062813665016,59,Type3,GroupB,0.0,0,Medium,Class_C
782,32.400914228462256,23.412792049323293,22,Type2,GroupB,,0,Small,Class_B
783,0.13707681544362638,30.663539833511607,39,Type3,GroupD,0.0,0,Small,Class_C
784,,44.19633344186471,25,,GroupB,1.0,0,Medium,Class_A
785,16.050532936095173,49.22315801549908,97,Type3,GroupB,1.0,1,Large,Class_B
786,61.096322907438335,31.34726949082941,23,Type3,GroupD,1.0,0,Large,Class_B
787,67.26097268746625,35.927964259373184,10,Type3,GroupB,0.0,0,Large,Class_A
788,68.97244472982737,46.26703739037205,65,Type2,GroupC,0.0,1,Medium,Class_B
789,26.081687270185682,0.10524573414533722,21,Type3,GroupC,0.0,0,Small,Class_C
790,28.910523646743556,5.856519973529872,81,,GroupA,0.0,0,Large,Class_C
791,6.602591764688959,43.26095261438313,60,Type1,GroupC,0.0,1,Large,Class_A
792,69.89318060049422,19.70221733843835,58,Type3,GroupC,1.0,0,Medium,Class_B
793,26.172729837345997,25.21453910153279,62,Type2,GroupC,1.0,0,Medium,Class_C
794,21.996422030630402,27.77360828692526,34,Type3,GroupD,1.0,1,Large,Class_A
795,33.01649819056707,46.85279823398283,93,Type2,GroupC,0.0,0,Large,Class_B
796,23.5582934100345,39.90243721100064,3,Type1,GroupB,1.0,0,Medium,Class_B
797,37.23207145562518,14.54373525394404,5,Type1,GroupD,1.0,0,Medium,Class_A
798,25.824600705695055,6.296394223955037,11,Type2,GroupA,0.0,1,Medium,Class_C
799,54.077408376929846,2.288855824664365,23,Type2,GroupB,0.0,0,Small,Class_B
800,31.350287162793222,7.126618732747902,14,Type2,GroupC,0.0,0,Medium,Class_C
801,31.98634996499522,2.0364183947882974,15,Type3,GroupD,0.0,1,Small,Class_C
802,78.69373860571527,22.55167626680439,8,Type1,GroupD,0.0,0,Medium,Class_B
803,67.94375870971443,3.314307118169213,22,Type2,GroupC,1.0,1,Small,Class_B
804,41.816717657905635,1.6158068599913977,47,Type1,GroupD,1.0,0,Medium,Class_A
805,,34.786734541340685,82,Type1,GroupA,0.0,0,Large,Class_B
806,71.62817903686202,39.17235132973755,9,Type3,GroupD,1.0,0,Medium,Class_A
807,48.38940889902552,34.6060134697796,43,Type3,GroupA,1.0,0,Large,Class_B
808,81.98049624009855,43.60932206788083,71,Type2,GroupD,1.0,0,Small,Class_A
809,43.043415126720284,47.680846573715776,55,Type1,GroupA,1.0,0,Medium,Class_B
810,95.11172689741173,45.01407839419677,25,Type2,GroupA,0.0,0,Medium,Class_A
811,52.273347069023515,9.201566072540679,72,Type1,GroupA,0.0,0,Large,Class_B
812,45.082135823527345,31.379240261955605,9,Type1,GroupD,1.0,0,Large,Class_A
813,69.08871342731715,39.095825562058536,8,Type1,GroupB,1.0,0,Small,Class_A
814,88.29314242047127,11.489676745783479,86,Type2,GroupC,0.0,0,Large,Class_B
815,8.249115739448564,13.027835102531233,99,Type3,GroupC,0.0,0,Large,Class_C
816,19.22512136576746,18.420766425153694,45,Type3,GroupD,1.0,0,Small,Class_B
817,47.79104138064439,14.297222399193526,20,Type1,GroupC,1.0,0,Medium,Class_A
818,26.79806467630238,48.904002721587986,26,Type2,GroupA,1.0,1,Large,Class_B
819,61.16872505440336,36.405002049540926,5,Type2,GroupB,0.0,1,Large,Class_A
820,96.83663380909125,49.227370268919415,56,Type3,GroupC,1.0,0,Small,Class_B
821,16.572153908027754,37.94814356704963,77,Type1,GroupA,1.0,0,Medium,Class_B
822,66.58103711741167,43.51559383821007,90,,GroupD,1.0,1,Small,Class_A
823,87.28891770899828,1.1125035394147276,58,Type2,GroupC,1.0,1,Small,Class_B
824,80.58141413843917,17.878176308974275,38,Type3,GroupC,1.0,0,Large,Class_A
825,19.787804445437462,3.8915932234511175,74,Type2,GroupA,1.0,0,Small,Class_C
826,49.535879961101216,16.18503142592649,99,Type1,GroupA,0.0,1,Small,Class_C
827,74.02184737380864,46.47185654481334,75,Type1,GroupC,0.0,1,Medium,Class_A
828,46.71097636639354,49.851260005047095,40,Type3,GroupB,1.0,1,Large,Class_A
829,41.58495781047179,35.93852960225414,67,Type1,GroupB,0.0,1,Small,Class_B
830,68.31989234501596,2.364644785457287,51,Type1,GroupB,0.0,0,Medium,Class_B
831,4.427872014890866,1.0738826926200762,3,Type1,GroupA,1.0,1,Medium,Class_B
832,10.969431411689746,7.817369795204387,8,Type2,GroupC,1.0,1,Medium,Class_C
833,87.10007594781504,26.086673188143912,8,Type2,GroupD,1.0,1,Small,Class_B
834,47.3307347791164,43.3291334397395,68,Type3,GroupD,1.0,1,Small,Class_C
835,12.817755253055306,24.9375693074942,95,Type1,GroupB,1.0,0,Small,Class_B
836,80.63554769639376,14.724442280943995,32,Type2,GroupC,1.0,0,Medium,Class_A
837,15.722874792735608,34.918276187915154,75,Type3,GroupA,0.0,0,Large,Class_B
838,78.84395829780001,0.338400743912598,98,Type3,GroupB,0.0,1,Medium,Class_B
839,74.85268929648157,26.91218250085085,83,Type2,GroupA,1.0,1,Medium,Class_A
840,44.543641034494684,19.100005441181057,59,Type1,GroupC,0.0,1,Medium,Class_C
841,79.65990140102431,7.259365363876169,22,Type1,GroupC,1.0,1,Small,Class_B
842,45.294022574855596,49.7477677397256,18,Type2,GroupA,0.0,0,Large,Class_A
843,66.68572084849345,7.6278781028416285,42,Type2,GroupC,1.0,0,Small,Class_C
844,80.95549954442856,49.392143812784575,4,Type2,GroupD,1.0,0,Large,Class_A
845,47.32449104663951,13.990546295912804,27,Type1,GroupC,1.0,0,Medium,Class_A
846,,6.669855633099353,90,Type1,GroupB,0.0,1,Large,Class_A
847,85.2267382876756,36.39783141058244,35,Type1,GroupD,0.0,1,Small,
848,36.634085143731056,34.83250011782147,54,Type3,GroupC,1.0,1,Small,Class_B
849,6.620928718031682,39.348157248291336,12,Type2,GroupD,1.0,0,Small,Class_C
850,,10.600948088221196,28,Type2,GroupD,0.0,1,Large,Class_A
851,15.623700029170962,45.34814737790781,96,Type2,GroupD,0.0,1,Medium,Class_B
852,98.26527581156738,21.614146675199137,22,Type2,GroupA,1.0,0,Medium,Class_A
853,10.069861991398366,26.271044596896132,95,Type1,GroupB,0.0,0,Large,Class_A
854,74.86867281965982,32.911301982623016,87,Type2,GroupA,1.0,0,Small,Class_C
855,23.755321153395915,45.538861354933815,94,Type2,GroupD,0.0,0,Small,Class_C
856,69.04235370762837,3.982090850901976,19,Type1,GroupD,1.0,0,Medium,Class_B
857,46.74320307959877,29.969173997993753,88,Type1,GroupA,0.0,1,Large,Class_B
858,38.96868211281153,11.498254912930971,87,Type3,GroupD,1.0,0,Medium,Class_C
859,66.91018448141467,47.71487305125814,70,Type1,GroupB,1.0,1,Small,Class_A
860,48.86561796738567,0.6713634692866011,4,Type2,GroupD,0.0,0,Large,Class_B
861,81.30036947853101,34.1138370793513,6,Type3,GroupD,1.0,1,Large,Class_A
862,23.650726284747048,4.514297149959573,55,Type3,GroupB,0.0,0,Small,Class_C
863,18.822712804092202,0.2583467312311738,43,Type1,GroupA,0.0,0,Small,Class_A
864,,15.510991518335176,51,Type1,GroupB,1.0,0,Large,Class_A
865,36.166590521656204,40.14117247779977,62,Type2,GroupA,0.0,0,Large,Class_B
866,83.43747751380451,14.794616049640192,15,Type1,GroupD,1.0,1,Small,Class_A
867,93.99639631000231,48.03188450745786,21,Type1,GroupA,0.0,0,Large,
868,67.5661457172141,30.726068711357623,45,Type2,GroupA,0.0,1,Medium,Class_A
869,50.832378424103894,43.970357989210854,32,Type1,GroupC,0.0,1,Small,Class_B
870,57.0480303272611,32.85255353791447,31,Type2,GroupB,0.0,0,Medium,Class_C
871,32.53999512735467,36.270434342086254,40,Type2,GroupB,1.0,1,Large,Class_B
872,75.3335150765777,14.71449289906212,38,Type1,GroupB,0.0,1,Large,Class_A
873,79.98853852623881,30.074984667702655,29,Type2,GroupD,1.0,1,Large,Class_B
874,12.54443678152951,49.597766453889,29,Type3,GroupD,0.0,0,Small,Class_B
875,34.43383569867214,19.128635216239243,39,Type2,GroupA,0.0,1,Small,Class_C
876,28.73940264471334,12.85002857719636,45,Type1,GroupA,1.0,0,Medium,Class_A
877,85.51358297389443,18.033525670848334,91,Type2,GroupA,1.0,1,Large,Class_B
878,86.7795433398685,35.97629380229784,55,Type3,GroupD,0.0,1,Medium,Class_B
879,84.17059183201307,5.9997688731044665,35,Type2,GroupB,1.0,0,Medium,Class_C
880,85.7762421537859,41.67729001678539,40,Type3,GroupA,1.0,1,Medium,Class_A
881,83.51385040092467,9.603405140975946,68,Type3,GroupC,1.0,0,Large,Class_B
882,44.408549345621054,29.47760492726634,53,Type2,GroupC,0.0,1,Large,Class_B
883,66.10705030546626,5.96413841171402,92,Type1,GroupA,0.0,1,Small,Class_C
884,9.407740097289864,17.064189315870436,5,Type1,GroupB,1.0,1,Medium,Class_A
885,51.44703775649817,11.884415872197412,37,Type3,GroupA,1.0,1,Medium,Class_C
886,74.54231708278093,33.17739345407954,50,Type2,GroupA,1.0,0,Small,Class_A
887,27.01337733924958,29.56463646078277,40,Type1,GroupA,1.0,0,Medium,Class_A
888,34.20648825033859,14.450017270153454,90,Type2,GroupB,,1,Medium,Class_C
889,73.81918188957924,42.83774664115345,24,Type2,GroupB,0.0,1,Small,Class_A
890,20.095995927051003,48.325519186065065,96,Type1,GroupD,1.0,0,Medium,Class_B
891,17.8970634042248,28.455552419967606,35,Type2,GroupA,0.0,1,Small,Class_C
892,24.419741295028285,2.919924956894848,94,Type2,GroupB,1.0,1,Medium,Class_C
893,36.829323075962385,35.2878479480897,65,Type3,GroupC,0.0,0,Large,Class_B
894,90.12948737012397,49.721948079164235,27,Type3,GroupC,0.0,0,Small,Class_C
895,70.68054426411851,46.3385815320345,61,Type1,GroupA,0.0,0,Large,Class_A
896,81.55189199562986,8.881963719647047,66,Type3,GroupC,0.0,1,Small,Class_C
897,87.9488461124491,14.014024881076342,27,Type3,GroupC,0.0,0,Medium,Class_B
898,38.53881628940841,17.855941395037927,94,Type3,GroupC,1.0,1,Medium,Class_B
899,81.3929861733148,17.55075995614223,66,Type2,GroupC,1.0,0,Medium,Class_A
900,28.803117086148312,19.04384121459019,95,Type3,GroupD,0.0,1,Medium,Class_C
901,,34.273251551991656,17,Type2,GroupA,1.0,0,Medium,Class_B
902,53.898713395660856,7.48703432876256,6,Type2,GroupC,1.0,1,Medium,Class_C
903,84.1487526140571,16.045659805023853,64,Type1,GroupA,0.0,1,Medium,Class_B
904,81.99561907299152,33.554394420882936,26,Type1,GroupD,0.0,0,Small,Class_A
905,93.60493505292065,2.6622148459230166,59,Type3,GroupA,0.0,1,Small,Class_B
906,58.662738978101956,29.65098979297919,70,Type2,GroupD,0.0,1,Medium,Class_B
907,84.85274673493991,30.103267504088638,48,Type3,GroupB,0.0,0,Large,Class_B
908,95.88396315924443,8.745176332094552,46,Type3,GroupA,0.0,0,Large,Class_B
909,30.827232087420377,44.519047828742266,9,Type2,GroupA,0.0,1,Medium,Class_C
910,7.836043411352566,32.91482241883757,16,Type3,GroupB,0.0,1,Medium,Class_C
911,16.759015949730593,5.628220231608538,98,Type2,GroupB,1.0,0,Large,Class_B
912,34.84070748735786,21.287873074453355,86,Type2,GroupD,,0,Large,Class_A
913,32.63278101460861,48.73650384408499,87,Type1,GroupD,1.0,1,Medium,Class_A
914,9.801143744997209,48.631052153585216,94,Type3,GroupB,0.0,1,Large,Class_A
915,,46.09330564047189,73,Type2,GroupB,1.0,0,Medium,Class_A
916,60.188016869696824,41.0692920841023,33,Type3,GroupD,1.0,0,Large,Class_A
917,85.13719802720418,13.758075865391795,15,Type1,GroupB,1.0,1,Medium,Class_A
918,3.3102797316699184,42.41311542763133,59,Type1,GroupB,1.0,0,Large,
919,36.72682788114131,26.20268126885022,29,Type2,GroupB,0.0,1,Small,Class_C
920,40.34264441508988,42.57254052722862,92,Type2,GroupD,0.0,0,Small,Class_C
921,35.381816621760024,40.286371213099734,13,Type1,GroupB,0.0,0,Small,Class_A
922,88.17899731371688,41.21606155288075,86,Type3,GroupB,0.0,1,Small,Class_B
923,,2.131959227676772,27,Type3,GroupC,1.0,0,Medium,Class_B
924,,37.09306975014881,89,Type2,GroupA,0.0,1,Medium,Class_C
925,98.93589306798567,28.485676161649405,85,Type1,GroupB,1.0,1,Medium,Class_A
926,30.270262076761114,5.366246370502193,45,Type2,GroupB,1.0,0,Small,Class_B
927,27.094812729849004,31.07460265866796,22,Type2,GroupB,1.0,0,Medium,Class_B
928,27.141117630122835,49.89158632247282,45,Type1,GroupA,0.0,0,Large,Class_A
929,4.318073043024906,14.528846681070846,18,Type1,GroupB,0.0,1,Small,Class_C
930,79.89598856902512,44.07506524228871,24,Type1,GroupC,0.0,1,Small,Class_A
931,31.89982413415976,23.255418506748725,79,Type1,GroupD,1.0,1,Large,Class_A
932,99.81999131740763,33.58391976056102,62,Type2,GroupD,0.0,1,Medium,Class_B
933,6.816843543588725,26.92559220466656,22,Type3,GroupD,1.0,1,Large,Class_B
934,56.218014395061644,29.341126220556273,49,Type1,GroupB,0.0,0,Large,Class_A
935,65.55740252966466,29.375701167473707,1,Type1,GroupD,1.0,0,Large,
936,64.73977160087387,26.84376051235332,91,Type3,GroupA,1.0,1,Small,Class_B
937,28.470895529139096,34.30448072477854,13,Type2,GroupD,1.0,0,Large,Class_B
938,,38.40312584469853,6,Type2,GroupC,1.0,0,Medium,Class_A
939,86.97308990476863,18.743398808843747,60,Type2,GroupA,0.0,0,Small,
940,6.268032610159691,3.5320090085134814,17,Type1,GroupD,0.0,0,Small,Class_C
941,35.74665996805263,11.172042077966132,10,Type1,GroupB,0.0,0,Medium,Class_A
942,,8.950490686715712,55,Type1,GroupA,0.0,0,Small,Class_B
943,72.21997969982719,20.355660036630358,16,Type2,GroupB,1.0,0,Medium,Class_C
944,24.999396778936678,36.59823652760586,83,Type3,GroupA,0.0,0,Small,Class_C
945,81.24301004220393,39.42618619822965,12,Type3,GroupA,1.0,1,Small,Class_B
946,64.49519082100726,30.597420888454746,5,Type2,GroupB,1.0,1,Small,Class_B
947,9.551170287273802,8.080823327637216,22,Type2,GroupB,0.0,1,Small,Class_B
948,65.80165497383048,45.038727994730465,77,Type1,GroupC,1.0,0,Medium,Class_A
949,68.96020472395209,38.997817277019614,75,Type1,GroupC,1.0,0,Large,Class_A
950,68.42876135447356,37.25636552275829,36,,GroupD,1.0,1,Large,Class_A
951,61.074647840601905,30.941594334897932,11,Type1,GroupB,0.0,1,Large,Class_A
952,75.88953847857415,11.693536204697219,27,Type3,GroupB,0.0,0,Large,Class_B
953,40.12720207076117,37.9300869433609,73,Type3,GroupB,1.0,0,Large,Class_A
954,21.33750888064605,39.46882884979684,13,Type1,GroupC,0.0,1,Small,Class_C
955,89.00531223975159,6.38079814426934,50,Type3,GroupC,0.0,1,Large,Class_B
956,54.15394137246155,17.561409304803917,62,Type1,GroupB,0.0,1,Large,Class_A
957,22.683592602045366,8.702140836887112,89,Type2,GroupD,0.0,1,Medium,Class_B
958,,0.2752843079430689,66,Type3,GroupD,1.0,1,Small,Class_C
959,85.59402943274823,5.623430080026876,62,Type2,GroupB,0.0,0,Large,Class_B
960,16.837029289595982,3.4430946429301725,11,Type1,GroupB,1.0,0,Large,Class_B
961,81.99555341942298,16.555618893957696,77,Type2,GroupA,1.0,1,Large,Class_A
962,,15.955507944334595,28,Type1,GroupB,0.0,1,Small,Class_B
963,74.37223752010773,20.824412404906877,10,Type1,GroupC,1.0,1,Small,Class_A
964,89.84882460275789,26.38193287162858,36,Type1,GroupA,0.0,1,Large,Class_A
965,55.31066112469677,2.4130811376891605,35,Type2,GroupD,1.0,0,Small,Class_C
966,3.047522920825929,27.37686276217588,5,Type3,GroupB,1.0,1,Small,Class_C
967,30.13770714132271,37.91450112572649,95,Type1,GroupB,1.0,1,Small,Class_A
968,11.815588511613695,32.121401312765904,60,Type3,GroupC,0.0,1,Small,Class_C
969,78.85527521428905,2.5128166972587183,7,Type2,GroupA,0.0,1,Medium,Class_C
970,74.95639119388014,33.47654673691917,88,Type1,GroupD,1.0,1,Small,Class_A
971,10.439727760894247,11.39224624653838,27,Type3,GroupC,0.0,1,Large,Class_C
972,12.616651750215125,10.164976639142132,29,Type3,GroupA,1.0,0,Large,Class_B
973,13.033081904165966,4.199148742591364,61,Type1,GroupD,0.0,0,Small,Class_C
974,34.88753766732155,37.10803465475033,86,Type1,GroupA,0.0,0,Medium,Class_A
975,16.035822594680294,37.059449773924854,75,Type3,GroupC,1.0,1,Large,Class_A
976,47.08644818729507,21.873626690957536,61,Type3,GroupA,0.0,0,Large,Class_C
977,2.999552147885709,5.211574000489266,18,Type1,GroupD,1.0,0,Large,Class_A
978,74.98555302019618,16.043688648991385,93,Type2,GroupA,0.0,1,Medium,Class_C
979,51.333091726957136,4.003877834557001,5,Type1,GroupB,1.0,1,Medium,Class_A
980,75.32052620557918,46.1239351348095,96,Type3,GroupB,1.0,1,Medium,Class_A
981,47.723792590160826,46.72917598187779,25,Type2,GroupA,0.0,1,Large,Class_C
982,6.539772195021687,40.344744405021224,30,Type1,GroupB,0.0,0,Small,Class_A
983,23.12925999545371,6.446691893497541,70,Type1,GroupD,1.0,1,Medium,Class_B
984,7.103739478698379,8.08028319235105,85,Type1,GroupC,0.0,0,Large,Class_B
985,14.851279764686232,34.62648200500807,19,Type3,GroupD,,0,Small,Class_C
986,63.122762122242385,22.566963357724106,6,Type1,GroupC,0.0,0,Small,Class_A
987,74.49688957721105,8.866977123763059,23,Type3,GroupD,1.0,1,Small,Class_B
988,8.895888116791163,12.723784529977673,48,Type2,GroupA,1.0,1,Medium,Class_C
989,2.5568085987427436,27.008404603378466,31,Type2,GroupB,0.0,0,Medium,Class_C
990,72.64506550189583,18.2793423889878,43,Type3,GroupC,0.0,0,Small,Class_C
991,24.06600687646042,25.932707816172556,89,Type3,GroupA,1.0,1,Large,Class_B
992,90.53988956199731,41.847863958475926,14,Type1,GroupB,0.0,1,Large,
993,31.94790203082869,0.015430390390303028,41,Type1,GroupC,0.0,0,Medium,Class_C
994,33.555171432729914,3.124802238067442,61,Type3,GroupB,1.0,0,Small,
995,8.584804445602167,0.5347549246359273,2,Type2,GroupC,1.0,0,Medium,Class_B
996,85.24139368883557,24.36469820130707,78,Type1,GroupA,0.0,1,Large,Class_B
997,68.01562560184452,40.36835252946604,16,,GroupB,0.0,1,Large,Class_A
998,34.890090209165436,11.237840400561556,33,Type2,GroupD,0.0,1,Large,Class_B
999,82.80016853603392,11.094399443310666,54,Type2,GroupD,0.0,0,Large,Class_A
1000,86.21843295438116,17.012445125421443,45,Type2,GroupA,1.0,1,Small,Class_A
