id,feature_1,feature_2,feature_3,category_1,category_2,date_feature,binary_feature,ordinal_feature,target
1,,45.835562378483935,5,C,X,2024-01-01 00:00,0,Medium,156.58896298301727
2,82.66387867818922,37.3752115985878,2,A,Y,2024-01-01 01:00,0,Low,65.12472355382039
3,26.739275196587432,38.809733165978685,9,D,Z,2024-01-01 02:00,0,Medium,123.84332600158163
4,79.75473037697822,30.078194219263523,9,C,X,2024-01-01 03:00,1,Medium,141.36168082231632
5,34.446308029346675,26.322859048469248,3,B,Z,2024-01-01 04:00,1,High,96.09393818430352
6,37.120709511324144,18.717231781136512,4,D,X,2024-01-01 05:00,0,Medium,93.21885781113643
7,56.49292351742545,49.97315782071326,7,B,Z,2024-01-01 06:00,1,High,152.9096770231011
8,10.875896210149472,31.638348150172423,1,A,Y,2024-01-01 07:00,1,Low,72.76586763278382
9,15.484235484233345,8.860312999154324,7,A,X,2024-01-01 08:00,0,High,78.21057382478975
10,91.54458406770011,20.978342106827192,6,A,Z,2024-01-01 09:00,0,Low,90.24738268570728
11,38.4112764654116,25.834897010143155,9,C,Y,2024-01-01 10:00,1,Medium,121.54590266398397
12,80.09173139917993,46.25636342748458,8,B,X,2024-01-01 11:00,1,Medium,148.5699514645604
13,12.170636098977605,21.766391674670505,3,A,X,2024-01-01 12:00,0,High,69.34043525577815
14,72.98706768653055,20.328545179332558,8,D,X,2024-01-01 13:00,0,Medium,131.88723078634774
15,56.94360546766896,41.57581941905117,4,B,Y,2024-01-01 14:00,1,Low,94.49473382725799
16,79.71567375495492,28.150716030684176,3,C,Z,2024-01-01 15:00,0,Low,103.08932747696942
17,22.2510029856662,42.784258494017756,4,B,X,2024-01-01 16:00,0,Low,86.97754138186484
18,98.93058842327423,2.713688285112542,5,B,Y,2024-01-01 17:00,1,Low,89.4919797221439
19,31.9312049118049,2.9133751794205907,5,D,Z,2024-01-01 18:00,0,Medium,67.20902780157557
20,45.89846721084905,31.789506798129256,5,D,X,2024-01-01 19:00,1,Low,113.3922049053357
21,22.195349774528296,41.94599441800448,8,A,Y,2024-01-01 20:00,1,Low,84.02810999840158
22,31.873571473805164,47.37432345112706,2,B,Z,2024-01-01 21:00,0,High,109.66678113076446
23,96.95504672261622,27.893257500008943,6,A,Y,2024-01-01 22:00,1,Low,101.0516282493946
24,43.339288089128345,2.2340972561974426,2,D,X,2024-01-01 23:00,0,Low,71.35622471411024
25,6.070076699129734,10.311118727997137,5,B,Y,2024-01-02 00:00,1,High,77.57705747551103
26,49.068607495165615,43.53155491758462,1,B,Y,2024-01-02 01:00,0,High,131.9651159291171
27,86.54433934677702,43.397304419616916,5,A,X,2024-01-02 02:00,0,Medium,113.07735180588232
28,64.04932160518683,14.739642741936049,9,B,Z,2024-01-02 03:00,0,Low,62.00961362880413
29,48.8336246658494,19.033324096342792,4,D,Z,2024-01-02 04:00,0,High,124.49989208720585
30,92.28935393450011,18.67019525039042,2,D,Y,2024-01-02 05:00,1,High,141.44476828218305
31,49.664359649272015,23.834140274914535,5,A,Y,2024-01-02 06:00,1,Medium,92.02149076328456
32,4.337843079752368,40.74442901042527,8,C,X,2024-01-02 07:00,0,Medium,94.54142095433696
33,39.427534652856735,13.741647581006312,9,C,Z,2024-01-02 08:00,0,Medium,108.07401483516205
34,91.01285382873199,25.245233566393438,4,B,X,2024-01-02 09:00,1,High,132.20812124792744
35,10.89059408488331,33.583506545563615,3,A,Z,2024-01-02 10:00,0,Medium,76.1783279793054
36,61.703403828025735,6.7848370783221865,6,C,X,2024-01-02 11:00,0,High,129.45307663903301
37,48.911942241925175,16.578714049909927,4,B,Y,2024-01-02 12:00,0,High,96.95183794565791
38,70.54261045860277,27.904691296021205,9,C,X,2024-01-02 13:00,1,High,134.82685056683715
39,18.348705647120468,18.41860578076091,7,D,Y,2024-01-02 14:00,1,High,129.19061000221785
40,96.69657840675879,31.79188756498117,2,B,X,2024-01-02 15:00,0,High,111.61063099776264
41,71.29337580944605,46.505798147546116,2,C,Y,2024-01-02 16:00,0,Medium,119.02810279932444
42,38.06794637076313,10.3341637096033,4,B,Z,2024-01-02 17:00,1,Low,78.45986910481105
43,19.02598568706392,33.48478898699911,1,A,X,2024-01-02 18:00,0,Low,50.24034019092733
44,7.573194531852789,37.78244118153368,8,C,Y,2024-01-02 19:00,1,High,114.59565858196251
45,3.1350364057953106,7.69186566874836,2,D,Y,2024-01-02 20:00,1,High,86.62609409139803
46,7.2989936874434225,7.038203720410413,6,A,X,2024-01-02 21:00,0,Low,31.77129876440976
47,88.3428465303901,22.250432979701202,1,C,Y,2024-01-02 22:00,1,High,127.09613360101417
48,76.74728783068839,29.18827172046617,1,A,X,2024-01-02 23:00,0,High,109.1775752291586
49,12.46445314807878,24.16123448812903,4,D,Y,2024-01-03 00:00,0,Low,78.33663297303637
50,85.77624182302834,2.359280556539761,5,A,Z,2024-01-03 01:00,1,Medium,81.368193846071
51,45.41207547659315,26.459567528828316,3,C,Z,2024-01-03 02:00,1,Low,71.43462031457956
52,87.72747338503896,48.68262378253069,5,C,Y,2024-01-03 03:00,0,High,162.9589513542356
53,52.96502012126116,,2,B,Y,2024-01-03 04:00,0,Medium,103.4362166090278
54,34.66265914454325,19.36002886699025,8,A,X,2024-01-03 05:00,1,Medium,87.8465630093315
55,14.381724137727424,16.573491950451746,9,B,X,2024-01-03 06:00,1,High,99.91788120434524
56,42.63092640758125,30.058383467636784,3,,Z,2024-01-03 07:00,1,Medium,98.73656224963132
57,11.255063861783455,28.82775308106594,5,B,Z,2024-01-03 08:00,1,Low,71.80353664158375
58,57.24683945842559,35.31968996069444,8,A,X,2024-01-03 09:00,1,Medium,106.48290904225512
59,82.31428110985401,34.44808562231819,6,A,Z,2024-01-03 10:00,0,High,118.58729367676585
60,37.34862742119146,10.748283047706247,4,D,X,2024-01-03 11:00,1,High,112.47421511454343
61,26.47582879823993,49.595199430036374,3,A,Z,2024-01-03 12:00,0,Low,60.598540589162454
62,24.256314175612825,13.510552218143218,1,B,X,2024-01-03 13:00,1,High,86.91419669251444
63,6.618747595699192,3.38666259443689,5,A,X,2024-01-03 14:00,0,Low,33.04482345286752
64,66.20338010128944,4.9335412227791755,9,C,Z,2024-01-03 15:00,0,High,127.24604148133648
65,19.851842839535717,31.770671768851873,1,D,X,2024-01-03 16:00,1,Medium,90.24020391096684
66,81.10316993856512,2.033933714443481,8,D,Z,2024-01-03 17:00,1,Low,97.0363433755165
67,73.39760931392618,31.387936658283984,4,B,Y,2024-01-03 18:00,0,High,126.8491975583059
68,72.78955745497785,23.89614952315437,3,A,Y,2024-01-03 19:00,1,High,124.20558202036632
69,75.20362526742804,24.74095874343987,1,A,X,2024-01-03 20:00,0,High,77.6002754776037
70,11.895355047755253,6.195872874801861,2,,Z,2024-01-03 21:00,1,Medium,80.27232135453413
71,68.09125121235269,25.114434897520294,3,C,Y,2024-01-03 22:00,0,Medium,107.72442088914063
72,2.2458465307844455,49.782208609969665,5,C,X,2024-01-03 23:00,0,Medium,120.62838259376952
73,14.447768762932323,15.59523657676814,5,A,Y,2024-01-04 00:00,0,Low,48.31238437167783
74,30.310152945132586,8.187231815137997,4,D,Y,2024-01-04 01:00,0,Medium,67.63383873826159
75,53.312702775790456,11.712826558815125,9,C,Z,2024-01-04 02:00,0,Medium,120.54530523462249
76,45.620105450651536,38.518935809812746,8,,Z,2024-01-04 03:00,1,Medium,135.8770289597528
77,91.38861361375629,41.175336486010664,5,C,X,2024-01-04 04:00,1,Low,136.6384873202018
78,74.69756406788194,5.03413475115273,1,A,X,2024-01-04 05:00,1,Low,65.20352851051115
79,2.949496826764808,46.411062465214165,3,D,Y,2024-01-04 06:00,1,High,131.44352163078966
80,44.32083946999246,24.20880031001012,6,A,Y,2024-01-04 07:00,0,Medium,99.94220282766705
81,28.365298831656062,38.22162363305628,3,D,Y,2024-01-04 08:00,1,High,134.56456963050098
82,86.23023831051519,32.95802912927838,4,C,X,2024-01-04 09:00,0,Low,126.75315991243913
83,,29.522493345939466,5,B,Y,2024-01-04 10:00,0,Low,89.43273133072981
84,56.548959800473355,30.604065231947914,6,C,Y,2024-01-04 11:00,1,Low,112.98734592564263
85,46.527466828861954,43.33915990387832,8,A,Y,2024-01-04 12:00,0,Medium,121.10418729687886
86,28.36508089996581,25.163854819667918,4,D,Z,2024-01-04 13:00,0,High,118.97992625770405
87,13.729005266635209,44.540903060098,9,B,X,2024-01-04 14:00,0,Low,103.00761720140954
88,29.3665340127637,21.914482060343342,9,C,X,2024-01-04 15:00,0,Medium,98.24516076032802
89,30.382361758699574,5.621591415103527,8,C,X,2024-01-04 16:00,0,High,101.48392167956236
90,25.112114502346905,36.1101931766571,3,A,Z,2024-01-04 17:00,0,Medium,86.47045362125013
91,45.21005069357501,10.38585674751773,2,C,Z,2024-01-04 18:00,1,Medium,103.83616106227394
92,36.78878606300253,37.87877788724035,7,C,Y,2024-01-04 19:00,0,Medium,124.08319860344263
93,57.28321694720956,34.91147413969098,9,D,X,2024-01-04 20:00,0,Low,132.3077840628103
94,63.98097083853598,46.37598565325063,3,C,Y,2024-01-04 21:00,0,Low,110.20359547127826
95,7.6105969131331825,12.970307986593077,8,D,X,2024-01-04 22:00,1,Medium,91.87247046582789
96,87.84951362380671,21.768859346458232,5,C,Z,2024-01-04 23:00,1,High,140.18840139232654
97,59.38131933765733,5.212882533854462,8,C,Z,2024-01-05 00:00,0,Medium,93.8824424843999
98,29.307493509418357,46.58610805637383,2,D,Z,2024-01-05 01:00,0,Low,108.4184278348089
99,8.353948485807628,31.21322646325536,8,C,Z,2024-01-05 02:00,1,Low,83.00441706136716
100,49.11848994045559,16.690359119781384,5,D,Z,2024-01-05 03:00,1,Medium,93.01376314321735
101,16.577261637915374,23.180287941622236,7,A,X,2024-01-05 04:00,1,High,100.15911142285654
102,54.22964949044848,35.84336633065213,3,D,Y,2024-01-05 05:00,0,Low,105.83108673994653
103,28.480001784921317,3.8022425204478125,2,C,Z,2024-01-05 06:00,0,Low,59.49288956156141
104,47.590723040923834,44.7970532179356,7,A,X,2024-01-05 07:00,1,High,139.94868433066048
105,37.434995668831725,12.478599270838547,3,B,Y,2024-01-05 08:00,1,High,97.80412762996566
106,43.84156871334558,6.362568652229184,1,B,Y,2024-01-05 09:00,1,High,86.09649199047087
107,8.885646245287104,30.703585761677676,7,D,X,2024-01-05 10:00,1,Low,99.59950313412787
108,64.91746027252249,30.73556610822109,3,B,X,2024-01-05 11:00,0,Low,88.98829725376758
109,26.370784395522783,0.08691034156708133,5,D,X,2024-01-05 12:00,1,Medium,88.66988734205268
110,83.7035530189314,18.624422390690093,8,A,Y,2024-01-05 13:00,0,Medium,100.74889220274798
111,24.74249965937958,10.539674690051987,6,C,Y,2024-01-05 14:00,0,High,110.01226232716661
112,28.703853936551717,10.637548364935862,1,C,Z,2024-01-05 15:00,1,Medium,84.34521990730855
113,7.506203991810834,,3,C,Y,2024-01-05 16:00,1,Medium,87.37890715613052
114,69.32784704061324,36.93032684529474,7,B,Y,2024-01-05 17:00,1,Low,110.0476842273645
115,10.445288239045269,28.054713726720443,6,C,X,2024-01-05 18:00,0,Low,77.2309849024355
116,99.19114283101963,33.770366566869356,8,,X,2024-01-05 19:00,1,High,144.56770819908226
117,85.20167085197788,40.78905860469099,6,D,Y,2024-01-05 20:00,1,High,176.24061476028734
118,49.32247811210565,38.2767139902587,2,B,X,2024-01-05 21:00,1,High,120.69641504254834
119,23.987563701362536,49.56655105617943,7,C,Y,2024-01-05 22:00,1,Medium,126.94021225265234
120,8.308261196208989,25.685095513722377,1,D,Y,2024-01-05 23:00,1,High,102.60650251488653
121,7.401630196675779,45.636970743654274,9,B,X,2024-01-06 00:00,0,High,112.85867837789365
122,1.1549162289681503,7.863150039892341,6,A,X,2024-01-06 01:00,0,High,66.46624546761342
123,54.14416879886112,33.82762113437086,5,C,Y,2024-01-06 02:00,0,Medium,100.87978239775924
124,26.22144003585001,,7,C,X,2024-01-06 03:00,1,High,110.5819067535758
125,44.99158735894668,,2,D,Z,2024-01-06 04:00,1,Medium,121.98272711227156
126,63.18495341825434,36.471771655235045,5,A,Z,2024-01-06 05:00,0,Low,88.42184508817725
127,63.46070416172467,6.495817911921758,5,B,X,2024-01-06 06:00,1,High,103.40423679836114
128,46.13036155723525,8.81565538551925,8,B,Z,2024-01-06 07:00,0,Low,76.57088420877638
129,20.42390213507875,24.863665047181183,3,C,X,2024-01-06 08:00,1,High,112.76401936446483
130,88.90038168525003,48.46861726190409,2,A,Y,2024-01-06 09:00,0,High,135.58222771849665
131,9.743007222181333,10.384950553847311,9,D,Z,2024-01-06 10:00,0,High,110.80939759925792
132,38.85935651301455,16.558249189499673,8,B,X,2024-01-06 11:00,0,High,102.82391163752553
133,78.97323066815026,25.121349430341528,1,D,Y,2024-01-06 12:00,0,Low,105.48360729328675
134,50.08502529902332,,4,D,Y,2024-01-06 13:00,1,Medium,118.84399865535822
135,28.103138588543043,11.28988318669747,5,B,Y,2024-01-06 14:00,0,Medium,69.07639431359338
136,80.76222703000882,,2,B,X,2024-01-06 15:00,0,Low,81.83971151317992
137,79.43402112311422,10.224092726330152,3,B,Y,2024-01-06 16:00,1,Low,91.52176664648867
138,53.151782776388465,37.037477626526474,3,A,Z,2024-01-06 17:00,1,Medium,109.26421745810472
139,30.039281306463995,22.53895829925834,7,D,Y,2024-01-06 18:00,0,Medium,102.05075844918028
140,83.07083919962601,9.559213609986529,1,A,Z,2024-01-06 19:00,0,High,101.65473192899583
141,15.836965288057636,42.92000881096348,5,,Z,2024-01-06 20:00,0,High,121.73803781577452
142,90.85289417778071,10.35758605632575,6,C,Z,2024-01-06 21:00,0,High,115.98262329271518
143,68.00510237604188,37.93217148481595,1,B,X,2024-01-06 22:00,0,Medium,114.81839414230868
144,,6.648408430318581,2,C,Y,2024-01-06 23:00,0,Low,50.84257740688794
145,,21.279805459603303,7,C,Z,2024-01-07 00:00,0,Low,113.54036997273239
146,69.70685820758476,35.60697848920113,3,D,Y,2024-01-07 01:00,0,Low,121.69598089479165
147,70.47645305596527,15.097406059611446,1,B,Z,2024-01-07 02:00,1,Low,84.8904287753992
148,19.651933613373906,28.163793834258332,6,A,Y,2024-01-07 03:00,0,Medium,68.09817957728555
149,55.23549887870669,25.399763379705327,8,A,Z,2024-01-07 04:00,1,Low,98.3463408303556
150,83.9618459333164,0.8694040708094819,5,C,Z,2024-01-07 05:00,0,Medium,94.29730595252563
151,71.59614751412772,12.706006964564825,3,A,Z,2024-01-07 06:00,0,Low,64.046364465226
152,15.017555662687753,0.74634316979445,2,B,Y,2024-01-07 07:00,0,Low,36.24971629014425
153,30.709740918424522,1.5637006117461438,3,D,X,2024-01-07 08:00,0,High,107.75623167163884
154,8.227605872158772,19.477438195557912,1,,Y,2024-01-07 09:00,1,High,97.49435358510163
155,13.75302242683054,20.233856017320967,5,A,Y,2024-01-07 10:00,0,High,71.87196478042688
156,35.182182211619676,45.787490427136,9,B,Z,2024-01-07 11:00,0,Medium,99.11045704296687
157,35.04870931483425,46.189234992803755,3,D,Z,2024-01-07 12:00,0,Low,101.34490692772984
158,93.17803209532573,11.939672425788483,2,A,X,2024-01-07 13:00,1,Low,107.74531279237499
159,22.049475443680087,26.29913963394619,8,B,X,2024-01-07 14:00,0,Medium,105.99232491707137
160,87.79740468171222,11.238531601741625,8,B,Y,2024-01-07 15:00,0,High,118.48006744728971
161,86.42158424780877,15.137114456988849,1,C,X,2024-01-07 16:00,1,High,146.26123182571268
162,48.18352827984883,19.81625999697548,1,C,Z,2024-01-07 17:00,1,High,126.1166319017526
163,82.47843722063216,27.60671696505331,7,,Z,2024-01-07 18:00,1,Medium,122.70485345912543
164,66.99227271070801,14.946003305072008,2,D,Y,2024-01-07 19:00,1,Medium,143.4568824412108
165,17.312180213989812,8.702915565872987,4,C,Y,2024-01-07 20:00,0,Low,54.41379714567878
166,19.0035362688733,14.828919047744622,5,B,Z,2024-01-07 21:00,0,High,97.61346705842965
167,22.886423221188814,41.0187490547701,8,B,Y,2024-01-07 22:00,0,Medium,85.82305740033067
168,76.27228290965874,30.47324703880474,7,D,Z,2024-01-07 23:00,1,Low,121.36351191254583
169,43.1329009622167,7.688362081219097,8,A,X,2024-01-08 00:00,1,Low,79.47348278915261
170,10.03958612406013,8.86455909642796,5,D,Y,2024-01-08 01:00,1,Low,77.32222036228681
171,85.7598724140951,10.071812587495321,1,C,X,2024-01-08 02:00,0,Medium,107.16539261814688
172,40.754535965705294,32.84337933047175,5,B,Y,2024-01-08 03:00,1,Low,106.15459903995038
173,22.904966136319327,25.407402262751148,4,C,Y,2024-01-08 04:00,1,Low,74.25241809291046
174,37.87724485797956,43.41912191227166,2,A,X,2024-01-08 05:00,0,Medium,85.38667690708688
175,,9.795222361240358,9,D,Z,2024-01-08 06:00,0,Low,108.70319171007665
176,61.04015370301944,9.73663573393696,6,,X,2024-01-08 07:00,0,High,138.40128531605347
177,50.54496694334627,13.61619279490075,6,D,Y,2024-01-08 08:00,1,High,121.68697460159753
178,0.6178311673530668,22.040057923593288,5,A,Y,2024-01-08 09:00,0,Medium,42.850110933334214
179,66.47238667547418,28.12271806209142,7,C,Y,2024-01-08 10:00,1,Low,118.59649692545011
180,57.987847883743704,23.060269619624226,3,B,X,2024-01-08 11:00,1,High,131.63698452581136
181,,39.47974041937489,6,C,Y,2024-01-08 12:00,1,Low,94.43638315055738
182,57.17988721163275,15.982473141755849,6,C,Y,2024-01-08 13:00,1,Low,89.71576386600454
183,38.92686007723621,29.571093917798947,3,A,Y,2024-01-08 14:00,0,Low,55.61460160591284
184,56.2015372832113,13.029625186862305,8,C,X,2024-01-08 15:00,1,Medium,114.31354337594998
185,92.61222415389211,24.749430499183934,1,,X,2024-01-08 16:00,0,Medium,95.96511290334274
186,21.43046927868708,29.80957839968325,4,C,Z,2024-01-08 17:00,0,Medium,91.4032691111829
187,17.54242134924313,28.783306528605145,6,A,Z,2024-01-08 18:00,1,Medium,77.02655592155385
188,86.57169059982249,2.7078551077713673,8,D,Y,2024-01-08 19:00,0,Medium,124.22004370172102
189,90.1290459532785,20.55823995927747,3,B,Z,2024-01-08 20:00,1,High,147.96322227946544
190,90.31869123137149,25.400535221214138,9,D,X,2024-01-08 21:00,0,Medium,159.40087289345422
191,83.25571313998691,46.62003611455356,3,D,Y,2024-01-08 22:00,0,Low,134.4158973837149
192,61.71589652515371,26.732122125290175,6,A,Y,2024-01-08 23:00,0,High,105.67714944126874
193,72.71460179456939,31.023336112348805,1,B,X,2024-01-09 00:00,0,Low,92.62975954931014
194,3.9096864164142375,1.2167510305550522,7,B,Y,2024-01-09 01:00,0,High,60.36599655272232
195,20.410974162490646,40.86272163977427,1,C,Z,2024-01-09 02:00,0,Low,66.79871517804203
196,26.467987996438357,48.02588941660649,9,C,Y,2024-01-09 03:00,0,High,135.32560595533167
197,99.34269237142229,26.378509774459975,4,A,Y,2024-01-09 04:00,0,Low,103.10084550442396
198,92.87884384934482,18.209766287265793,3,D,Z,2024-01-09 05:00,0,Medium,117.34633551791454
199,,9.111299506070559,1,C,X,2024-01-09 06:00,1,Medium,78.72100331705808
200,14.082818916209817,31.45683195938318,2,C,Y,2024-01-09 07:00,1,Medium,80.72470850169162
201,44.55722634950811,31.39845393695645,3,C,Z,2024-01-09 08:00,0,High,124.01030874786706
202,88.14481680217466,24.673381180607834,3,A,Y,2024-01-09 09:00,1,High,128.37113367803286
203,29.806071832774805,40.35776563360321,8,C,Y,2024-01-09 10:00,0,High,144.34157723432173
204,83.16436267637886,32.29102491460078,3,B,X,2024-01-09 11:00,0,High,125.57732184097765
205,16.10485748051894,4.565698179253619,6,A,Y,2024-01-09 12:00,1,Low,59.037019997851615
206,15.218289555049381,,2,B,X,2024-01-09 13:00,1,Medium,48.86934171842955
207,55.06938862710119,47.3917509780366,4,D,Y,2024-01-09 14:00,0,Medium,122.30501157447864
208,11.789532599177877,37.67833383621746,6,B,X,2024-01-09 15:00,0,Medium,83.7045272565341
209,99.57819167368697,10.086448081929117,5,D,Z,2024-01-09 16:00,1,High,142.6634707978919
210,32.25016902676639,2.766879850279241,8,B,Z,2024-01-09 17:00,1,Medium,87.25926227001965
211,0.9223081860140092,12.865981859936765,6,D,X,2024-01-09 18:00,0,Low,81.77091020171092
212,37.78572452493824,33.07644747420022,6,C,Y,2024-01-09 19:00,0,Medium,106.65597681842137
213,35.96893373278739,23.4227002057665,8,A,Y,2024-01-09 20:00,1,Medium,91.44876716764836
214,52.14007216978719,19.81165615664539,4,,X,2024-01-09 21:00,1,High,147.91166449571062
215,54.086684812411654,41.57569689098189,5,C,Z,2024-01-09 22:00,1,High,131.94052009693795
216,23.561262171778985,31.914969773260754,3,C,Y,2024-01-09 23:00,1,Medium,99.11348644175347
217,95.10720364140207,43.5170930320229,2,C,X,2024-01-10 00:00,0,Medium,125.81527576045501
218,54.64618324700115,,2,D,Z,2024-01-10 01:00,0,High,129.16026479793663
219,,18.761219360643523,1,D,Y,2024-01-10 02:00,1,Low,82.00056818390627
220,72.42820295805986,3.297065193224036,7,,X,2024-01-10 03:00,0,High,85.18853715549497
221,1.5329330104573158,12.67819553921693,1,C,Z,2024-01-10 04:00,0,High,71.66031264001997
222,70.39693223892739,32.037789964068416,8,D,Y,2024-01-10 05:00,0,Medium,135.77940239452644
223,61.92457577319816,40.1319181489889,7,C,Y,2024-01-10 06:00,0,High,140.77027810188864
224,30.48341825137121,38.223964870185846,9,C,Y,2024-01-10 07:00,0,Low,88.82647379228001
225,61.04437763327935,27.450960970012282,9,D,Y,2024-01-10 08:00,0,Low,122.02466373551628
226,35.870399853776945,42.888941293214856,2,D,X,2024-01-10 09:00,0,Medium,117.88756916753212
227,11.055417770482922,42.403798168710146,3,A,X,2024-01-10 10:00,0,Medium,73.12238729228936
228,62.49787424251628,33.16003936159238,1,A,Y,2024-01-10 11:00,0,Low,66.9397030726901
229,16.8768829280163,16.39381156058105,2,B,Z,2024-01-10 12:00,1,Low,49.04206765201448
230,67.32147110822166,,2,B,Z,2024-01-10 13:00,0,Low,77.12101958814961
231,46.370852188214585,15.797305841077453,2,B,Z,2024-01-10 14:00,0,Medium,90.43642131002068
232,50.191592822723265,47.76118635821343,9,A,Z,2024-01-10 15:00,1,Low,105.4571679932063
233,13.10326435285848,35.30389982553102,2,A,Y,2024-01-10 16:00,1,High,91.46995132941714
234,47.42778534502128,0.8333309138557343,4,C,X,2024-01-10 17:00,0,High,97.43442526386687
235,66.02176492469299,17.571573821768098,3,A,Z,2024-01-10 18:00,1,High,96.69241745361535
236,97.07010648843018,30.479617962462857,4,B,X,2024-01-10 19:00,1,Low,109.63944562154506
237,3.4188058292189627,39.678006076639946,5,A,Y,2024-01-10 20:00,1,Low,70.9834529234288
238,69.9348197651132,29.860142304851166,3,C,X,2024-01-10 21:00,1,Low,101.14864821026606
239,21.278950473659407,9.624546124146322,9,B,X,2024-01-10 22:00,0,Low,56.79241412689141
240,21.611033598046426,8.61604068227152,4,A,X,2024-01-10 23:00,0,Medium,36.62289333752134
241,73.74637179816733,35.04680335587792,1,B,Z,2024-01-11 00:00,1,Medium,119.45888341002899
242,33.58193980305943,16.57336483680838,7,D,Y,2024-01-11 01:00,1,Medium,108.9989441213548
243,45.682333622000385,,8,D,Y,2024-01-11 02:00,1,High,145.02815221449617
244,92.5695612439242,42.250350439757206,7,A,Y,2024-01-11 03:00,1,High,150.2925248945924
245,0.8795861041669184,3.7519299102468375,5,C,Y,2024-01-11 04:00,0,Medium,66.5851460818563
246,25.861067247201564,26.860579878724316,6,D,X,2024-01-11 05:00,0,Low,86.76545749322132
247,22.13115486873375,4.439939603380427,6,B,Z,2024-01-11 06:00,1,High,109.29281451297958
248,11.636079982650195,23.2488263994491,9,B,X,2024-01-11 07:00,0,High,114.32187993305394
249,83.50781023210413,19.488840571305545,9,C,Z,2024-01-11 08:00,1,Low,122.23579659871567
250,26.873836281208018,34.924499955070246,6,C,Y,2024-01-11 09:00,1,Medium,117.26667428112592
251,97.02031790719252,9.376267304638091,6,C,X,2024-01-11 10:00,0,Low,86.98115190655899
252,51.0060829491522,38.644409122797605,2,B,X,2024-01-11 11:00,0,High,117.95993112285018
253,69.66978384225906,,6,A,Y,2024-01-11 12:00,0,Low,76.44871602403391
254,10.178639237139564,8.161200315493966,7,C,Z,2024-01-11 13:00,1,High,82.28365919992868
255,70.93546735121839,14.333144228681416,2,B,Y,2024-01-11 14:00,1,High,108.56627256193553
256,23.49643691561536,41.735609939269594,5,D,Y,2024-01-11 15:00,0,Medium,99.28355383698529
257,76.55496767942286,31.548013476386505,6,C,Y,2024-01-11 16:00,1,Medium,144.49466684154328
258,94.64705534237585,30.30874509406809,7,A,Z,2024-01-11 17:00,1,Low,99.0408522876256
259,38.24226776042465,41.1412166010304,5,A,Y,2024-01-11 18:00,1,High,100.21661365832486
260,54.32882616313668,29.03203306687361,5,A,X,2024-01-11 19:00,1,Medium,89.77456961042571
261,33.52884748463833,42.1893239389408,2,A,Y,2024-01-11 20:00,0,High,94.25404503363093
262,3.444300255119348,36.625714585632664,4,D,X,2024-01-11 21:00,0,High,111.00800414345836
263,7.910416649233332,4.383226027910086,6,A,Z,2024-01-11 22:00,0,Low,26.414915104328692
264,44.76678197023381,13.128243983359694,9,D,Y,2024-01-11 23:00,0,Low,99.00758253749015
265,99.96913083368577,28.02967331013926,8,A,Z,2024-01-12 00:00,1,High,138.31042566224716
266,89.02183245370333,31.56712389429946,5,,X,2024-01-12 01:00,0,High,135.91883114930212
267,27.276187687452115,4.02284389475025,3,B,Y,2024-01-12 02:00,1,High,92.04455811111158
268,95.32080042738399,33.552492620633714,7,C,X,2024-01-12 03:00,0,High,155.44247674783597
269,25.97854192159189,23.125992951615405,7,C,X,2024-01-12 04:00,1,High,119.55638800365398
270,90.84010472912895,2.015351547152411,5,C,Y,2024-01-12 05:00,1,High,131.19456184160038
271,17.508148943760638,21.691977483999146,3,C,Z,2024-01-12 06:00,0,Low,55.25035808261435
272,93.19460358331625,34.131719240763005,7,A,Z,2024-01-12 07:00,1,Low,122.56023262870539
273,22.605898936387703,0.29032894965075884,2,C,X,2024-01-12 08:00,1,Medium,71.15478556687134
274,11.706555232579706,38.66708847195193,1,C,Z,2024-01-12 09:00,0,High,112.76298105610384
275,57.25434709322889,16.66569139051049,4,A,X,2024-01-12 10:00,0,High,112.4004254872944
276,26.157840517730158,41.90646488713906,1,A,Y,2024-01-12 11:00,0,Low,43.92956686835972
277,12.774666993643113,8.189523792938374,1,A,Z,2024-01-12 12:00,0,Low,31.34541563489475
278,41.312354527313666,,5,A,Z,2024-01-12 13:00,1,High,102.46286706458811
279,94.37893322722243,33.1718856228434,6,D,Z,2024-01-12 14:00,0,Medium,148.11608265116317
280,92.43506016664256,11.162993181854475,1,A,Z,2024-01-12 15:00,1,Low,76.64487459157726
281,2.4417558660015715,27.422313437329667,9,B,Y,2024-01-12 16:00,1,Medium,82.11429750087068
282,63.932686343070365,47.160777603199534,7,B,Z,2024-01-12 17:00,0,High,146.16885934224874
283,55.78593812475718,47.579372296051545,5,C,Y,2024-01-12 18:00,0,Medium,118.5823837671553
284,71.88494670936979,36.63724686234934,2,C,Y,2024-01-12 19:00,1,Low,125.172614453715
285,37.049639905574296,1.5354876335486989,3,D,X,2024-01-12 20:00,1,Medium,90.35013200823384
286,46.358801400715464,49.49578212969531,3,C,X,2024-01-12 21:00,1,High,142.99222512566817
287,18.882651597344392,28.71320180573384,5,B,X,2024-01-12 22:00,0,Medium,87.08506627051834
288,70.10767177328455,21.377039685159833,8,D,Z,2024-01-12 23:00,0,Medium,135.24726375439923
289,82.91119973666792,4.841985742276106,9,D,Z,2024-01-13 00:00,1,Low,127.56313672010869
290,13.86989649744319,10.59063419736746,1,D,X,2024-01-13 01:00,1,Medium,89.27120526608039
291,24.31327104737172,42.56434795988685,5,B,Z,2024-01-13 02:00,0,Low,78.63462128664965
292,53.592600032465974,46.069261846994415,4,C,Y,2024-01-13 03:00,1,Medium,126.00636534210912
293,40.90035524015612,27.846604993726963,2,C,Z,2024-01-13 04:00,0,Low,84.88865782575762
294,28.33302127396261,18.70820375855376,5,D,Y,2024-01-13 05:00,1,High,124.31090649673537
295,47.89179055287527,36.80326541867142,7,A,X,2024-01-13 06:00,1,High,116.34142620785735
296,8.766993448701898,18.928844444214487,9,A,Z,2024-01-13 07:00,1,High,96.15843892135993
297,35.477457282533265,,4,B,Y,2024-01-13 08:00,1,High,79.63856475968609
298,44.33645032487886,24.521291991555188,4,C,X,2024-01-13 09:00,1,Medium,106.36759788416573
299,8.080969808950256,7.992005376221667,2,A,Z,2024-01-13 10:00,0,Medium,38.81139747965427
300,90.85147188993025,35.37507957291414,4,A,Y,2024-01-13 11:00,0,Medium,109.75388822678715
301,12.90995252458127,28.130669196952113,5,B,Z,2024-01-13 12:00,0,Low,63.56082338383183
302,55.36334119528702,,3,C,Z,2024-01-13 13:00,0,Medium,92.8794965569286
303,74.8546640101817,7.207946466880855,8,A,Z,2024-01-13 14:00,1,Low,99.6206572040443
304,5.142379450788481,7.651461709265722,9,C,Y,2024-01-13 15:00,0,High,90.09690674542512
305,3.0276865158410438,43.742099395511666,4,D,X,2024-01-13 16:00,0,Low,81.95111052253836
306,60.57271075677042,41.941701558055726,1,D,Z,2024-01-13 17:00,1,High,147.19497903579753
307,26.69100251275284,24.53293191303527,5,C,Z,2024-01-13 18:00,0,High,97.59396437196371
308,23.39259055088241,43.65390416296962,3,A,Z,2024-01-13 19:00,1,High,123.018996507432
309,59.73556050261655,36.99110610073548,7,C,Z,2024-01-13 20:00,0,Medium,125.24134260923181
310,98.22400142636457,6.821753112353257,1,B,Z,2024-01-13 21:00,0,Medium,83.28710517950088
311,30.399718099943772,32.523344710051674,5,,Y,2024-01-13 22:00,1,Medium,103.88557054089583
312,79.8012889614894,16.098181967779148,9,B,Y,2024-01-13 23:00,1,Medium,116.62553307035341
313,72.93868087821866,27.282554196648274,1,A,Z,2024-01-14 00:00,1,Medium,104.6965333851878
314,25.26212108332595,43.366601422513206,4,A,Y,2024-01-14 01:00,0,High,100.94065936513556
315,4.4549491115092765,13.469359447073403,2,,Y,2024-01-14 02:00,0,Medium,93.50318528857115
316,42.682258505548155,17.957206527584496,3,D,X,2024-01-14 03:00,1,High,90.33669267077013
317,94.46537573863716,32.57513892886965,7,A,Z,2024-01-14 04:00,1,Low,125.8329975054813
318,0.008706470026631496,34.916371682379385,3,D,Z,2024-01-14 05:00,1,High,92.4867315531497
319,59.0406386033776,36.39543603303533,8,B,Y,2024-01-14 06:00,0,Medium,107.5635206499017
320,46.53649451798233,14.457714070442318,5,A,Y,2024-01-14 07:00,1,High,98.02707638922895
321,61.68222632328233,5.00354803208663,9,D,Y,2024-01-14 08:00,0,High,123.39189393312303
322,57.2241497212765,40.810913789641276,6,B,X,2024-01-14 09:00,0,High,121.30165345187626
323,18.66688565938054,13.958353630082742,4,A,Z,2024-01-14 10:00,0,Low,49.183826371445164
324,68.55683903566727,11.85179504084094,9,D,Z,2024-01-14 11:00,0,High,152.4712164555874
325,37.146568206589826,19.98378965674941,2,C,Y,2024-01-14 12:00,0,Medium,93.64060540528465
326,18.806007350159494,22.738188898854073,1,D,Z,2024-01-14 13:00,0,Medium,88.10596799160382
327,32.326305445179045,37.9401723107584,1,C,Y,2024-01-14 14:00,0,Medium,95.16485401227337
328,28.774714267408406,42.98319304369285,6,A,X,2024-01-14 15:00,1,Medium,83.67396149215023
329,22.934480521859136,45.845105837176185,3,C,X,2024-01-14 16:00,0,Low,81.33532251506777
330,10.517940905661993,12.446203654612104,7,A,Z,2024-01-14 17:00,0,Low,35.816162226435885
331,91.03996846703652,40.25281909978266,1,,Z,2024-01-14 18:00,1,High,141.69752734385662
332,99.73478451254705,44.6274081136577,4,D,X,2024-01-14 19:00,0,Medium,163.67608035236503
333,67.0930921477253,40.628081454748525,2,C,Y,2024-01-14 20:00,0,Low,91.86234303275054
334,90.02933269752123,1.3073288012388717,7,B,Z,2024-01-14 21:00,1,Low,80.48070578351012
335,47.732131031048475,49.315829050069944,2,B,X,2024-01-14 22:00,0,High,138.08377632688942
336,12.045526805072026,9.997101282682241,1,D,Y,2024-01-14 23:00,0,Medium,94.57856644881961
337,61.26724214233186,34.11799568441948,8,A,Z,2024-01-15 00:00,0,Low,80.34746871865478
338,9.068136503646585,3.525954405061121,8,C,Y,2024-01-15 01:00,1,Low,57.295718002010275
339,8.263237402582336,0.5946551048121196,9,C,X,2024-01-15 02:00,1,Medium,81.10325131263986
340,95.91139173370581,28.806420003466794,5,D,Z,2024-01-15 03:00,0,Low,130.9028747338804
341,,8.539490817321832,7,C,Z,2024-01-15 04:00,0,Medium,125.52513368051657
342,78.41932620402878,49.16642658847364,1,A,Z,2024-01-15 05:00,0,Medium,95.41449144196685
343,57.76983558349526,,1,B,Z,2024-01-15 06:00,1,Low,95.13826587736568
344,70.54052253718464,40.76034322540779,4,C,X,2024-01-15 07:00,0,Low,102.48131192975775
345,29.893694270366044,34.75154309177817,6,D,X,2024-01-15 08:00,1,Low,110.33927399129558
346,48.51660876109825,17.560617057983347,3,D,Z,2024-01-15 09:00,0,Low,83.94604624138739
347,77.1505816242365,16.15275415935176,7,C,Z,2024-01-15 10:00,1,High,137.10157359873477
348,50.52650094345218,35.84676574325618,3,C,X,2024-01-15 11:00,1,Low,121.10861022427956
349,87.72905664088687,43.95519488339274,7,C,Y,2024-01-15 12:00,0,Medium,122.70765601236135
350,41.8806357454533,6.374700044373688,2,B,Y,2024-01-15 13:00,0,Medium,67.55804839337678
351,0.40283110027811153,46.897255999620256,1,D,Z,2024-01-15 14:00,1,Medium,119.08529421958403
352,64.01094678329947,12.721898052709019,8,B,X,2024-01-15 15:00,1,High,106.20347032407587
353,18.050097035373636,10.647728186470562,9,C,Z,2024-01-15 16:00,1,Low,81.60576552818532
354,41.491607655232954,20.97063724481904,3,D,Z,2024-01-15 17:00,1,High,132.4097442317752
355,20.583668705950366,,6,D,Y,2024-01-15 18:00,1,High,145.85363348893975
356,78.22926140925446,13.960697442619496,7,C,X,2024-01-15 19:00,1,High,142.55200663203033
357,70.29275230434784,35.27112089882517,2,C,Y,2024-01-15 20:00,1,Low,96.16480721160207
358,72.41025531738615,29.287210011969865,4,D,Y,2024-01-15 21:00,0,Low,116.56850817334134
359,42.62532957888351,22.208153411577598,5,A,Y,2024-01-15 22:00,1,High,95.93808614418406
360,65.8152726756856,40.731021045634236,2,D,Y,2024-01-15 23:00,1,High,154.05818512621465
361,7.7033602784163495,28.74002620704184,3,A,X,2024-01-16 00:00,1,Medium,51.434004169034836
362,24.718461023018236,41.97134671907124,8,A,Z,2024-01-16 01:00,0,High,107.67770227192571
363,11.972191337441307,0.9360631729172619,4,A,Z,2024-01-16 02:00,0,Medium,43.24618555911404
364,75.78731590132702,38.186114131886214,5,B,X,2024-01-16 03:00,1,High,139.19878317979342
365,58.758198430402196,33.66385917493487,8,C,Z,2024-01-16 04:00,0,Low,113.60542034032765
366,11.206213199660798,19.427494250519405,6,C,X,2024-01-16 05:00,1,Low,82.83967842637311
367,89.44894807086192,18.123038971459955,9,C,X,2024-01-16 06:00,0,Low,133.8759972134175
368,44.514018668154144,26.614291112461846,2,A,X,2024-01-16 07:00,0,Low,51.470096865833725
369,54.50922846759564,1.263457412451524,4,B,X,2024-01-16 08:00,0,High,99.28992844499464
370,46.22314142436247,10.825439490514743,7,A,X,2024-01-16 09:00,1,Low,72.47403187305791
371,0.2651637023666886,32.44015259034396,2,B,X,2024-01-16 10:00,1,Low,68.23092506157298
372,99.4373089760992,,9,B,Y,2024-01-16 11:00,1,Low,114.68152831807954
373,47.042804664158886,22.947959041997596,9,,Y,2024-01-16 12:00,0,Medium,103.35079961920017
374,74.82466693222442,15.800007340308813,4,A,Z,2024-01-16 13:00,0,Low,78.74706058104682
375,90.01872908110245,0.09857397289843028,9,A,Z,2024-01-16 14:00,0,Medium,87.82839021766102
376,97.58778801175644,3.3751063206137353,2,C,Z,2024-01-16 15:00,0,Low,93.23712462602829
377,78.79951126758198,13.950045959349932,5,D,Y,2024-01-16 16:00,1,High,130.85768080949515
378,48.40253062088393,38.71537223247536,6,B,X,2024-01-16 17:00,0,Low,97.61298801015283
379,83.30107198245645,41.10233282120614,6,B,X,2024-01-16 18:00,1,High,159.18498221501682
380,49.415291579863684,40.57989270330975,6,B,Y,2024-01-16 19:00,1,Low,87.00351443671434
381,51.61565562367997,16.99074967807233,5,C,Z,2024-01-16 20:00,0,Low,72.2028063031806
382,49.58120741147162,34.127302895494616,5,A,Z,2024-01-16 21:00,1,Medium,94.21443561790197
383,80.03445769215513,17.29233955440029,4,B,X,2024-01-16 22:00,1,High,135.74639417404202
384,75.15165973137672,15.192082663830247,7,C,Y,2024-01-16 23:00,1,Medium,135.90279756066508
385,21.89361537649459,46.79977765573427,7,C,X,2024-01-17 00:00,1,High,135.4019166513379
386,9.909538593578915,43.24670655109051,8,D,Y,2024-01-17 01:00,1,Medium,131.2922065105604
387,33.07225861954296,6.422466785535036,5,A,Z,2024-01-17 02:00,0,Medium,50.730642831601685
388,26.7417189176546,28.309593603425597,7,D,X,2024-01-17 03:00,0,Medium,109.69578753798655
389,15.78128465505343,48.21748304955694,8,B,X,2024-01-17 04:00,1,High,139.18259248002147
390,2.6946381257362817,25.55731345724841,3,D,Z,2024-01-17 05:00,1,High,120.76234203280315
391,38.09277167682239,1.193774124662128,9,B,Z,2024-01-17 06:00,1,High,121.671060063162
392,2.585538199002413,2.3705294809176047,9,B,X,2024-01-17 07:00,1,Medium,67.09158220193586
393,20.30104263058339,37.70178891008594,1,D,X,2024-01-17 08:00,0,Low,81.57721396146253
394,6.315495593621712,38.69613544121829,5,B,Z,2024-01-17 09:00,1,Medium,83.82366245931438
395,77.54676095708787,46.343661583031725,7,D,X,2024-01-17 10:00,1,High,178.10085652918573
396,60.69964725772815,26.585059321142317,2,D,Z,2024-01-17 11:00,1,Medium,119.19772536635723
397,50.69879176938856,46.149140554521146,4,A,Z,2024-01-17 12:00,0,High,115.91793614537629
398,89.83795823232575,1.5366049605867294,9,B,Z,2024-01-17 13:00,0,Medium,104.91200388312804
399,23.765062653746337,38.72736629341652,3,C,Z,2024-01-17 14:00,1,Medium,132.59286961666382
400,82.01642482073343,38.21379948294704,8,A,Y,2024-01-17 15:00,1,High,149.82674568745492
401,42.57528433414522,39.10211120715703,9,,X,2024-01-17 16:00,0,High,122.2716928865914
402,89.14059836727701,38.43441068776265,7,D,Z,2024-01-17 17:00,1,Low,142.91777470699594
403,92.97387029524278,18.751309339476347,5,D,Z,2024-01-17 18:00,0,High,148.72172830356726
404,19.893251908216737,23.635023660969427,8,C,Y,2024-01-17 19:00,0,Low,74.09825399870611
405,54.96440002236097,39.879471954392066,9,A,X,2024-01-17 20:00,0,Low,92.85368516492169
406,7.193341430816247,5.179369142988543,6,,Z,2024-01-17 21:00,0,High,81.3381052181826
407,12.888505456839294,45.08977737186982,9,B,Y,2024-01-17 22:00,0,Medium,99.13398023649428
408,88.69581543657067,47.97295407806799,5,A,Y,2024-01-17 23:00,1,Low,108.7621787125147
409,94.76879045438814,48.31234141475552,9,C,Z,2024-01-18 00:00,1,Medium,148.4407082423505
410,65.72866386239593,8.478973623734692,1,A,X,2024-01-18 01:00,0,Medium,65.63823196695029
411,99.71690742689037,17.576007849462634,5,C,Y,2024-01-18 02:00,1,High,140.8930516471763
412,57.47276682697954,,8,A,Z,2024-01-18 03:00,1,Medium,68.66044747549546
413,77.89057239276562,19.329219646110786,8,C,Y,2024-01-18 04:00,0,High,146.99498369003118
414,89.1909106068203,11.915451381158881,1,C,Z,2024-01-18 05:00,0,High,125.96025704439677
415,97.79320294407428,30.324440484539426,9,C,Z,2024-01-18 06:00,1,Medium,147.57144171214762
416,71.10049471855277,22.834037278195794,3,A,Z,2024-01-18 07:00,1,High,119.21210150371944
417,25.822053196382143,31.7176663101151,8,B,Z,2024-01-18 08:00,1,High,112.35225775352268
418,15.567740741116776,6.5746759619325355,4,C,X,2024-01-18 09:00,1,Medium,73.1171120415101
419,17.937773437330506,21.901363674768554,5,,Y,2024-01-18 10:00,1,Low,68.17136630346475
420,91.1521235297825,22.00759463064388,4,A,Y,2024-01-18 11:00,0,Medium,113.30254724294694
421,86.33648280422929,17.824819076192576,4,B,Z,2024-01-18 12:00,0,Medium,104.50408027025175
422,8.977464731544394,44.57224974831016,3,D,X,2024-01-18 13:00,0,High,126.6539899189864
423,41.92913148284519,,9,D,Y,2024-01-18 14:00,1,Low,81.94896753710339
424,1.6548240927641844,32.56907930238761,1,C,Y,2024-01-18 15:00,0,Medium,69.46449532277406
425,96.26611608602803,44.97378164180938,5,C,Z,2024-01-18 16:00,0,Low,136.7325691956444
426,11.656710936705183,0.867012204405182,7,B,X,2024-01-18 17:00,1,Medium,71.13084919863707
427,92.7990407740098,35.57430413066149,2,B,Y,2024-01-18 18:00,1,High,138.7957904576024
428,51.54241428081626,19.631643254239716,9,B,X,2024-01-18 19:00,1,Medium,109.3280650399877
429,79.23809402577056,42.90180718383729,4,A,X,2024-01-18 20:00,0,Medium,119.59701835180792
430,95.48222040373533,21.74457187487856,7,C,X,2024-01-18 21:00,1,Low,126.3139047819444
431,62.99456788815897,18.59959261484459,4,D,Z,2024-01-18 22:00,0,Low,85.14808812263531
432,29.27943876020346,27.617527014175092,2,C,Y,2024-01-18 23:00,0,Low,65.55244021363701
433,74.14527240834498,45.604518523365215,1,D,X,2024-01-19 00:00,0,High,169.06023854173685
434,7.37690412843185,31.452495724628797,8,C,Z,2024-01-19 01:00,1,Low,91.94594119146504
435,2.098684380085969,43.82228057932004,3,A,Z,2024-01-19 02:00,0,Low,34.70440694301217
436,18.874612831743555,,1,D,Z,2024-01-19 03:00,0,High,116.98949695638034
437,74.21061857989108,19.768519013051982,6,A,X,2024-01-19 04:00,1,Medium,113.2485911854312
438,59.88099214591669,24.673847025888442,2,B,Z,2024-01-19 05:00,0,High,118.63815453882194
439,86.65887056471455,16.620982521698398,5,D,Z,2024-01-19 06:00,1,Low,118.80163398524496
440,84.71354992485041,43.75495772456328,3,B,X,2024-01-19 07:00,0,Medium,142.10244391703026
441,37.63408110068551,40.80152394485517,4,B,Y,2024-01-19 08:00,1,Medium,113.47051893623484
442,18.456010684331147,32.2486540950981,8,C,Z,2024-01-19 09:00,0,Low,110.89885157166214
443,8.871773115557868,2.4871717564761253,1,C,Y,2024-01-19 10:00,1,High,78.3475899310006
444,,37.80688830375222,5,C,Z,2024-01-19 11:00,0,Medium,122.34435119262923
445,90.19866314880683,11.406838099183558,2,A,Y,2024-01-19 12:00,0,High,120.37721613772271
446,49.985307535728616,4.178591740230281,3,A,X,2024-01-19 13:00,1,Low,55.49654310627183
447,51.25652211638998,19.108398722987186,1,C,X,2024-01-19 14:00,0,Medium,77.60648105163446
448,29.78896604863849,32.68832861063986,4,D,X,2024-01-19 15:00,0,Low,78.08280276950593
449,97.36874250789631,48.74962065160111,5,B,Z,2024-01-19 16:00,0,Low,119.35810698562466
450,14.856238159104795,,4,B,Y,2024-01-19 17:00,1,High,91.15823211831602
451,72.87939154235914,4.485319550868317,4,D,Y,2024-01-19 18:00,1,Medium,110.0264033535755
452,41.851110271019024,43.8069916516106,2,D,Y,2024-01-19 19:00,0,Medium,112.8195361616721
453,67.98427595602773,14.022082611121151,5,C,Z,2024-01-19 20:00,1,High,129.24675902392872
454,33.17791502141068,1.651775320646598,3,C,Z,2024-01-19 21:00,0,High,84.15169776649931
455,32.06680434412094,15.843706199501156,4,D,X,2024-01-19 22:00,1,Low,75.76250472370171
456,85.57999275837179,8.190979256474169,7,C,Y,2024-01-19 23:00,0,Low,84.59079554045083
457,43.11281581326586,47.338011352342676,5,A,X,2024-01-20 00:00,0,Medium,119.45800126415753
458,15.690467372122042,22.102975630609677,3,C,Z,2024-01-20 01:00,0,Low,75.30075898110196
459,26.583531651668892,30.21383767383694,7,B,Z,2024-01-20 02:00,1,High,118.53967599447225
460,1.4770637340761228,30.48008639557191,2,D,X,2024-01-20 03:00,0,High,118.33413694798612
461,26.57933827586185,40.342251943683095,8,C,Z,2024-01-20 04:00,1,Medium,123.32963865337297
462,5.047039691383137,49.138891038866255,6,D,Y,2024-01-20 05:00,1,Medium,114.90007990177317
463,19.29442975959973,2.577886160269532,3,C,Z,2024-01-20 06:00,1,High,104.45913064762368
464,94.63140370396403,20.085592442898676,2,D,Y,2024-01-20 07:00,1,Low,129.8342671625897
465,,30.744997334438295,9,D,Y,2024-01-20 08:00,1,Low,131.52418857328024
466,76.44306021260236,,4,A,Y,2024-01-20 09:00,0,Medium,70.46840509723299
467,48.18719338098055,33.65709646916499,7,C,X,2024-01-20 10:00,1,Medium,120.22517192458872
468,89.7346227398302,20.908698527642322,3,D,X,2024-01-20 11:00,1,Low,119.46918597387437
469,57.51456953826292,23.638767982030785,2,C,X,2024-01-20 12:00,1,Low,86.14891118903178
470,35.790505379590456,0.24218298479157796,7,B,Y,2024-01-20 13:00,0,Low,53.397774097773066
471,37.36539989148032,6.851622153415726,1,D,Y,2024-01-20 14:00,0,High,97.3841951445091
472,83.55964559595324,42.412704275871306,2,B,X,2024-01-20 15:00,1,Medium,118.60931606430604
473,82.4835617550579,,8,C,Z,2024-01-20 16:00,0,Low,122.02261725722587
474,83.41397113660436,2.368378716929931,9,A,Z,2024-01-20 17:00,1,High,118.57853369413957
475,45.81360318154067,33.384150817438446,6,A,Z,2024-01-20 18:00,1,Medium,98.57661399586853
476,32.97738633716617,21.0184065846446,9,D,Z,2024-01-20 19:00,0,Medium,139.3272664022568
477,49.31813954352925,18.481406145107044,4,A,X,2024-01-20 20:00,0,High,95.8015415289996
478,,14.37156412274141,3,A,Z,2024-01-20 21:00,0,Low,62.98787847398061
479,95.80318994605307,47.71006609905894,7,A,Z,2024-01-20 22:00,0,Low,117.77636714652478
480,54.5290425714898,21.636892001020364,1,A,X,2024-01-20 23:00,1,High,94.59454395650562
481,12.644784966949752,33.48426547202547,6,D,Y,2024-01-21 00:00,1,Low,86.13423818846591
482,55.87731445635078,14.478895681895393,2,B,Z,2024-01-21 01:00,0,Medium,65.8907657761718
483,77.68007526446289,43.762814212361064,2,D,X,2024-01-21 02:00,0,Low,119.90395172224036
484,24.634349448171722,23.581865489158293,2,D,Y,2024-01-21 03:00,0,High,114.57920181049508
485,33.87197439566235,20.792673643793137,7,A,Z,2024-01-21 04:00,0,High,82.02310891041998
486,94.19975517769693,5.568544307155171,3,D,Y,2024-01-21 05:00,0,Low,97.91710713768968
487,93.53508638562006,,6,C,X,2024-01-21 06:00,1,High,185.42140540819838
488,8.91636587504202,41.11291554085593,6,A,Z,2024-01-21 07:00,1,Low,77.94747948281712
489,96.40915919098431,5.645687942381134,8,D,Z,2024-01-21 08:00,0,Medium,132.20347727722827
490,70.19388018941245,18.98596488301454,8,A,Y,2024-01-21 09:00,1,Low,90.75179178294167
491,91.36297245971731,49.08548723141898,4,A,Z,2024-01-21 10:00,0,Medium,124.47057175612073
492,47.324588916578804,1.5190653092803874,4,D,X,2024-01-21 11:00,1,Low,82.21827007746363
493,57.990760745578015,1.2625048799956184,7,C,Y,2024-01-21 12:00,1,Low,85.05622323352817
494,18.966209332849683,14.974151383035972,5,B,Y,2024-01-21 13:00,0,High,95.71573897692758
495,24.24776348702379,31.074487233697063,5,C,Z,2024-01-21 14:00,1,Low,96.7103678870403
496,13.944109658346104,1.1863909853318033,5,A,X,2024-01-21 15:00,1,Low,69.52180320876052
497,25.845072821797956,45.02337803202984,8,B,Z,2024-01-21 16:00,1,Medium,125.59079894713656
498,4.1140672879624525,13.848865059665444,1,B,X,2024-01-21 17:00,1,Low,50.714960348481874
499,96.80660415328445,9.754079942690586,1,C,Z,2024-01-21 18:00,0,High,106.87950485000626
500,67.16857110458308,30.337694620845628,6,C,Y,2024-01-21 19:00,1,High,130.59561171330253
501,5.569894935398779,27.437101866934842,8,D,Y,2024-01-21 20:00,1,Low,118.77153182857987
502,34.687309246534156,4.286807072661903,9,D,Z,2024-01-21 21:00,1,Low,99.33880651671682
503,62.33279864259359,5.96023276318784,1,C,Y,2024-01-21 22:00,1,Low,74.61331173785328
504,47.86498776547029,3.7817803217788493,2,A,Z,2024-01-21 23:00,1,Low,31.9934049899045
505,3.776806897096019,17.54962640742228,2,B,Y,2024-01-22 00:00,1,High,109.9381334723647
506,80.13144063120217,48.16962039398926,3,B,X,2024-01-22 01:00,1,High,148.40371067971492
507,66.74223464159996,44.31278960640578,8,A,Y,2024-01-22 02:00,1,High,147.65343784753384
508,52.77903777269779,12.358016308421927,3,B,Z,2024-01-22 03:00,1,High,107.25196801715671
509,5.602130972728869,32.076961501078436,8,B,Y,2024-01-22 04:00,1,High,117.02328083805621
510,97.96400236566393,27.205609724927392,6,D,Y,2024-01-22 05:00,1,High,171.27086916761778
511,21.16595495273187,28.386105312647842,4,D,X,2024-01-22 06:00,0,High,101.703459350419
512,63.783163646224395,20.111144024328,6,C,X,2024-01-22 07:00,0,High,134.45671121348028
513,40.973776708711426,,9,C,X,2024-01-22 08:00,1,Medium,143.0599291226891
514,30.96559729941861,6.928079657434583,3,C,Y,2024-01-22 09:00,1,Low,82.88902357917961
515,80.02708640937125,39.90131569519896,2,C,Z,2024-01-22 10:00,0,High,133.37493876927104
516,51.223549082823375,26.342994004948157,5,A,Z,2024-01-22 11:00,1,High,115.02067989889352
517,77.76913609457404,44.06699769057772,6,D,Y,2024-01-22 12:00,1,High,176.75251755488173
518,16.243161940067075,0.24549109984606798,7,C,X,2024-01-22 13:00,1,High,129.01013318378514
519,65.53034979237687,9.55540176538251,7,D,Z,2024-01-22 14:00,0,Medium,148.9864677597279
520,63.905758040525704,43.725378649597616,3,B,Z,2024-01-22 15:00,1,High,139.3250583682048
521,,41.12837207097256,4,A,X,2024-01-22 16:00,0,Medium,68.07674902696654
522,53.925275333970454,39.79048221808881,6,A,Y,2024-01-22 17:00,1,High,120.7464331296483
523,78.81500004217149,14.178591523510248,2,D,Z,2024-01-22 18:00,0,Medium,109.49111098422149
524,6.423631328268142,33.21950809526626,8,,X,2024-01-22 19:00,0,High,135.7921099692553
525,43.98812871445871,32.33968777326827,6,B,X,2024-01-22 20:00,0,Medium,114.46013417752046
526,93.86663528738615,,9,A,X,2024-01-22 21:00,0,High,138.01947667124782
527,31.75882440281681,,5,A,Z,2024-01-22 22:00,1,High,112.09439063765801
528,15.190333864945792,14.19607660597293,5,D,Z,2024-01-22 23:00,0,Low,84.64769800186868
529,29.889182870524866,,8,B,Z,2024-01-23 00:00,0,High,83.27596568492385
530,95.96562176705702,25.09412823411326,7,B,X,2024-01-23 01:00,0,High,126.72009762849936
531,3.0513386499256057,18.5583890086707,7,B,Z,2024-01-23 02:00,1,High,85.32327581154628
532,26.207022965883386,28.839713307102606,6,D,Y,2024-01-23 03:00,0,Medium,111.0241959383611
533,39.54176093035103,,7,D,X,2024-01-23 04:00,1,High,147.5667407714873
534,66.97154712885548,47.43197723372916,7,B,X,2024-01-23 05:00,0,Low,96.93601162303538
535,90.78691107149362,,7,A,X,2024-01-23 06:00,0,High,145.817480573515
536,14.751893658063231,45.59999952587039,3,A,X,2024-01-23 07:00,0,Low,68.29473067595384
537,14.027279494307866,22.74516203813482,1,C,X,2024-01-23 08:00,0,Medium,70.69184810883839
538,94.18976962497948,47.65122365758665,1,C,Z,2024-01-23 09:00,0,Medium,151.37888051978018
539,72.96463746875881,7.871425579419883,6,,Z,2024-01-23 10:00,1,High,132.1271579130814
540,,21.739786922642317,8,A,X,2024-01-23 11:00,0,High,91.7101648178357
541,39.14171749803893,11.558505811108288,8,B,X,2024-01-23 12:00,1,High,109.75545637199697
542,48.70458731534066,49.995906445352325,4,C,X,2024-01-23 13:00,1,Low,123.38823479944297
543,24.142595886500228,16.69326700403272,2,D,X,2024-01-23 14:00,0,High,101.53643725436963
544,44.42219154004293,,9,B,X,2024-01-23 15:00,0,Low,94.9550926760729
545,33.18222927405395,20.506125968340832,1,B,Z,2024-01-23 16:00,1,High,109.59850269250381
546,1.3485567013489241,26.72049050303173,9,,Y,2024-01-23 17:00,0,Low,60.268426542293334
547,,37.022136756701315,4,B,X,2024-01-23 18:00,1,High,132.21962200417934
548,40.69553620752466,37.860185393550914,4,B,Y,2024-01-23 19:00,1,Low,82.59225971139763
549,33.451629688418684,12.070292302660285,5,A,Z,2024-01-23 20:00,1,Low,50.345039366439906
550,,6.2337173697981365,6,B,Z,2024-01-23 21:00,0,Low,51.26153985241201
551,44.189788901483986,22.474746980418352,6,C,Z,2024-01-23 22:00,0,Medium,124.06198279662229
552,59.75195922068568,1.7785586578590973,7,B,Z,2024-01-23 23:00,1,High,99.48214157362051
553,8.45999546516384,35.85669139455622,2,A,Y,2024-01-24 00:00,0,Medium,59.43319799826357
554,44.178357531200405,12.47145830500922,1,B,Z,2024-01-24 01:00,0,Medium,59.781076926628906
555,58.68036142599918,23.989705861449973,7,D,Y,2024-01-24 02:00,1,Low,109.94751710328491
556,56.239164667149225,40.88030790679105,5,A,Y,2024-01-24 03:00,1,High,143.29306700310494
557,80.65109935906838,24.850432415034955,6,,Y,2024-01-24 04:00,1,Low,130.4658799688457
558,93.05778249297299,45.94877555403129,5,D,X,2024-01-24 05:00,0,High,174.95759783177277
559,20.517033775682926,41.72674806260676,8,B,X,2024-01-24 06:00,0,Low,81.27906008040924
560,49.74909138216558,23.532599116479375,3,,Y,2024-01-24 07:00,1,Medium,99.86828196831186
561,78.41412456185098,3.4554842669349997,1,D,X,2024-01-24 08:00,0,Low,79.59971581043571
562,,41.801773744341794,1,D,X,2024-01-24 09:00,1,High,133.38615451250766
563,1.437898926103065,,2,C,X,2024-01-24 10:00,1,Medium,77.64830531670422
564,6.974885404525044,4.951237589251006,2,D,Z,2024-01-24 11:00,0,Medium,81.8535226350711
565,13.630883248574854,27.379786818676056,4,C,X,2024-01-24 12:00,0,Low,58.71706514007791
566,34.51171883251055,5.379052119042827,7,D,Z,2024-01-24 13:00,0,High,119.54628118189535
567,95.48874988463582,15.418068202651025,3,,Y,2024-01-24 14:00,1,Low,121.33462154084141
568,96.35532253923645,41.484536822990925,2,B,Z,2024-01-24 15:00,0,Low,120.30305407940442
569,80.05279661448068,39.26682520811637,7,C,Z,2024-01-24 16:00,1,High,168.66693363463168
570,24.11889370807786,13.364675719929608,3,C,X,2024-01-24 17:00,1,Medium,97.86510408256753
571,24.227768020754414,34.24691408756452,4,D,X,2024-01-24 18:00,0,High,137.5399188241805
572,96.30493274797172,20.883835257182863,2,D,Z,2024-01-24 19:00,0,Low,105.07571868008719
573,79.79804764407938,7.545699043357618,5,B,X,2024-01-24 20:00,0,High,120.09008954637328
574,76.82155911538845,15.092153748188686,7,B,Z,2024-01-24 21:00,0,Low,91.29122916976766
575,62.803589367046634,35.46273891493414,1,A,Y,2024-01-24 22:00,0,Medium,85.77314920076076
576,54.94314609243022,19.5316559499338,5,B,Y,2024-01-24 23:00,1,Low,107.08786632812628
577,97.8391492975073,45.50841930679253,2,A,Z,2024-01-25 00:00,1,High,164.6210111994221
578,13.25615124652646,1.5489896069136255,3,B,Z,2024-01-25 01:00,0,High,67.26672750829475
579,40.12888736932057,17.8810879847851,9,D,Y,2024-01-25 02:00,1,Medium,123.81499064470027
580,6.159676144232861,6.269293820173926,4,B,Y,2024-01-25 03:00,0,Low,62.820950182711954
581,84.74023440184331,4.71550927219827,8,B,X,2024-01-25 04:00,0,Low,89.38007624770721
582,37.80555502080032,8.668476548041138,3,C,Y,2024-01-25 05:00,0,Low,54.80355251745425
583,85.44349925589992,14.162240405297883,3,D,Z,2024-01-25 06:00,1,High,151.60378045311438
584,59.22465070552193,12.73986083398907,6,A,X,2024-01-25 07:00,0,Low,59.10797074964011
585,89.00677848580662,4.178208868132494,6,D,Z,2024-01-25 08:00,1,Low,99.24849014541556
586,,41.72234212851137,1,,Y,2024-01-25 09:00,1,Low,81.90026371771955
587,39.935243724608846,4.0752882653124765,2,B,Y,2024-01-25 10:00,0,Medium,51.56642364469788
588,19.605819544098857,29.00961165913535,9,B,Y,2024-01-25 11:00,1,Low,75.39124057067741
589,46.631025323427224,48.91709126008478,1,A,Z,2024-01-25 12:00,1,Medium,91.42934120538307
590,98.20161879193431,15.174020875952515,7,B,X,2024-01-25 13:00,1,Low,119.63710716929405
591,40.03182344809787,34.507348288457884,2,A,X,2024-01-25 14:00,1,High,106.45862210267342
592,63.3599947748856,,7,D,Y,2024-01-25 15:00,1,Medium,123.19578771743632
593,19.12336389355309,30.50148027082208,1,A,X,2024-01-25 16:00,1,Medium,78.44674223246035
594,76.21959946667545,16.16039808187027,4,A,Y,2024-01-25 17:00,0,Low,72.96099909366359
595,60.21360716936698,29.77452354938515,8,A,Z,2024-01-25 18:00,0,Medium,98.12204482619774
596,17.617237307202416,1.176527807512251,3,A,X,2024-01-25 19:00,0,High,62.048759241924124
597,20.235606296262954,17.174961848592098,8,A,X,2024-01-25 20:00,1,Medium,85.12709467780515
598,61.89154878374609,41.418060167823754,5,B,Z,2024-01-25 21:00,1,Low,104.3880453218326
599,63.38334701323767,17.661508356325523,5,D,Y,2024-01-25 22:00,1,High,119.39636629919991
600,66.79363238278457,10.582386281247297,9,D,Y,2024-01-25 23:00,0,High,130.2678056635489
601,55.30265363289932,1.7511976690968656,1,B,Y,2024-01-26 00:00,1,Medium,87.92175821142715
602,61.154553087735465,,9,B,Y,2024-01-26 01:00,0,High,104.33816346432957
603,31.425620527289734,19.213555168687098,4,C,Z,2024-01-26 02:00,1,Low,85.5784351711628
604,17.879655298970654,29.18640905137075,8,B,Y,2024-01-26 03:00,0,Medium,96.06511571781546
605,2.1887093454587725,29.1870687149612,4,B,X,2024-01-26 04:00,0,Low,52.40463249338402
606,1.7971405352274594,18.27510805833215,7,,Z,2024-01-26 05:00,1,High,84.5215942149007
607,4.692686872957563,22.11854235731649,3,D,Z,2024-01-26 06:00,0,High,118.03614339515018
608,69.87129736590852,48.59588866530024,6,C,Y,2024-01-26 07:00,1,High,171.36198479781567
609,30.878773343834943,28.649072848162742,5,B,Z,2024-01-26 08:00,0,Medium,81.80921988611452
610,53.255991597392516,38.56388117993871,7,C,Y,2024-01-26 09:00,1,High,132.13247352619217
611,52.81365765247621,28.03909315047985,4,B,X,2024-01-26 10:00,1,Medium,113.4411998630874
612,89.06722706328226,35.52528522884788,1,B,Y,2024-01-26 11:00,0,High,122.37274723662232
613,40.920841510606444,44.832277266706555,5,D,Z,2024-01-26 12:00,0,High,150.00037951619086
614,25.966516422253505,42.65064756617439,5,A,Z,2024-01-26 13:00,0,Low,77.1327936228979
615,39.363757931324436,24.473509120907543,2,B,Z,2024-01-26 14:00,0,Low,60.72554507140405
616,3.6821530715621997,41.54966315590329,1,C,Y,2024-01-26 15:00,0,Medium,85.32188943167631
617,7.993194593013097,40.736732217891806,6,A,Z,2024-01-26 16:00,1,High,118.32709891368091
618,67.28615683638472,19.27274740993582,9,D,Y,2024-01-26 17:00,0,Medium,126.19197545538017
619,9.212672925413756,24.106983887719508,7,A,Y,2024-01-26 18:00,0,High,67.83977054391455
620,36.16641382027517,0.7679257026895425,5,B,Z,2024-01-26 19:00,0,Medium,63.1610790104424
621,40.32329330986452,9.301291921988241,2,C,Z,2024-01-26 20:00,0,Low,60.899894779203784
622,36.961661687727045,15.423523769722225,6,A,Y,2024-01-26 21:00,0,Medium,63.02846703151417
623,,40.76233249091234,2,B,Z,2024-01-26 22:00,0,Medium,118.65668451222923
624,16.13071314444463,39.350477168499594,4,D,X,2024-01-26 23:00,0,High,125.18865345089607
625,33.43200516995025,1.4446403022766063,6,C,Y,2024-01-27 00:00,1,Medium,99.3522124760733
626,50.41347793258394,34.45474282812883,1,B,Y,2024-01-27 01:00,0,Low,78.89712224680362
627,22.578347360329598,38.94183551381266,2,B,X,2024-01-27 02:00,1,Medium,89.64427134147667
628,3.8831637918954276,25.24495393200514,6,C,Z,2024-01-27 03:00,1,Medium,107.32780878760389
629,66.17269377140748,45.001864742934615,8,C,X,2024-01-27 04:00,1,Medium,151.5377805977316
630,85.56611577154773,24.32808914258104,5,B,Y,2024-01-27 05:00,0,Medium,123.46166569831875
631,64.81231981715186,21.85033049576385,3,C,X,2024-01-27 06:00,1,High,123.07810586588691
632,22.95946205974492,42.837791929546775,9,D,X,2024-01-27 07:00,1,Medium,146.1345006621389
633,20.25192614709085,8.118479207118101,5,B,Z,2024-01-27 08:00,1,Medium,78.89806657960021
634,28.45664445232852,23.088580255136154,9,C,Y,2024-01-27 09:00,0,High,123.65508614292233
635,60.048456551410865,44.09295721060011,3,C,Z,2024-01-27 10:00,1,Low,120.41727213611956
636,91.77005678077424,12.328877873491424,3,C,Y,2024-01-27 11:00,1,Low,88.58976067196205
637,90.3870246856332,15.652276754478406,3,,Z,2024-01-27 12:00,0,High,134.2255725131894
638,20.505043528221456,49.337961514523,5,A,Z,2024-01-27 13:00,1,High,111.05434591470436
639,37.6639974939613,7.901857996631706,1,C,Z,2024-01-27 14:00,1,Medium,84.02445318460217
640,85.21666627055782,16.616159247973982,7,C,X,2024-01-27 15:00,0,Low,106.39665631301696
641,93.10589685652549,40.40951219885816,9,D,X,2024-01-27 16:00,1,Medium,176.0233892803458
642,70.27665947067362,23.236872088322674,7,D,X,2024-01-27 17:00,0,Low,110.54011165553871
643,76.25718946414295,,2,C,Y,2024-01-27 18:00,1,Medium,118.02168354908304
644,74.83048310060279,14.960310799122828,8,A,Z,2024-01-27 19:00,0,Medium,102.02210109160876
645,16.320166040135366,40.580491710803805,9,C,X,2024-01-27 20:00,0,Medium,116.7873211582561
646,4.779736383533873,9.149595839423935,3,D,Z,2024-01-27 21:00,1,High,94.8008998532264
647,84.52955731185195,23.598100246523813,2,,Z,2024-01-27 22:00,1,Medium,130.50443617791348
648,20.936644684570105,18.578905564617017,4,A,Y,2024-01-27 23:00,0,Low,55.929100084520755
649,98.23566886663858,17.785586961711715,9,D,Z,2024-01-28 00:00,0,High,158.3617695885691
650,87.66660319284648,47.30055818960394,2,C,Z,2024-01-28 01:00,0,Medium,118.72411388470192
651,68.64498340493287,2.579077204215885,1,C,Y,2024-01-28 02:00,1,High,108.89055494505602
652,85.58398269012442,3.6620429843823246,5,C,Y,2024-01-28 03:00,1,Medium,118.45856587459261
653,58.278442400734356,26.113194047718174,6,A,X,2024-01-28 04:00,0,Medium,102.7210415291714
654,48.6979684455518,40.839261608814496,5,D,Y,2024-01-28 05:00,1,Medium,139.91219474205494
655,44.08385355732797,8.420306423581042,8,C,Z,2024-01-28 06:00,0,High,118.14726912455015
656,91.07236545209334,12.664791297832789,7,C,Y,2024-01-28 07:00,0,High,130.60158505915294
657,37.078098955268516,21.81632879831677,5,C,Y,2024-01-28 08:00,0,High,102.9303115108786
658,80.01138401678112,31.11154055240502,2,D,X,2024-01-28 09:00,0,Medium,129.26176733794583
659,86.36178062544622,42.47818792696745,9,C,Y,2024-01-28 10:00,0,Medium,168.69425781515073
660,25.024052874020175,19.804382264278875,1,C,Z,2024-01-28 11:00,0,Low,74.95313336135747
661,66.17212348748744,23.05799965107852,9,C,Z,2024-01-28 12:00,0,Medium,134.8497570185586
662,8.106053803696224,24.83095870254099,3,C,Y,2024-01-28 13:00,0,High,98.31196705377383
663,51.38297704584176,13.33723578717272,3,C,Z,2024-01-28 14:00,1,Medium,99.09460242772752
664,31.96208702830067,26.00848507579118,5,D,Y,2024-01-28 15:00,0,Medium,119.12634322358339
665,96.43598109191997,29.943191161438353,3,A,Y,2024-01-28 16:00,1,Low,113.19858289701803
666,89.67584916217696,3.5012373677763273,6,A,Y,2024-01-28 17:00,0,High,103.71435414439505
667,5.121826488053294,7.598352015467036,6,B,Y,2024-01-28 18:00,0,Medium,53.876533882571074
668,29.05989806044561,1.0731019060428448,3,A,Y,2024-01-28 19:00,0,Low,33.289206061854586
669,5.494709541728171,22.470127660303586,7,D,Y,2024-01-28 20:00,1,Medium,109.20408456233079
670,97.20016773550188,10.853309480348544,7,C,Y,2024-01-28 21:00,1,Low,110.76074974585701
671,11.294609961419777,49.46576992015675,1,C,X,2024-01-28 22:00,1,Low,79.73829247247409
672,43.005906743924086,31.81683054602776,1,B,Z,2024-01-28 23:00,1,Medium,93.61463249236071
673,,34.36973508166453,1,A,X,2024-01-29 00:00,0,Medium,80.59460298456901
674,73.43403418738967,10.344360985327421,2,D,X,2024-01-29 01:00,1,Low,101.43010784869571
675,12.059364580762367,4.592020532103913,9,D,X,2024-01-29 02:00,1,Medium,119.62072643842403
676,29.5450378565726,32.73314475726681,4,A,Y,2024-01-29 03:00,0,Medium,90.26589836682741
677,89.91261864640975,47.235321793823736,7,B,X,2024-01-29 04:00,1,Low,150.95352478030713
678,45.487231655768504,43.069738341230625,4,C,Y,2024-01-29 05:00,1,High,121.23749904543392
679,13.871658088482853,30.579540464926957,2,D,X,2024-01-29 06:00,0,Low,95.81361481663266
680,,40.27473306016334,1,B,X,2024-01-29 07:00,1,Medium,108.74230631313442
681,18.047250763043376,13.52393672502965,8,A,X,2024-01-29 08:00,1,Low,68.67163083987063
682,19.169646479812783,21.45751123561281,7,B,X,2024-01-29 09:00,1,Medium,115.96531150621901
683,67.13221608685276,23.783110177923163,3,B,Z,2024-01-29 10:00,0,High,113.05512955794131
684,34.455320925120546,46.934102348870496,4,D,Z,2024-01-29 11:00,0,High,121.57230726454688
685,3.888430905740181,29.086162848742468,5,B,Y,2024-01-29 12:00,0,Medium,57.66400529545482
686,42.87032426013396,3.299445353357272,7,C,Y,2024-01-29 13:00,1,Low,85.06958777253317
687,61.543092765055476,34.39446574074735,8,C,X,2024-01-29 14:00,1,Low,110.75337594596732
688,34.359429383790896,0.12804421787378506,4,C,Y,2024-01-29 15:00,1,Low,66.65249570474795
689,64.58201359629795,1.131864029190821,4,D,X,2024-01-29 16:00,0,Low,86.45948471263468
690,83.29470620860243,5.111396482873709,2,B,Z,2024-01-29 17:00,1,Medium,101.33498825686705
691,20.87898664319129,40.52041212440463,1,D,X,2024-01-29 18:00,1,High,123.90503168744975
692,11.45875369933026,15.801751205374604,8,C,X,2024-01-29 19:00,1,Low,96.78562393460012
693,67.84250056704987,38.75877645011506,4,A,X,2024-01-29 20:00,0,Medium,101.32315968481716
694,47.28834266569436,14.96430733449246,2,B,X,2024-01-29 21:00,1,High,102.71211231044744
695,25.6704815094705,3.174473779242132,7,A,X,2024-01-29 22:00,1,High,84.17471055579978
696,,40.21042283315539,4,C,Z,2024-01-29 23:00,0,Medium,122.73949878841499
697,54.826475103865604,32.47474649961103,3,B,Y,2024-01-30 00:00,0,Low,86.3968896387052
698,27.91141631264429,24.77001813970052,1,,X,2024-01-30 01:00,1,Low,70.03595786080967
699,41.13455590202915,21.92344350915643,8,B,X,2024-01-30 02:00,0,Medium,92.19659966789231
700,15.229808911009691,28.080111428816977,3,A,X,2024-01-30 03:00,1,Low,68.57403314009099
701,95.14627503821474,1.3159747837339641,5,B,Z,2024-01-30 04:00,1,High,101.12349918888543
702,1.4713985761084403,42.54320393773329,4,C,X,2024-01-30 05:00,1,Low,81.65269424963914
703,18.37356052013115,7.493654679764816,3,D,X,2024-01-30 06:00,1,High,117.4897573937975
704,44.329340246055324,42.0957503580388,9,D,Y,2024-01-30 07:00,1,High,174.66175386752982
705,2.716129087721264,20.732103406552092,3,B,Z,2024-01-30 08:00,1,Low,55.88737037605047
706,58.865921833424096,34.105247748330406,6,C,Y,2024-01-30 09:00,1,Low,104.23249746852679
707,94.7377241490435,34.11561489444563,2,C,Y,2024-01-30 10:00,1,High,144.00511176105528
708,12.500367807025425,3.5168914467052446,2,A,Z,2024-01-30 11:00,1,Low,29.48063308911397
709,84.83586688573818,4.564473292736427,3,B,Z,2024-01-30 12:00,1,Medium,88.62126707071738
710,17.116675766647894,,8,A,Z,2024-01-30 13:00,1,Low,91.27626391304517
711,90.54494287248927,9.44523635708242,9,D,X,2024-01-30 14:00,1,High,159.73356378367413
712,33.61872044255243,15.331690472255739,3,D,X,2024-01-30 15:00,1,Low,102.84676251673156
713,44.45516361682722,,7,C,Z,2024-01-30 16:00,1,Medium,107.28083314262858
714,97.71655049524452,24.58617197668083,2,A,Y,2024-01-30 17:00,1,Medium,99.57589794188794
715,96.75506040843207,34.75577076466442,3,D,Y,2024-01-30 18:00,1,Medium,157.48328308159088
716,89.07430477526339,20.289393593984855,4,D,Y,2024-01-30 19:00,1,Medium,156.46734482993625
717,50.85126671715807,1.4525951734186693,1,C,X,2024-01-30 20:00,1,Medium,72.88769555242006
718,60.8598006447978,24.678205101909832,1,A,X,2024-01-30 21:00,0,Low,64.3914444126847
719,41.99176990496065,46.94158600806116,3,A,Z,2024-01-30 22:00,1,Medium,95.19861431786397
720,53.63633318967702,18.492477380835364,2,A,Y,2024-01-30 23:00,0,High,72.00950635517306
721,56.19199954806406,31.993923603919487,1,D,Z,2024-01-31 00:00,1,Low,98.94206482658466
722,16.74223622879859,49.18909012113819,6,D,X,2024-01-31 01:00,1,Low,110.20761475274216
723,58.30501632640912,36.87550652060613,1,B,X,2024-01-31 02:00,0,Medium,97.13863012668921
724,38.95091871112276,0.8289938057237489,3,D,Z,2024-01-31 03:00,0,Medium,68.75868928329024
725,14.4429910362053,27.978618104390346,9,A,Y,2024-01-31 04:00,0,Low,69.97328028322723
726,38.84988942623797,22.897650964800526,8,D,Y,2024-01-31 05:00,0,Medium,122.04185538652578
727,4.075950787029048,46.964229689196465,6,C,Z,2024-01-31 06:00,1,High,124.29460862691158
728,99.32358259828179,42.38356767033693,1,B,Z,2024-01-31 07:00,0,Low,130.1571486273885
729,,37.104828775851125,4,B,Y,2024-01-31 08:00,0,High,115.29270076004957
730,,19.945372523796763,6,B,Y,2024-01-31 09:00,0,High,147.5906178850966
731,10.426872226050843,22.378457395476104,4,D,Z,2024-01-31 10:00,0,Medium,84.6099261099489
732,92.00028160948483,38.918210718258266,6,B,Y,2024-01-31 11:00,1,High,161.2264349856731
733,35.423903148305705,14.040786477297024,4,B,X,2024-01-31 12:00,1,Low,72.09106033911856
734,87.30793579058063,14.877298755836144,9,C,Y,2024-01-31 13:00,0,Medium,124.17147812282838
735,23.945127106348487,13.853721078547455,8,C,Y,2024-01-31 14:00,0,Low,78.03268128032802
736,98.02904710774285,36.91301212530067,6,C,Y,2024-01-31 15:00,0,High,147.57892625808918
737,24.949174193332013,18.112995747388133,3,C,X,2024-01-31 16:00,0,High,91.738998508684
738,63.98004245884641,46.367129101950496,9,D,X,2024-01-31 17:00,0,Medium,144.76289356942152
739,22.76259134446669,47.58408532051138,3,B,Y,2024-01-31 18:00,1,High,125.0024908331033
740,49.41825423906442,9.280905914241439,2,A,X,2024-01-31 19:00,1,Medium,64.13202142125158
741,47.5543150324693,29.93792530977207,6,C,Z,2024-01-31 20:00,1,High,137.5845165404373
742,93.22282541977557,29.732158713310113,9,B,X,2024-01-31 21:00,0,High,141.07440853857355
743,38.33315384780178,21.385224753693947,5,B,Z,2024-01-31 22:00,0,Low,76.39396479350602
744,31.959614679386483,16.56024987615556,9,B,Z,2024-01-31 23:00,0,High,106.93171950139705
745,51.08312939092087,47.436503648407474,7,A,Y,2024-02-01 00:00,1,High,130.26120609104734
746,45.722455505487815,11.844075797552211,6,D,X,2024-02-01 01:00,1,High,139.01104184591978
747,65.16918215910881,42.35877560827535,1,D,Z,2024-02-01 02:00,0,Medium,112.05440949990864
748,43.59215536851704,21.016075305148952,9,A,Y,2024-02-01 03:00,0,Medium,86.10518897621063
749,,30.036485657530037,1,C,Y,2024-02-01 04:00,1,High,128.77270093521742
750,14.861916699097167,44.08080233364491,5,D,X,2024-02-01 05:00,0,Medium,92.47137712597517
751,65.10676109443645,27.198652236837074,8,B,Y,2024-02-01 06:00,1,Medium,115.81053568456521
752,48.23343124120586,17.14950939051945,7,C,X,2024-02-01 07:00,1,High,122.6423317052975
753,57.505927051461505,36.35748255488138,8,D,Y,2024-02-01 08:00,0,Low,123.0964139277865
754,73.97173974906536,10.73656520393899,3,D,Z,2024-02-01 09:00,1,Low,104.67924816136852
755,44.57021988240981,22.213007585815237,6,A,Z,2024-02-01 10:00,0,High,107.65425659396732
756,82.15750850058575,22.25082998203331,6,A,Y,2024-02-01 11:00,0,Medium,107.26160884662994
757,31.592222024631244,45.15756199127046,4,B,X,2024-02-01 12:00,0,Low,84.75247906940916
758,62.24174055085254,32.72231504920279,5,C,Y,2024-02-01 13:00,1,High,152.37490958211845
759,24.53462788264158,43.79276067365556,4,D,Y,2024-02-01 14:00,1,High,126.6479435057625
760,29.166030728509284,8.379189314035868,6,D,Z,2024-02-01 15:00,1,Low,96.67505807949941
761,18.532490526379398,24.387789429168578,2,C,Y,2024-02-01 16:00,1,Medium,89.89128348201888
762,66.07689833529905,5.206664377593184,7,A,X,2024-02-01 17:00,1,High,120.88150845384268
763,95.95969847863972,44.207608032860115,4,C,Y,2024-02-01 18:00,0,Low,132.35925960033853
764,18.662051176105653,31.880921041202615,4,C,Z,2024-02-01 19:00,1,Medium,82.99432193065054
765,36.188157903922935,27.243684782257716,9,C,Y,2024-02-01 20:00,0,High,114.52913306058821
766,7.671488340038568,25.7944687796045,6,A,X,2024-02-01 21:00,0,High,77.01908160528095
767,,46.21097899657819,8,B,Y,2024-02-01 22:00,0,High,148.6606485888335
768,10.44134924982998,49.35332523349986,8,A,X,2024-02-01 23:00,0,Medium,80.38106034722135
769,28.30204958287137,32.44178094875513,4,A,Y,2024-02-02 00:00,0,Medium,68.32159369537823
770,13.043387339415435,39.89895054232077,2,,X,2024-02-02 01:00,0,High,89.43858474809889
771,91.14455094539456,40.06786371756559,4,B,X,2024-02-02 02:00,1,Low,124.62595008976956
772,76.15304980253327,21.95807483294872,2,C,Z,2024-02-02 03:00,1,Low,105.0448717255356
773,93.22051396121354,49.689796416913154,8,C,Z,2024-02-02 04:00,0,High,166.41147095011988
774,4.228932211808544,45.68075681841701,4,D,X,2024-02-02 05:00,0,Low,110.96563041843082
775,60.8328144682219,17.99601646242563,1,D,X,2024-02-02 06:00,0,Low,72.75293284671845
776,74.6339216551297,23.716278324902678,5,A,X,2024-02-02 07:00,1,Medium,116.25632605833448
777,64.52780626591421,37.64669691563298,8,D,Y,2024-02-02 08:00,0,High,158.84352455992115
778,21.140879532263934,,2,A,X,2024-02-02 09:00,1,Medium,71.08516791767542
779,84.59735886154841,37.93826931324762,2,B,X,2024-02-02 10:00,0,Low,103.93997073625516
780,73.53479726795715,42.21173932509363,1,A,Z,2024-02-02 11:00,0,Low,87.64013233218057
781,35.636407880353815,5.378126552640189,3,B,Z,2024-02-02 12:00,0,High,88.3602305806312
782,7.084598358426075,22.928989176417865,2,D,Y,2024-02-02 13:00,0,Low,64.42274417758972
783,14.777260225237686,2.0543607280854523,9,,Y,2024-02-02 14:00,1,Low,47.83598562917794
784,53.4435622891269,33.99804053096956,9,,Z,2024-02-02 15:00,1,Low,125.55942873368458
785,81.06226560205663,45.651707367418666,7,A,X,2024-02-02 16:00,0,Low,114.40333744583796
786,31.13719291503595,33.17657125952784,6,D,Z,2024-02-02 17:00,0,Low,89.34574891137126
787,71.32742686892165,36.88688015354188,2,A,X,2024-02-02 18:00,1,Low,91.82488998757245
788,95.98695089296336,38.705728224070135,8,D,Z,2024-02-02 19:00,0,High,187.70061038088934
789,4.946302476996712,43.136829930703094,1,C,X,2024-02-02 20:00,0,High,104.86786601521129
790,5.928373776729446,6.289942655974473,3,D,X,2024-02-02 21:00,0,Low,62.02462290077015
791,3.6665868185077,,2,A,Z,2024-02-02 22:00,0,High,97.33130754482077
792,89.58159247552572,33.78216454734877,5,B,Y,2024-02-02 23:00,1,Medium,136.4604954150439
793,41.01481341433975,0.6120704339392824,5,B,Y,2024-02-03 00:00,1,Low,66.7542445971199
794,35.31815295693863,25.358682915079005,9,,Z,2024-02-03 01:00,1,Low,79.26787139384895
795,36.82347534169986,15.866585533552808,4,A,Z,2024-02-03 02:00,0,Medium,62.335422960532995
796,32.101424852537406,3.4079487184217827,8,A,X,2024-02-03 03:00,1,High,102.1149867985101
797,5.978463240196752,,9,C,Y,2024-02-03 04:00,1,Medium,106.3115757765061
798,84.26223733155238,3.2217628287319835,3,A,Y,2024-02-03 05:00,1,High,94.78734458821503
799,57.24593244169672,8.542634785117343,5,C,Y,2024-02-03 06:00,1,Low,94.4090749868965
800,11.882517957690641,3.12692989350688,9,,X,2024-02-03 07:00,1,Low,82.27067954766773
801,29.482688129442202,28.158302043502182,9,C,Y,2024-02-03 08:00,0,Low,78.25685507825798
802,36.73260852087979,4.0413668878562845,4,A,X,2024-02-03 09:00,1,High,83.37482791893264
803,51.41102282198737,29.442440168446698,4,C,Y,2024-02-03 10:00,0,High,119.20092127740541
804,82.13607373453343,33.554408340001615,3,B,Z,2024-02-03 11:00,0,High,140.97356598365624
805,80.9493159534341,36.253557206658485,3,D,Y,2024-02-03 12:00,1,Low,127.96385881964613
806,92.32392389958693,36.11354684841703,6,C,Y,2024-02-03 13:00,1,Low,134.2192259260442
807,38.959157093374884,43.341186217486495,4,C,Z,2024-02-03 14:00,1,Low,108.2569297544768
808,65.38557721169319,40.91999307567625,6,D,Y,2024-02-03 15:00,0,Low,131.03295224103283
809,73.31043371965686,39.970826013160895,9,D,Z,2024-02-03 16:00,0,Low,143.841085788621
810,33.15242118350869,9.51657246712953,2,D,Y,2024-02-03 17:00,0,Low,63.13969098906667
811,30.48807877228511,19.355903527463305,9,C,X,2024-02-03 18:00,1,Low,84.9471294035408
812,46.2985707834502,9.539178352454341,8,A,X,2024-02-03 19:00,1,Low,60.04962914564274
813,,45.037829351572675,9,D,X,2024-02-03 20:00,1,Low,157.80885422087417
814,55.58146732640494,16.46499290992131,6,C,Z,2024-02-03 21:00,0,Medium,117.23893583330751
815,18.843937331608874,33.22295227338545,5,C,Y,2024-02-03 22:00,1,Medium,93.72648721090236
816,66.03227614044278,22.908784651019488,6,C,Z,2024-02-03 23:00,0,Medium,134.98594641893928
817,0.8240341688479424,24.62980072916287,3,D,Z,2024-02-04 00:00,0,High,102.78400816311547
818,57.630574189864014,47.56222647614089,9,,Z,2024-02-04 01:00,1,Low,95.69891094781525
819,25.43322233190315,18.080419584929608,9,A,Y,2024-02-04 02:00,0,Medium,72.72643203787995
820,59.463651873284675,7.267918239127957,4,,Y,2024-02-04 03:00,0,High,122.46133648582637
821,5.891713934213449,32.290713282938995,3,B,X,2024-02-04 04:00,1,Medium,90.86879782714396
822,94.14809297872743,26.736330726240897,8,D,X,2024-02-04 05:00,1,High,152.19678930800114
823,52.369743936872396,0.36526867318301126,9,A,X,2024-02-04 06:00,1,High,119.41131014705769
824,39.73890162773748,32.223739428723455,3,A,X,2024-02-04 07:00,0,Low,70.33403309543081
825,13.904148533611849,18.462326850904837,7,C,Z,2024-02-04 08:00,1,High,115.64675855621967
826,3.55446185795556,7.417461386397328,1,C,Y,2024-02-04 09:00,1,High,107.369798027747
827,6.9966206871438725,10.941335187334056,5,A,X,2024-02-04 10:00,0,Medium,46.60904549532266
828,83.78430469975729,32.72093880010246,3,C,X,2024-02-04 11:00,0,High,131.7896285823753
829,39.02554162491331,20.00157980025945,2,D,Z,2024-02-04 12:00,1,High,142.21099025593637
830,75.87806947640834,41.41155697165502,4,B,X,2024-02-04 13:00,0,High,127.18211829399345
831,59.83071221750348,5.287529078472197,5,A,X,2024-02-04 14:00,0,High,89.10108745184246
832,,41.725329627547694,7,B,X,2024-02-04 15:00,1,Low,94.31342048039572
833,25.669232712578495,30.315284398292842,6,A,Y,2024-02-04 16:00,0,High,112.0787970531232
834,7.700346349972554,42.67861332368014,4,C,Y,2024-02-04 17:00,1,High,111.90256686144124
835,58.2738845098461,39.1835948563709,9,B,Z,2024-02-04 18:00,0,High,141.2154603946827
836,26.02514793690771,30.936841402450455,5,D,Z,2024-02-04 19:00,1,Medium,127.11655763765296
837,93.5537821490797,29.825023769762826,9,,Y,2024-02-04 20:00,0,High,144.6939872213602
838,73.15442681500548,11.109617875056927,5,A,Z,2024-02-04 21:00,0,Low,81.14624663190283
839,7.754786884116904,12.863255279104068,1,B,X,2024-02-04 22:00,0,Medium,37.80252239145528
840,64.74884851446328,45.64321109975367,9,B,X,2024-02-04 23:00,0,High,149.17165676806547
841,0.12326569539373722,8.85328645081494,4,D,Z,2024-02-05 00:00,0,High,89.30763994122697
842,3.409546726168855,,2,B,Y,2024-02-05 01:00,0,High,116.8825153599467
843,49.89332430032023,41.15702395565138,9,A,Y,2024-02-05 02:00,0,High,129.34067034439587
844,87.06080119475469,30.252302416510823,3,C,Z,2024-02-05 03:00,1,High,139.8071522245531
845,77.40841751093774,41.61814073661471,4,,Y,2024-02-05 04:00,0,Medium,129.4182878266501
846,4.5095833296345145,23.2150147901708,4,,Z,2024-02-05 05:00,1,High,83.3668216355089
847,45.918236283707024,38.16872242606695,3,D,Y,2024-02-05 06:00,1,High,147.83336211402462
848,65.8316028531869,11.24901009215426,1,B,Z,2024-02-05 07:00,1,High,105.85919751542995
849,25.107954512235786,9.200277814502117,4,C,X,2024-02-05 08:00,0,Medium,72.68818937612613
850,,23.06445179057519,5,D,Y,2024-02-05 09:00,0,Low,91.95098706022885
851,9.1129452737176,37.95606795880321,2,D,Z,2024-02-05 10:00,0,Low,77.96799198505448
852,89.07214011960843,26.73073115272167,3,A,Y,2024-02-05 11:00,0,High,132.29330845306413
853,3.4276998739528275,36.57156016152103,1,B,Z,2024-02-05 12:00,1,Medium,60.23647747593036
854,74.40177335841875,42.865477919328896,2,C,Y,2024-02-05 13:00,0,Low,109.36446034872304
855,33.2087438604772,23.956366233339775,8,D,Y,2024-02-05 14:00,0,Medium,104.15067915064766
856,88.45023967749742,29.7693114166457,8,C,Y,2024-02-05 15:00,0,High,148.7737532542977
857,,15.435675371732538,3,A,X,2024-02-05 16:00,0,High,68.71490463152873
858,93.02442222658861,37.26909758050156,4,B,Z,2024-02-05 17:00,1,Low,117.55443455528527
859,31.257257398300254,43.74678667667439,5,D,Z,2024-02-05 18:00,0,Medium,110.12579736540319
860,24.075206395770422,12.17684562104478,6,D,Z,2024-02-05 19:00,0,Low,78.86729876683422
861,83.09352056870767,30.008348155267704,6,A,Z,2024-02-05 20:00,1,Medium,115.54352162046793
862,19.870973560074155,32.614032441505195,4,C,Y,2024-02-05 21:00,1,Medium,101.40072857164465
863,19.98570178906318,6.4632053690119875,7,C,X,2024-02-05 22:00,1,Medium,100.51528256978347
864,10.565818578565922,16.401631581862787,3,,Y,2024-02-05 23:00,0,High,83.56535814056684
865,25.91398279574616,,4,D,Y,2024-02-06 00:00,0,Low,78.55253663251229
866,81.5186037379348,21.689910681214887,8,C,Y,2024-02-06 01:00,0,Medium,145.9656951781399
867,50.34726913182778,48.633786997985844,1,D,X,2024-02-06 02:00,1,High,135.60730028818188
868,17.036906899584668,23.806830958973325,2,C,Y,2024-02-06 03:00,0,High,98.44794745123453
869,22.59515846731509,,4,C,Y,2024-02-06 04:00,0,Low,48.50687533267871
870,31.596965183898874,43.68331368263998,5,D,X,2024-02-06 05:00,0,Low,110.28060871842116
871,0.15828823914896262,25.260637969710054,3,A,Y,2024-02-06 06:00,0,Medium,43.64356969353212
872,72.18222475595678,49.138429879516664,6,A,Y,2024-02-06 07:00,1,High,147.09505977680888
873,94.55355056418725,45.444595409054564,2,D,Y,2024-02-06 08:00,0,Medium,163.54841641587117
874,78.1659053255445,3.1657551086362092,4,D,X,2024-02-06 09:00,0,Low,97.31710135814099
875,52.915389860388814,33.19371595353696,3,A,X,2024-02-06 10:00,0,Low,69.51739942792005
876,35.90011299336848,31.678310214137834,7,A,Z,2024-02-06 11:00,0,Medium,92.5801988970555
877,97.9970614567922,0.21776860135541698,7,B,Y,2024-02-06 12:00,1,High,111.9019531064077
878,21.418169407314668,45.52112882236409,2,A,Y,2024-02-06 13:00,0,Low,69.23227632687889
879,8.926508313489645,42.85879955121128,8,C,Y,2024-02-06 14:00,1,Medium,113.43971693050722
880,65.97526745214701,49.96848763134764,4,D,X,2024-02-06 15:00,0,Low,135.7454942521825
881,50.9337871908193,3.1697544732241734,8,B,Z,2024-02-06 16:00,1,High,113.18244270066103
882,53.564339773009486,22.755629201208112,5,B,Z,2024-02-06 17:00,0,Medium,80.312973010391
883,,8.141406492348485,8,D,Y,2024-02-06 18:00,0,Medium,120.96263254619865
884,44.51038684669783,38.846736040446025,3,B,Y,2024-02-06 19:00,1,High,106.0552903985709
885,5.108600837968114,23.199252355269522,1,D,Y,2024-02-06 20:00,0,Low,70.96190722352762
886,,45.15058095556109,4,B,X,2024-02-06 21:00,1,Medium,91.22316453215939
887,35.65382628216894,38.74916127388321,1,D,X,2024-02-06 22:00,0,Low,99.57504073056988
888,94.83853368673418,24.85089797371281,8,A,Y,2024-02-06 23:00,0,High,118.9119603825992
889,79.88636860860939,6.195151183056257,2,B,Z,2024-02-07 00:00,0,Medium,89.0681275938064
890,75.15012458677795,29.375824804251316,3,C,Z,2024-02-07 01:00,0,High,132.00344167538447
891,20.94801519313999,34.164375757967,5,C,X,2024-02-07 02:00,1,Low,102.22383211934074
892,72.84706159326788,19.343734269256828,9,A,X,2024-02-07 03:00,0,Low,80.46421096648874
893,21.826857067602724,11.760373277282893,5,C,Z,2024-02-07 04:00,1,Medium,95.43010014534458
894,31.62879686241539,18.889263504014732,1,B,X,2024-02-07 05:00,1,Medium,71.87312036072252
895,88.49539644788453,30.55887567863885,5,D,Z,2024-02-07 06:00,0,High,162.8345378118032
896,77.28064946673608,33.04502510687351,9,A,X,2024-02-07 07:00,0,Medium,130.00657317669203
897,81.40647172429888,43.58191772878006,1,B,X,2024-02-07 08:00,1,Medium,117.60662320207561
898,7.762266999881595,3.777410581935775,3,D,X,2024-02-07 09:00,0,Medium,64.10037580165712
899,96.50249221192838,35.33352478308322,6,,X,2024-02-07 10:00,0,Medium,105.92634185485286
900,32.36695167059721,45.06115048715853,9,A,Z,2024-02-07 11:00,0,Medium,83.37349526248238
901,93.97421694089661,,7,D,Y,2024-02-07 12:00,0,Medium,155.32359839079626
902,75.38234971485569,32.26826927527717,1,A,X,2024-02-07 13:00,0,Low,87.79837218724563
903,46.6060352569176,20.913420423738284,3,A,Y,2024-02-07 14:00,1,High,97.33629155687096
904,64.52627570467104,44.2042961812035,7,D,Y,2024-02-07 15:00,1,Medium,144.66369427513277
905,39.854644512611515,28.207169946287724,5,B,Z,2024-02-07 16:00,0,Low,72.6728434057785
906,62.610161017158575,19.885915655728866,3,B,Z,2024-02-07 17:00,1,High,117.90634776962351
907,95.89857937969671,24.83523559588959,3,D,X,2024-02-07 18:00,0,Medium,139.73453436320503
908,68.96196204678738,2.6658836617448722,2,B,X,2024-02-07 19:00,0,Medium,66.60484473080255
909,31.75494864283227,38.88066805021813,2,C,Z,2024-02-07 20:00,0,High,113.55123804049283
910,41.02986088089421,4.992328642304761,7,D,Y,2024-02-07 21:00,1,Medium,110.29468111724354
911,62.77114273150867,20.837061373545623,5,,Y,2024-02-07 22:00,0,High,124.75881799928457
912,88.05550220466694,23.82238781690638,7,D,Y,2024-02-07 23:00,1,Low,142.06641053394793
913,,33.1373732786611,8,D,X,2024-02-08 00:00,1,Low,119.62517192626397
914,47.158809972560476,18.48700296003349,3,B,X,2024-02-08 01:00,0,Low,65.60155912688494
915,42.62736048498852,3.880453984286608,4,D,Z,2024-02-08 02:00,0,Medium,92.04012729108065
916,39.605881477587346,1.6302892186719375,4,A,X,2024-02-08 03:00,0,Medium,47.903894416205944
917,79.94364285982738,40.416882548531476,2,D,Y,2024-02-08 04:00,0,Medium,138.1857754483285
918,10.691592055616205,12.40518989519278,3,A,X,2024-02-08 05:00,0,Medium,68.7548828159371
919,68.43428175413996,9.561129632810072,7,A,Y,2024-02-08 06:00,1,Low,93.47181511093765
920,64.7811763733066,,7,B,Z,2024-02-08 07:00,1,Low,110.4990618845162
921,43.735320696908445,23.589884658551654,7,A,Z,2024-02-08 08:00,1,Low,65.49550706519801
922,32.06156064233693,42.31259429341922,9,D,X,2024-02-08 09:00,0,High,149.9857514126579
923,16.5139014529885,48.36628962698723,6,A,Z,2024-02-08 10:00,0,Medium,88.8254552242287
924,36.576951270966006,24.504085183607188,1,B,Y,2024-02-08 11:00,0,Low,56.696366007154566
925,48.69226693230585,8.143048815966115,1,D,Z,2024-02-08 12:00,0,High,108.96277357302986
926,78.36679536607187,21.668464636574026,9,D,Z,2024-02-08 13:00,1,High,163.8656067740438
927,31.340416702013464,13.144470326693536,4,D,Y,2024-02-08 14:00,0,Low,70.3038551048894
928,6.37309205328963,9.738265645901734,4,,Y,2024-02-08 15:00,0,High,68.47527836940561
929,15.75530306403541,21.498054633948122,7,B,Z,2024-02-08 16:00,0,High,93.7445937717705
930,95.73396912968923,39.86705866670622,6,B,Z,2024-02-08 17:00,1,Medium,134.46872059714127
931,29.051393229824328,46.98439794402608,4,C,Z,2024-02-08 18:00,1,High,125.67367059122103
932,11.443076585138689,20.8248140829942,7,A,Y,2024-02-08 19:00,0,Medium,61.72532687034042
933,11.7033110516074,12.567979096252724,5,C,Z,2024-02-08 20:00,1,High,98.0404187799014
934,76.95348423832301,0.5636231442878226,2,D,Z,2024-02-08 21:00,1,Medium,92.79504549344222
935,65.95340629074008,18.498765405611266,2,C,Z,2024-02-08 22:00,1,Medium,110.60697314615332
936,96.63560383735151,38.057440725763826,5,D,X,2024-02-08 23:00,0,High,180.4547610830255
937,53.4520927695108,2.9939865823409795,3,C,X,2024-02-09 00:00,0,Medium,68.3044370001213
938,6.313811433389116,15.488001522078253,2,C,Z,2024-02-09 01:00,1,High,74.44136673111288
939,61.12883510067153,45.55290012271202,8,D,Z,2024-02-09 02:00,1,High,178.657992984449
940,13.473219465467402,5.871373148255432,4,D,Y,2024-02-09 03:00,0,Medium,82.85733020380633
941,63.57369026420211,20.936325629094853,2,D,Y,2024-02-09 04:00,1,Low,95.94491535161445
942,44.42165551855659,38.285493559782566,5,D,X,2024-02-09 05:00,0,High,120.09315677819279
943,73.16347675948587,12.506274844397947,8,D,X,2024-02-09 06:00,1,Low,138.03831799501268
944,70.08280248754542,,2,C,X,2024-02-09 07:00,0,Medium,122.6648939267955
945,34.03240062504966,48.993413088593094,2,D,X,2024-02-09 08:00,1,Low,107.92066442325194
946,46.864006262118,3.74945780674007,6,A,Y,2024-02-09 09:00,1,Medium,74.12219393508397
947,89.84723474787269,44.388810296651585,1,A,X,2024-02-09 10:00,0,Low,87.6427051125816
948,99.44144639566755,18.27066415186947,3,C,Y,2024-02-09 11:00,0,High,138.19355316079267
949,44.61299165915153,11.333991573373082,2,C,Z,2024-02-09 12:00,1,High,94.0032855250239
950,66.54060191807288,32.838069205861856,3,D,X,2024-02-09 13:00,1,High,145.97287576885913
951,5.38283694783388,39.79703484514954,2,C,Z,2024-02-09 14:00,0,Low,80.35519971572424
952,37.702205239921064,1.3714320916022094,1,A,X,2024-02-09 15:00,0,High,56.866148833265655
953,34.350840635595944,12.92053825345349,5,B,Y,2024-02-09 16:00,0,Low,65.15941615163676
954,,2.082640710028194,3,B,Z,2024-02-09 17:00,1,Low,49.15650536350667
955,19.678117148111273,3.120512146996135,9,B,X,2024-02-09 18:00,0,Low,87.39792000305927
956,90.4758972940302,34.24516951834322,3,B,X,2024-02-09 19:00,1,Medium,124.81659806875682
957,67.45121966824543,28.993276024973763,9,D,Y,2024-02-09 20:00,1,High,178.9037844085526
958,17.886599459767538,20.384185831038472,6,D,Y,2024-02-09 21:00,0,Low,87.43771371112962
959,66.70927684467165,21.687152865052845,5,C,Y,2024-02-09 22:00,0,High,127.89109413868039
960,4.658000021813602,5.572527822007533,6,A,X,2024-02-09 23:00,0,Low,30.398058649260566
961,,21.337917082155506,4,C,Z,2024-02-10 00:00,1,Medium,106.43093660655441
962,15.475831036736121,18.775653579680913,3,B,X,2024-02-10 01:00,0,High,92.64207424929714
963,4.999418427160018,41.26531715248558,8,D,X,2024-02-10 02:00,0,High,140.411315251087
964,40.8789342851978,37.78099814466431,3,A,Z,2024-02-10 03:00,0,Medium,84.7437143244909
965,37.440746171719056,18.055680680379805,5,D,X,2024-02-10 04:00,1,Low,101.94875881007893
966,58.34140658482278,41.46870113779026,2,C,Y,2024-02-10 05:00,0,High,146.07631679757992
967,30.21298771468771,34.715916436514746,6,C,X,2024-02-10 06:00,1,Medium,111.83648708060512
968,32.52248092104265,34.04774346433583,3,A,X,2024-02-10 07:00,1,Low,75.90109626174826
969,70.2277988425429,23.504169231437942,9,C,Y,2024-02-10 08:00,1,Medium,148.73368995784656
970,56.19727488677191,31.51914724408727,1,,Y,2024-02-10 09:00,1,Low,83.48881484494781
971,50.081858811165816,48.70623737936769,9,C,Z,2024-02-10 10:00,1,Medium,149.50316001931114
972,23.596053253524307,7.71628979680421,7,C,Z,2024-02-10 11:00,0,Medium,79.68030513144951
973,72.12255065834968,38.405719316804465,5,C,Z,2024-02-10 12:00,1,Low,125.26974366950402
974,58.13771097484288,17.719733293273503,6,B,Y,2024-02-10 13:00,1,Low,92.2480543845981
975,40.41194896307355,43.079736917724446,9,C,X,2024-02-10 14:00,1,Medium,147.6904065616141
976,40.61655563525143,29.00896378968401,1,A,X,2024-02-10 15:00,0,High,89.95193226349782
977,68.07884987373181,39.93068233913643,1,A,X,2024-02-10 16:00,1,Low,90.64184622293865
978,79.35622288235164,42.44454526040604,9,C,Y,2024-02-10 17:00,0,Low,136.96626210394763
979,24.251207900511563,48.077893650905935,3,D,Z,2024-02-10 18:00,0,Medium,121.26975815647562
980,98.27429419031051,36.348421061154205,6,A,Z,2024-02-10 19:00,0,Medium,127.02500976113627
981,25.41976082179731,14.55265390460752,6,A,Z,2024-02-10 20:00,0,High,83.76677220970066
982,32.040768961098784,16.163797295716304,8,D,Y,2024-02-10 21:00,1,Low,91.41878977133072
983,47.1975764447224,,8,D,Z,2024-02-10 22:00,0,High,131.93668512291035
984,10.693079351141666,11.233378254291793,8,A,Z,2024-02-10 23:00,1,Low,51.915341270320454
985,1.540866888596526,28.119078237005173,9,D,Z,2024-02-11 00:00,1,Medium,137.6807563338689
986,31.528503927735173,34.22959019321305,5,C,Y,2024-02-11 01:00,1,Low,86.1027891581009
987,51.660028000713055,,8,C,Y,2024-02-11 02:00,1,High,151.24190718381232
988,9.29150545670443,21.734006173091853,3,,Y,2024-02-11 03:00,0,Low,52.41536185053122
989,25.093238089798753,20.94511707687035,4,D,Z,2024-02-11 04:00,0,Medium,109.75216339803066
990,92.92628293200241,22.871700693723973,9,A,Y,2024-02-11 05:00,0,Low,110.55821440580266
991,82.43959272421827,7.516989239150917,1,D,Y,2024-02-11 06:00,1,High,138.39480005272816
992,33.53697979449806,17.918371757954223,5,D,X,2024-02-11 07:00,1,High,131.70946311265487
993,34.32257186975684,28.180937692549772,9,B,Z,2024-02-11 08:00,0,Low,64.19862578432517
994,27.457195077963693,36.76877779774212,9,A,X,2024-02-11 09:00,1,Low,103.17420291258514
995,65.91868967303697,32.879319555597284,8,B,Z,2024-02-11 10:00,1,High,140.1492011755911
996,2.716762575959164,2.771866185647265,8,B,Y,2024-02-11 11:00,0,High,96.70231065996003
997,25.33878428028412,3.70253535719296,2,C,Y,2024-02-11 12:00,0,Low,59.0221641273461
998,62.72013630740842,5.886434269062779,3,A,Z,2024-02-11 13:00,0,High,64.7578371518986
999,24.936027646908144,8.249726554503933,8,B,Z,2024-02-11 14:00,0,Low,57.00343864311065
1000,70.6961291751121,49.34808335492685,1,C,X,2024-02-11 15:00,0,Low,90.83345103310106
