customer_id,age,income,employment_length,num_credit_lines,credit_utilization,num_late_payments,home_ownership,risk_grade
1,46,80334.07193059221,6,14,0.8422249293078128,5,Own,
2,20,40226.020848555054,10,3,0.930081948653171,1,Mortgage,D
3,32,149740.0748482071,37,10,0.9881735966318659,2,Own,C
4,22,161496.16289667922,39,9,0.6927923696584014,7,Own,D
5,20,76447.10368116589,22,8,0.5609069881462299,3,Rent,D
6,39,159651.99817772905,31,1,0.8912168619298837,4,Own,C
7,59,37958.4948190641,24,10,0.28349194230837593,8,Own,
8,45,97486.86065912746,2,10,0.5328144539608324,7,Own,
9,31,69822.8999529285,27,5,0.2171522396487574,3,Rent,C
10,25,69587.46260335234,8,13,0.325859529725376,3,Rent,D
11,69,187472.7773465358,3,12,0.7023338549376539,3,Mortgage,C
12,28,159747.52107007056,4,5,0.09739318919573292,9,Mortgage,
13,55,157912.6609244578,12,7,0.4858972440255007,8,Mortgage,
14,39,108773.87183929844,8,7,0.8414109872845412,2,Rent,C
15,29,131893.6333093872,14,8,0.49589017889860354,8,Own,
16,29,161477.09365048065,20,2,0.240941348318935,7,Rent,D
17,50,67988.00492495473,19,2,0.35546207531538365,3,Rent,C
18,39,72437.75061583605,3,2,0.579015438700225,7,Own,
19,44,179033.41723000744,35,9,0.6225750681975916,2,Mortgage,B
20,64,61218.19329418155,26,10,0.008131048180088807,3,Own,C
21,50,142396.09282296663,12,9,0.17905440029458763,7,Own,D
22,66,185407.29817439063,8,8,0.6917410216004121,9,Rent,
23,60,191409.65886411996,11,14,0.08315650720744294,6,Own,C
24,28,74573.87833912199,23,1,0.8509864261976979,3,Mortgage,D
25,60,191030.20736108068,27,1,0.30543180871265196,0,Own,A
26,68,44837.67398665601,6,13,0.7877296587696002,9,Mortgage,
27,43,63663.57181476911,39,11,0.8416574618028809,5,Mortgage,D
28,23,92307.79759546716,14,8,0.9383720197779531,0,Own,C
29,56,156726.48489607626,16,2,0.7087911949778306,7,Mortgage,
30,64,36139.40902624049,8,7,0.861780427912102,3,Mortgage,D
31,43,60044.48679317803,33,1,0.27275919300696083,9,Own,
32,33,105811.04719848753,37,6,0.01563817211273144,6,Rent,D
33,27,33456.0379619824,39,14,0.6794811510899862,6,Own,
34,68,83480.47081754159,2,10,0.2560652448051931,9,Mortgage,
35,46,130624.87383033847,33,5,0.7497468044302217,3,Rent,C
36,61,159068.09930843388,5,8,0.37523314631275184,0,Mortgage,A
37,49,110156.3958638621,11,14,0.7681303190497846,4,Mortgage,D
38,69,100692.93749506907,7,8,0.7617994470034252,8,Mortgage,
39,33,79724.4796977814,26,10,0.4416041413025089,9,Own,
40,59,86310.45310589294,13,3,0.8594957915770167,6,Rent,
41,59,117160.2393799602,21,3,0.46923333228759545,4,Rent,D
42,37,91298.6196338208,5,10,0.9589465566145007,5,Mortgage,
43,32,77120.3639858522,28,10,0.03988989369669005,0,Own,A
44,48,132209.9160152986,5,8,0.5420341850208338,8,Rent,
45,47,199395.57908962795,39,11,0.018594081524657913,9,Rent,D
46,67,72805.06868103122,3,8,0.3153281002220937,5,Mortgage,D
47,69,41615.57316459966,39,6,0.4619438563253565,1,Rent,B
48,23,46523.14764937326,23,1,0.17078362372631828,5,Mortgage,D
49,46,,18,9,0.8141031417837511,2,Own,C
50,55,120236.84596017758,18,8,0.4192869960325545,4,Rent,C
51,43,39214.833483702256,31,7,0.14443002183977727,2,Mortgage,C
52,43,93813.88959663789,37,1,0.29175784294409357,5,Mortgage,D
53,22,173756.92921306036,39,1,0.13383691353947114,0,Rent,
54,64,106025.90157668726,20,12,0.5433070773022819,1,Own,B
55,38,160726.63703797353,36,9,0.4675379211898212,9,Mortgage,
56,58,28341.63709966457,22,12,0.21112682643059333,0,Own,B
57,68,108440.41497775874,16,1,0.9715285571652633,2,Mortgage,C
58,28,168333.84530165303,30,12,0.6595991275916013,0,Own,A
59,41,128355.3831070325,37,1,0.31981672813446926,9,Rent,
60,41,40581.61549941699,2,14,0.36820644952565296,0,Rent,C
61,35,179236.5102919443,34,6,0.942440333450958,3,Mortgage,C
62,27,53335.52314119127,8,1,0.5778576893639682,8,Own,
63,36,148156.61614962918,11,3,0.11193662588318642,7,Mortgage,D
64,67,33035.29643631999,8,13,0.8064908424898866,9,Mortgage,
65,56,116912.28054026693,30,11,0.8785438070049404,6,Rent,D
66,46,74097.97009728535,20,13,0.6502663220357249,0,Mortgage,B
67,54,195760.29710531663,39,14,0.047329775880462166,1,Mortgage,A
68,54,181935.51908917614,38,2,0.29529720783230096,4,Rent,B
69,33,99340.22379957826,35,7,0.7322543714364631,3,Own,C
70,62,173694.80230578507,34,4,0.25295225732352,0,Own,A
71,60,63089.38908942155,21,13,0.4389575021258968,5,Mortgage,D
72,41,113673.45939944709,5,5,0.2827655208135599,0,Mortgage,B
73,41,169166.475902881,14,11,0.10177261562568418,9,Mortgage,
74,30,143209.69198825635,27,7,0.45374829903266223,2,Rent,B
75,51,,10,11,0.6274423475272239,9,Mortgage,
76,46,116373.45417242973,9,2,0.2893207010928732,2,Mortgage,C
77,39,72321.61261862848,38,4,0.2265986140104166,0,Rent,A
78,65,121445.76111564846,30,12,0.12467640502913135,4,Own,C
79,53,44457.14401711177,19,9,0.6816612574206267,7,Mortgage,
80,38,156247.5978731831,3,3,0.22756069317475935,7,Mortgage,D
81,29,199089.60792578285,11,6,0.43106324138378926,0,Own,A
82,32,29354.12957317404,26,4,0.16835581037894098,9,Own,
83,47,162654.72831959644,5,11,0.6159185095900387,3,Own,C
84,27,171155.6704160174,35,10,0.6243484934380175,1,Mortgage,A
85,41,,36,11,0.8564703662716087,6,Mortgage,
86,47,125261.49491662068,21,8,0.9853277816959364,5,Mortgage,D
87,35,180694.31578957717,24,10,0.9013856514730993,0,Own,A
88,36,122196.7974705003,31,14,0.8228198946192152,1,Rent,B
89,59,125874.1935873211,12,2,0.8833528602557608,5,Rent,D
90,61,199193.2501336558,12,5,0.05379618625600746,7,Mortgage,D
91,68,181628.21007050367,29,13,0.7615784915823165,4,Own,C
92,59,134237.09501604878,28,10,0.3696010305231473,0,Own,A
93,38,112564.01257517863,32,12,0.18836394781725974,3,Own,B
94,68,54546.24494023995,30,13,0.43237451715466535,5,Rent,D
95,57,171939.68637303438,30,4,0.11529880226436073,3,Mortgage,B
96,37,71421.66055190955,29,9,0.2681467998822221,3,Mortgage,C
97,56,21181.59833477395,13,7,0.41276559213733566,4,Own,D
98,48,30075.79101764642,22,6,0.5873814981396809,1,Mortgage,C
99,34,55403.52705654956,35,8,0.9343264733941499,7,Own,
100,40,166433.39244249,32,3,0.07377687786648623,1,Rent,A
101,26,195416.21369464294,27,3,0.620923504684511,7,Mortgage,D
102,55,149001.75134322557,39,13,0.07665523697159138,8,Mortgage,D
103,67,49923.960337851386,31,3,0.5932913318983153,0,Mortgage,B
104,41,175705.92244938386,25,12,0.6036687445656097,3,Rent,C
105,56,165806.0321596538,3,11,0.3897541831298772,4,Own,C
106,25,172801.6198744836,22,1,0.05204276990261347,2,Mortgage,A
107,59,52610.66353953704,13,10,0.8210472851148297,4,Rent,D
108,33,112933.13432485533,32,8,0.3370535502173315,3,Mortgage,C
109,36,132743.3107810431,4,8,0.05977872261792849,2,Own,B
110,20,141994.20069343608,9,7,0.05300525044548554,9,Rent,
111,63,143290.04542909894,8,3,0.08753800340891627,3,Rent,B
112,21,22402.73482905633,7,13,0.8658088766615553,4,Mortgage,
113,61,192754.9172977737,12,10,0.47383764069133494,0,Rent,A
114,64,124269.2551076219,12,7,0.8727927331222168,8,Mortgage,
115,57,54951.052857145536,1,14,0.7488213739197354,3,Own,D
116,65,157919.73951505066,21,12,0.014058599704485308,3,Own,B
117,68,29728.265669052176,33,7,0.30479091809959835,3,Rent,C
118,55,49746.14484322604,36,10,0.5223394662117697,1,Rent,B
119,69,91399.22845861931,36,7,0.02981652345876984,1,Own,A
120,40,121370.84445630471,11,4,0.9583149575364329,0,Own,B
121,24,95180.44395590601,4,5,0.909406487542231,8,Own,
122,39,74661.95692091263,32,13,0.23588693151388707,2,Mortgage,B
123,60,152654.1231774721,21,5,0.36587715633181805,7,Mortgage,D
124,41,21210.802308351507,27,4,0.7267865168379487,9,Rent,
125,59,142117.54523798026,10,1,0.017200414559807697,2,Own,B
126,42,190974.94185717317,36,2,0.22490630344294693,3,Rent,B
127,20,47088.68607007917,22,10,0.5128613922588927,1,Mortgage,C
128,32,174032.51508195835,35,12,0.3629779585482429,0,Own,A
129,43,53356.71364091052,10,2,0.11041723649486845,9,Own,
130,44,95753.67364916975,38,14,0.5548967579491018,8,Rent,
131,62,,22,5,0.8223017223445422,3,Mortgage,C
132,47,161610.6480961698,12,3,0.23116299307512866,1,Mortgage,A
133,23,84692.12968055406,22,2,0.22260296254656187,8,Own,
134,42,82867.89367995081,13,11,0.07072049724963425,4,Rent,C
135,68,77968.68721390114,32,5,0.5542826981968484,1,Own,B
136,23,85251.55600875625,16,2,0.4046831175150897,5,Own,D
137,59,195658.1384343427,14,14,0.6319727559057193,8,Mortgage,
138,53,81339.7503938924,6,10,0.03471656270823398,8,Mortgage,
139,39,100119.29926960391,37,3,0.6400663318135941,1,Own,B
140,36,58185.4245378126,29,9,0.931794413853104,4,Mortgage,D
141,49,134973.40787948723,27,7,0.8218313958229386,2,Mortgage,C
142,47,169887.77813171947,21,12,0.3453073940488045,4,Rent,C
143,43,71476.09713795551,2,9,0.11055586881338675,8,Rent,
144,67,58295.576055130456,0,7,0.5384552274124935,8,Rent,
145,50,101248.55806729186,2,4,0.2837958486488287,0,Rent,B
146,51,143265.5971081584,35,10,0.010774639655356522,7,Rent,D
147,57,93187.1856257515,31,14,0.4086604830123597,2,Own,B
148,48,46587.546564701195,13,10,0.5399590558645259,7,Mortgage,
149,26,52463.84890154876,34,6,0.7754759263347712,7,Own,
150,34,71751.78405749217,21,1,0.9797287244458697,8,Rent,
151,64,170218.41152566654,21,11,0.866616768185921,9,Own,
152,25,111648.64503439814,27,1,0.5415256779077939,1,Own,B
153,36,125812.49496234526,4,3,0.8067115108636458,2,Own,C
154,52,56221.97859060523,20,5,0.8292046747605628,1,Rent,C
155,63,137808.32896319102,4,14,0.9667111529913873,9,Rent,
156,20,170983.3376877506,4,6,0.24695901561206512,6,Rent,D
157,22,56017.78615155096,22,10,0.2518400443254112,5,Mortgage,D
158,32,30519.20554839653,2,8,0.2185560756721251,9,Mortgage,
159,30,139528.14928483954,2,1,0.9011937438512051,9,Own,
160,31,166857.3543716762,8,1,0.6840558789612103,3,Mortgage,C
161,37,143171.13692642044,8,14,0.13987060530013573,8,Mortgage,
162,59,97118.31638786219,25,10,0.9613410647357566,0,Rent,B
163,35,137632.81035849915,10,4,0.6054465249182844,0,Own,B
164,52,199447.99788349227,31,3,0.002105805688770279,8,Mortgage,D
165,60,132247.65689284174,18,1,0.43663024320780397,4,Mortgage,C
166,23,115064.44243267328,28,2,0.7728073799178504,4,Mortgage,D
167,43,117156.86599481646,21,7,0.3102896973330457,0,Mortgage,A
168,55,104425.8506939264,6,1,0.6711114158708812,1,Own,C
169,66,143810.26931259473,28,4,0.718031779114218,2,Own,B
170,65,172059.16169698822,13,7,0.8285730860407896,7,Mortgage,
171,63,149745.15856728746,16,8,0.5804539873636402,3,Rent,C
172,26,60570.79052824666,38,3,0.19154249675673574,0,Rent,A
173,28,85998.36089594186,11,11,0.8422279706121877,7,Own,
174,56,126362.38511858594,26,3,0.1832961695466857,0,Mortgage,A
175,38,198768.01149930363,8,6,0.45852498107207074,1,Rent,B
176,48,32346.45153783023,12,8,0.08996582259185681,7,Mortgage,
177,25,53945.152401078514,2,12,0.15921710799603195,7,Rent,
178,55,159448.95902506006,15,1,0.1918273862345029,9,Rent,
179,41,54614.07773953172,32,8,0.7194978791493569,0,Own,B
180,41,141060.51911930108,4,2,0.21981747543479446,1,Rent,B
181,57,198981.78872898562,22,10,0.5121608510934395,7,Rent,D
182,62,135345.01733266612,38,3,0.6774615848147558,3,Mortgage,C
183,22,106235.54375749479,34,9,0.5499933353699501,9,Rent,
184,44,169875.6385656973,14,13,0.6605273828746548,8,Mortgage,
185,33,158920.13305212493,36,8,0.8994730063523234,2,Own,B
186,24,147954.9040862166,15,2,0.9659094054071299,7,Mortgage,
187,37,41094.83894033069,4,2,0.684053022990315,9,Mortgage,
188,47,133718.0428034734,39,1,0.18676716612813848,6,Rent,C
189,49,22387.745129205166,15,2,0.9792439078521774,7,Own,
190,55,30170.98568148777,3,6,0.07023183110713038,8,Mortgage,
191,25,26952.50964038971,8,8,0.9277349757076098,3,Own,D
192,50,39605.11487671564,12,5,0.4517333648395022,9,Own,
193,37,97849.3616370782,22,4,0.842483411357091,4,Mortgage,D
194,44,190319.7126857583,3,11,0.34017421191354846,6,Rent,D
195,53,33478.753684099596,23,4,0.5614953919393917,5,Own,D
196,27,149837.0250325381,28,3,0.1416671750684101,2,Own,B
197,47,111320.22458036472,30,3,0.9051103508152545,7,Mortgage,
198,26,69652.03769065546,10,11,0.2998092740245044,1,Own,C
199,53,77045.30799104956,1,4,0.2623107163005838,0,Mortgage,B
200,44,24114.96221614134,30,5,0.4456738552126098,5,Mortgage,D
201,20,146074.4960352769,12,10,0.3655179745530788,9,Mortgage,
202,62,38074.45916505562,30,8,0.13790968874457865,0,Mortgage,B
203,21,26245.302693119294,23,10,0.024625560523981904,0,Mortgage,B
204,53,104296.3599610761,10,7,0.32104127396263626,8,Mortgage,
205,51,105921.57785371935,11,5,0.7198324689513091,0,Mortgage,B
206,31,137851.20307836565,13,10,0.1890526550620728,8,Mortgage,
207,63,147158.7902369458,23,13,0.17249880473857493,2,Mortgage,B
208,45,111581.92569389465,34,4,0.5322802286020658,1,Rent,B
209,41,147446.31339749225,6,7,0.6716695913914902,2,Rent,C
210,62,65042.41892444825,17,11,0.9868303322131344,1,Mortgage,C
211,50,,26,2,0.0833991344808862,1,Rent,B
212,52,187664.63852864233,25,7,0.46350379390797036,0,Mortgage,A
213,41,87187.17286324731,14,8,0.9687584843303517,3,Rent,D
214,67,36210.77620518311,34,1,0.6432109509880279,4,Rent,D
215,27,168880.3807291136,18,14,0.650592722426141,3,Own,C
216,35,130357.50881736387,5,4,0.8989883066456473,0,Mortgage,B
217,47,126550.89598822514,37,8,0.33987420093629506,1,Mortgage,A
218,33,43870.301983753125,27,7,0.5481118237391831,2,Mortgage,C
219,23,156328.017213703,3,8,0.4682593360621581,0,Mortgage,B
220,43,56651.83646586366,35,13,0.34197354896130083,9,Mortgage,
221,38,27575.929050928513,14,14,0.882951822229108,2,Own,D
222,44,48990.53190704912,4,4,0.4186231090175575,5,Own,
223,66,146102.89465067207,8,8,0.14123479403283212,8,Own,
224,67,162410.5435586109,23,11,0.15520030168952603,1,Rent,A
225,36,64387.08272675575,9,14,0.11460193597869317,6,Rent,D
226,55,76707.06751361827,33,3,0.7452001751382566,5,Own,D
227,21,49292.477317888304,37,3,0.9610219061028794,5,Rent,
228,64,101495.7735709544,9,1,0.2417623105087554,0,Mortgage,B
229,46,59610.29087253308,29,1,0.049672063575008085,9,Rent,
230,61,197139.09495246504,16,1,0.1266005167381291,1,Mortgage,A
231,27,158052.92262798006,1,12,0.7382120549334678,3,Mortgage,D
232,56,127480.5292581948,24,3,0.7972694274451999,2,Rent,C
233,24,,31,10,0.34845228039084597,2,Rent,B
234,65,50043.71277697802,30,5,0.00843380630653301,9,Rent,
235,23,153848.4310727298,3,10,0.867302246332987,3,Own,D
236,25,82340.25690594225,5,4,0.09088931035346248,5,Own,D
237,48,104518.95823172927,37,13,0.15317939538886716,6,Rent,D
238,27,179350.6028304351,29,12,0.24676745545101275,2,Own,A
239,67,189957.89158176281,32,3,0.6356329260312554,8,Mortgage,D
240,29,158341.31479139696,33,13,0.3494865968438915,9,Own,
241,54,158165.7858760739,8,6,0.04549722063027295,0,Own,A
242,29,154015.98885901953,3,3,0.7598936164705808,0,Rent,B
243,65,132750.6809795016,23,4,0.5536988836322978,2,Rent,B
244,35,55198.68348653964,14,6,0.8302186708797902,0,Mortgage,C
245,31,125916.68016102542,32,14,0.0658150333118469,9,Rent,
246,44,30186.799689169427,19,3,0.9514015522736473,4,Rent,
247,34,25527.23393958674,14,10,0.10288049216728556,2,Mortgage,C
248,33,170839.21507661702,39,11,0.5579640074653884,3,Mortgage,B
249,25,117296.02680860106,19,14,0.52010777520675,4,Mortgage,D
250,55,22949.797032526472,14,6,0.8921373819130134,2,Mortgage,D
251,22,69089.39240500721,14,2,0.5619173035683401,6,Own,
252,64,142928.68950779497,5,10,0.2786604795932589,2,Rent,B
253,46,189084.27833739246,31,11,0.1718780856116915,8,Mortgage,D
254,36,171938.642131459,15,4,0.25966323665265323,2,Mortgage,B
255,44,100122.37221282942,0,11,0.2703265050484035,8,Mortgage,
256,67,71402.62080555515,15,6,0.21158262398616778,4,Rent,D
257,54,75821.5476572775,35,4,0.23396256306498653,3,Own,C
258,24,152052.50442066905,8,2,0.8570494098886738,6,Mortgage,
259,49,,16,5,0.8706195274748749,1,Own,B
260,37,85784.57198271068,37,1,0.5309904596763997,4,Own,D
261,39,132114.71892365476,30,9,0.9148989053839437,8,Own,
262,46,154210.70862494654,39,1,0.5047688724975699,2,Rent,B
263,63,172226.95422326238,9,7,0.599837031099378,7,Own,D
264,36,135365.64449266045,7,10,0.993998988290882,2,Rent,C
265,53,175573.34070145522,26,5,0.3732309635111325,2,Own,B
266,27,70678.92166762348,29,3,0.627572919282248,2,Own,C
267,31,145780.19376187352,17,12,0.6840341733325852,5,Rent,D
268,54,92370.15989761415,20,14,0.5955106186551633,6,Mortgage,D
269,22,187154.70150891057,7,3,0.3152335789947448,6,Rent,D
270,66,59379.78511036485,16,1,0.9216256283713724,0,Own,C
271,33,161724.9195432484,15,6,0.8960973506886952,7,Own,
272,64,187698.3064081468,38,5,0.9515611594336009,5,Rent,D
273,34,142839.60437690385,28,10,0.3800755067453725,6,Mortgage,D
274,58,162022.07803942985,25,1,0.8881807745105524,4,Mortgage,D
275,22,179508.27765173675,13,8,0.6319247600485894,6,Own,D
276,43,75715.2462563795,32,12,0.9961491479086813,0,Rent,B
277,21,42413.35603611368,38,6,0.4091172723950911,0,Own,B
278,24,188570.1267317631,21,8,0.0051427395256885555,9,Mortgage,D
279,23,26750.74880076495,3,1,0.5044752807177374,7,Mortgage,
280,55,107229.70564915334,24,4,0.5388345215644031,5,Own,D
281,21,78043.59263545834,31,9,0.4636203351024034,1,Mortgage,B
282,30,119826.84640692953,30,8,0.40587291700010764,5,Own,D
283,36,,29,6,0.2199109433392279,3,Own,B
284,31,28231.12816723547,19,5,0.7306319259728556,2,Mortgage,D
285,38,158530.84106172566,33,11,0.5320853724853137,9,Rent,
286,32,24421.850525775215,3,2,0.10433554332279582,8,Own,
287,38,67023.16168200919,35,1,0.10057740772853474,3,Mortgage,C
288,39,146999.32921818725,8,10,0.7772294718369678,9,Mortgage,
289,40,69469.03234641755,38,8,0.5857657149950954,5,Rent,D
290,50,129933.25892692058,31,3,0.505178215897998,9,Mortgage,
291,50,194025.0272969933,26,4,0.22114244589061283,2,Mortgage,A
292,24,177452.02707355673,4,8,0.3132758962879847,5,Rent,D
293,59,170539.26646831908,31,3,0.8153879369495379,9,Own,
294,21,54837.487506915866,27,3,0.2790668910631763,7,Mortgage,
295,30,68920.84642571767,19,7,0.17647413712361448,1,Own,B
296,43,161764.9106410394,35,5,0.6590473001779638,5,Mortgage,C
297,67,151489.10824552126,21,11,0.7699198561644304,5,Rent,D
298,50,72439.45815911292,35,6,0.1748705388507663,4,Own,C
299,21,97204.71567451474,37,8,0.2524508229289224,8,Mortgage,D
300,45,136736.40293111792,25,12,0.032040076114708826,4,Own,C
301,36,114595.26692218738,4,6,0.02938791850613076,9,Mortgage,
302,68,102099.48273942027,19,11,0.05482524592330196,7,Rent,D
303,30,38020.19636870135,3,1,0.05746788825185567,2,Own,C
304,61,98292.80667758343,19,9,0.7780770894734858,1,Own,C
305,66,198589.43055489712,24,8,0.5878794011007846,8,Mortgage,D
306,32,81548.6521896086,30,8,0.27004482173952804,2,Mortgage,B
307,45,144919.4232881282,10,8,0.11407251288032472,7,Rent,D
308,49,111044.81041515485,11,10,0.952041078179049,1,Mortgage,C
309,39,163050.0823152695,9,13,0.37255806673981384,9,Mortgage,
310,27,154689.49649532753,19,7,0.013737332184818096,5,Own,C
311,62,189992.84179057815,35,10,0.016009130684209505,9,Mortgage,D
312,39,137132.872993558,24,1,0.21284613447598788,1,Mortgage,A
313,65,190597.99038667988,27,7,0.8058327543522777,3,Own,C
314,30,27479.06635462311,32,3,0.7911833373651441,3,Mortgage,D
315,47,93226.0387845358,30,12,0.023614355139233267,7,Own,D
316,30,141544.56731385435,8,4,0.20098355972652593,9,Own,
317,28,106453.47314471052,16,6,0.737691047409881,4,Rent,D
318,55,187791.55851360306,11,5,0.07317223174344245,8,Mortgage,D
319,46,45290.84052467959,34,3,0.4156893637602077,2,Mortgage,C
320,25,106438.2259848737,30,6,0.96054591162304,3,Own,D
321,47,174111.77449645154,18,6,0.5786553778747342,0,Own,A
322,32,156340.8475538164,0,10,0.4308380698889296,9,Rent,
323,64,162417.80201060692,11,10,0.9607850118798656,9,Mortgage,
324,42,103235.88597877174,27,3,0.5064701517718211,8,Rent,
325,66,80917.09716085216,12,9,0.6018215358833049,7,Mortgage,
326,30,,2,2,0.5123740064245218,6,Own,
327,40,56194.391153684366,14,8,0.7503404031649876,4,Mortgage,D
328,58,135443.19930333737,5,3,0.33232705643332183,7,Rent,
329,43,161561.05101137803,26,4,0.1520782556029885,1,Mortgage,A
330,30,32924.87417089155,2,5,0.4718985245353753,2,Mortgage,D
331,64,127834.7351650296,7,13,0.7326931322470992,4,Rent,D
332,45,123579.23664946028,8,5,0.4666551077643658,8,Rent,
333,67,67531.42161444484,36,1,0.20234031251383822,2,Own,B
334,61,199164.98994349714,22,13,0.14971356881581188,5,Rent,C
335,39,109961.94168460736,17,4,0.9710171873236438,0,Own,B
336,48,179840.14927800867,18,2,0.921588000241932,6,Mortgage,D
337,23,54265.712419060525,15,13,0.31096364648401276,4,Rent,D
338,69,154792.6333156375,39,8,0.9634103615744805,1,Mortgage,B
339,37,34272.644347045294,6,14,0.619671430571525,2,Rent,D
340,65,32261.73059118716,10,6,0.3081214192292734,9,Mortgage,
341,31,54584.44100862511,39,8,0.30489575697827753,9,Rent,
342,51,152710.30918355228,4,3,0.9000344003242609,1,Mortgage,C
343,50,199455.29473524814,12,8,0.37054641323358606,1,Own,A
344,27,165975.1323424001,31,14,0.07789356255782132,7,Mortgage,D
345,44,96444.5114420049,18,8,0.739688625544532,3,Own,D
346,30,135845.43599055917,0,14,0.14719378400059557,0,Rent,A
347,45,105429.77932905749,7,9,0.6910774677385644,5,Mortgage,D
348,60,64533.80261838761,16,1,0.6925393971275755,7,Mortgage,
349,38,130857.34495666041,4,13,0.5704281203449348,4,Mortgage,D
350,67,115330.68425883754,11,4,0.5731514564469913,1,Rent,B
351,36,116799.14866444322,39,9,0.35023913875576707,9,Own,
352,29,31412.18634316524,26,1,0.41091318659745824,4,Mortgage,D
353,53,41789.669357662235,4,14,0.12101025989422132,5,Own,D
354,48,109945.02443051458,17,7,0.5546212923299098,0,Mortgage,B
355,64,84568.97236705237,5,4,0.8165014631527033,2,Own,D
356,47,96500.02623187542,6,9,0.030244293608325812,9,Rent,
357,37,90207.5215652441,38,12,0.708855672948534,1,Own,B
358,51,148056.19553022503,17,1,0.13425395386077,0,Rent,A
359,55,52140.89090805873,33,8,0.7987150395570765,5,Mortgage,D
360,24,189585.23454872577,22,1,0.0009765371778567289,3,Mortgage,B
361,37,104673.4469712789,26,6,0.07679736879132204,5,Mortgage,C
362,35,81269.23598162449,2,2,0.8219604359764615,3,Mortgage,D
363,22,23811.710256191465,8,11,0.26942562926698665,3,Mortgage,D
364,25,83922.42658950039,35,9,0.8937433991506529,3,Own,D
365,52,132635.90982848586,33,14,0.7811206925727812,6,Mortgage,D
366,35,163507.3121181147,25,13,0.6412996928537656,7,Rent,D
367,63,151760.986451066,33,6,0.29976984296981934,4,Rent,C
368,21,123179.5795296173,39,2,0.8395351989281834,0,Rent,B
369,21,98495.48543796122,14,9,0.1937556731369865,5,Rent,D
370,24,114580.77773312517,32,6,0.8918670323312359,0,Own,B
371,47,193122.74097567738,3,12,0.7564206358160761,2,Own,C
372,20,193897.97219347948,29,8,0.3484173117168152,5,Rent,C
373,24,164592.3095414392,15,5,0.17433170416567878,3,Mortgage,B
374,23,50030.69236621559,5,11,0.44181259360464387,1,Own,C
375,48,188159.9208239464,26,8,0.13105775690738364,7,Mortgage,D
376,21,136619.81189720996,11,9,0.4852593832012415,5,Own,D
377,34,106003.91645839576,29,1,0.22689361514144402,2,Mortgage,B
378,24,121057.94513296541,31,3,0.004483570694681194,7,Mortgage,D
379,50,105755.8692655346,23,8,0.531592065241798,1,Mortgage,B
380,45,106076.16404193734,27,9,0.29991599877120423,7,Mortgage,D
381,33,97617.44819762702,33,4,0.6111116659274184,8,Rent,
382,60,181252.4800173514,21,4,0.3127566806966915,5,Mortgage,C
383,60,102051.47657324698,16,8,0.684427873925516,7,Rent,
384,30,59625.82201227079,13,14,0.6667813300649422,9,Rent,
385,38,61175.74740086903,14,1,0.025006868751215716,7,Rent,
386,29,43690.0453777954,14,3,0.6885053775544178,7,Mortgage,
387,61,119770.43830970775,7,8,0.18295099073282717,0,Rent,A
388,36,78467.95992612178,13,9,0.8207354135396806,9,Own,
389,37,123932.83460382656,0,7,0.11900132953550413,9,Rent,
390,44,187554.63106309023,0,14,0.24747146359813665,1,Rent,A
391,34,192013.84134181967,16,1,0.5736493738866524,1,Rent,B
392,66,75043.73235837286,36,8,0.4195891339686242,7,Rent,D
393,57,59637.793049663735,12,10,0.9914256749233425,3,Rent,D
394,66,29961.07309151259,13,11,0.7196036674412595,2,Rent,D
395,64,69120.32637580684,15,13,0.22028557327882325,8,Own,
396,52,111132.92581099772,21,3,0.7333346506991529,4,Own,D
397,50,128469.3805692028,20,4,0.3562818157319797,1,Own,B
398,56,37668.814347608466,37,12,0.022638068747376283,9,Own,
399,66,64189.28411527349,34,9,0.281645826161371,1,Mortgage,B
400,55,27552.11728238682,18,8,0.9410143613704,4,Own,
401,25,159718.4473730386,13,14,0.12811048159867378,0,Own,A
402,63,68629.0011312922,24,9,0.5723580248146415,7,Own,
403,65,122442.75523171882,13,4,0.9775556168216135,4,Rent,D
404,67,102839.10615081985,0,11,0.5208055381456761,5,Own,D
405,27,105925.40834949855,37,8,0.3301526307082302,6,Own,D
406,30,139823.97668889887,16,12,0.5985512426500681,6,Mortgage,D
407,45,93873.86153181901,21,4,0.2565863135704416,6,Own,D
408,48,64971.69415802627,25,1,0.7756026182507225,8,Rent,
409,21,93719.52743143874,3,4,0.8626683245249077,8,Mortgage,
410,43,168277.3324362115,39,11,0.35226774853682274,5,Mortgage,C
411,37,121176.30531238657,39,1,0.7729054414653789,4,Rent,C
412,52,195791.1808927281,8,14,0.8352836299672837,7,Rent,
413,65,161301.14705830836,26,13,0.4079740031054023,4,Mortgage,C
414,40,,24,6,0.9497643294482052,2,Rent,C
415,41,160879.74108378423,36,2,0.6898084488586946,3,Own,C
416,52,99617.56161381106,10,9,0.4566265592391767,8,Rent,
417,51,164642.1362122933,3,8,0.6105060340371354,2,Mortgage,C
418,52,133546.44809310575,12,6,0.49694835663594916,4,Rent,D
419,59,60621.63624343984,31,14,0.16497905907347654,8,Own,
420,33,37093.80889026564,19,9,0.4622780452468078,3,Mortgage,D
421,64,109793.10973809226,16,4,0.5576131131355807,3,Rent,C
422,45,124923.91641911378,22,14,0.16059916155183596,0,Rent,A
423,46,82894.123110586,3,14,0.8916841284471883,9,Own,
424,29,133335.4111662776,21,8,0.596663502539125,1,Rent,B
425,56,47137.145898836956,38,3,0.46385504623162055,0,Mortgage,B
426,69,165138.20553104428,31,9,0.7844628751464988,2,Own,B
427,26,92140.64125888248,21,12,0.7662574908079863,1,Rent,C
428,36,150669.77412273007,10,5,0.38693783911967516,3,Rent,C
429,62,173536.06287615685,1,6,0.44675316911773966,2,Mortgage,B
430,23,62997.61079280258,24,14,0.4695390839685937,2,Own,C
431,52,118177.04910694053,15,6,0.14871574345653127,7,Mortgage,D
432,35,42498.82307565931,29,1,0.724965858962322,2,Mortgage,C
433,43,27664.194762760028,36,5,0.17717580418211998,4,Rent,D
434,66,27208.825968000732,11,11,0.0722836191339824,7,Own,
435,40,191028.24925494182,31,14,0.6715485253674576,4,Rent,C
436,48,28062.870214016504,1,9,0.08230445779966866,6,Mortgage,
437,69,128568.54165468787,32,14,0.866808651226184,9,Rent,
438,34,30330.4449908417,3,8,0.33119225162064614,4,Rent,D
439,47,148631.5970737506,7,9,0.23273920577727925,9,Rent,
440,37,108078.30690915922,27,14,0.42772252159321544,7,Own,D
441,27,57504.2623936016,10,1,0.48296844937258787,4,Own,D
442,28,128595.59240079326,19,3,0.14208052163690355,1,Rent,A
443,65,80158.46761292056,33,2,0.8916079257153037,8,Own,
444,63,47272.34645228227,12,7,0.1775662231923404,5,Mortgage,D
445,25,153158.54323682215,15,6,0.5105584953177527,3,Own,C
446,53,88719.32205584482,0,2,0.6010424796555083,4,Mortgage,D
447,22,104452.16808776124,9,4,0.6508189718503393,9,Mortgage,
448,37,26957.027890202302,12,8,0.5092611477157871,7,Own,
449,38,121470.22234935754,32,6,0.26018277467256323,2,Own,B
450,28,112471.70332295088,16,4,0.07059392042758894,2,Rent,B
451,32,154727.18636771778,39,6,0.9434691107691572,6,Own,D
452,59,106065.6706230451,15,5,0.7990239494451815,0,Rent,B
453,24,171925.86465029232,15,1,0.2760559404680669,8,Mortgage,D
454,66,82642.51879446863,0,12,0.10192807109049029,8,Own,
455,58,154486.1040853801,20,13,0.9772095472498111,1,Rent,B
456,55,63512.28712063867,23,5,0.8773387976301131,3,Rent,D
457,43,175380.2730376691,19,8,0.6103373938869816,8,Rent,
458,56,83340.43101433915,13,3,0.517067311794608,3,Rent,D
459,63,152551.63648685522,0,13,0.2870115052648662,7,Mortgage,D
460,65,164764.50606035217,21,14,0.3510343752752293,2,Mortgage,B
461,63,49542.61032289361,6,7,0.8665602836737529,3,Mortgage,D
462,30,164224.2651262325,36,8,0.5789198027092168,0,Mortgage,A
463,61,72131.53682568189,31,12,0.8966420012513903,3,Mortgage,D
464,65,127134.43963932998,3,6,0.8669997052398708,5,Rent,D
465,29,113889.08645461191,15,4,0.4211396812188719,9,Own,
466,22,125410.2036853334,16,10,0.14481089731606567,6,Rent,D
467,36,161945.88152426117,29,11,0.943299060974644,5,Own,D
468,24,169636.77138777063,33,10,0.8040647806461221,3,Mortgage,C
469,56,65137.37598089803,39,1,0.36572535288404595,7,Own,D
470,54,54061.709338065026,6,10,0.8856593721564767,6,Own,
471,59,35068.519142491044,19,1,0.36351925842387056,0,Mortgage,B
472,37,147078.70893140355,32,14,0.6489481200625749,0,Rent,A
473,46,105717.28810603377,35,9,0.3137506987030144,8,Own,
474,45,46889.667688099646,11,7,0.907744135361661,8,Mortgage,
475,50,106989.67781750478,14,12,0.038150043424882596,8,Own,
476,32,197220.96085164713,14,12,0.6796324382519836,7,Rent,D
477,35,120396.15035057627,19,1,0.19181222986200952,8,Rent,
478,69,176973.98256825667,16,8,0.09524495096379748,0,Mortgage,A
479,41,35906.86975047143,28,13,0.5813033677934187,1,Mortgage,C
480,35,182373.40075473816,23,2,0.7318661483320194,8,Rent,
481,27,120463.65506789739,14,11,0.9913179498916324,3,Rent,D
482,51,117192.86246386432,11,5,0.12369646781955856,9,Mortgage,
483,37,44793.998486843644,18,6,0.2304567234392999,4,Own,D
484,52,102234.76204844739,12,10,0.9797499245305883,0,Mortgage,C
485,64,107215.31406304089,32,7,0.2286143961867778,1,Mortgage,A
486,65,45198.88242815438,29,14,0.6210887758370177,1,Rent,C
487,64,80404.15664228538,6,7,0.667750060674157,4,Mortgage,D
488,57,178196.63615866014,17,1,0.8092213197620184,4,Rent,D
489,49,26004.30238888208,24,5,0.3643986044441302,8,Own,
490,61,114258.57921272625,11,14,0.13039849121749136,4,Rent,C
491,32,160699.3741309162,33,13,0.04742479881637529,9,Rent,D
492,32,194193.27957565527,20,8,0.08851381662915958,7,Own,D
493,23,138457.65398412803,6,5,0.5596029031779169,7,Rent,
494,59,27253.855879076444,29,12,0.3639014107432429,2,Rent,C
495,61,149439.61483621897,15,12,0.8251823783715289,2,Mortgage,C
496,25,151245.1111998364,38,13,0.40602012706155954,2,Mortgage,B
497,65,116682.52512693535,21,14,0.5203819494171926,4,Mortgage,D
498,56,88005.8702502968,15,4,0.9503310903170317,0,Own,C
499,34,99138.95673232753,4,8,0.5321263078856174,9,Mortgage,
500,46,190137.684846997,8,11,0.7965440532183425,7,Mortgage,
501,51,179731.70796017355,27,4,0.7628068748732891,4,Mortgage,C
502,26,71146.05797237542,30,4,0.2554600149378148,3,Mortgage,C
503,50,33332.46467221937,19,9,0.5387727398730529,9,Rent,
504,43,154097.46620250482,17,3,0.1487599727783786,2,Mortgage,B
505,21,115939.86406666538,16,9,0.23166003599085805,0,Own,A
506,27,135247.04413518467,29,12,0.9632632670075069,8,Own,
507,26,189895.25216833007,35,7,0.16756665837458995,8,Mortgage,D
508,68,189718.39833810262,13,14,0.9610417405617493,1,Rent,B
509,20,169436.49272186062,24,10,0.702112506337653,4,Own,C
510,57,67688.45283579768,39,5,0.86545203085647,1,Mortgage,C
511,27,164244.04748058732,3,1,0.21384895626882716,7,Own,D
512,23,172483.7187910917,1,13,0.38644196865629654,0,Rent,A
513,49,20160.197662390325,29,11,0.8366174717111449,8,Own,
514,38,93540.5610900937,25,4,0.7856993274388386,4,Mortgage,D
515,56,,10,12,0.7164339915300417,6,Own,
516,39,171908.38214708233,5,12,0.29764854330930557,2,Mortgage,B
517,64,39403.75808608484,37,6,0.47276168124814555,5,Rent,D
518,63,131988.5431967107,18,11,0.4708990563540585,8,Mortgage,
519,32,111653.12330568874,18,1,0.9457619249773549,8,Own,
520,51,186513.3917337342,10,5,0.6470579648343686,9,Mortgage,
521,21,105364.97123835792,5,9,0.3422584551373924,0,Rent,B
522,32,33841.080844109034,28,13,0.5122816074514249,1,Mortgage,C
523,27,180082.62063165396,13,6,0.8873990256576972,9,Mortgage,
524,51,128212.91544778402,9,14,0.7217958998880472,4,Own,D
525,67,140296.11005903696,36,13,0.609338315744552,4,Rent,C
526,33,149607.038023301,25,4,0.540656184041603,7,Mortgage,D
527,40,169003.20429557166,30,10,0.5069718910839381,4,Own,C
528,52,152975.90478839635,35,7,0.45325461881270046,5,Rent,C
529,55,66307.98553292238,9,4,0.8909281865288288,0,Mortgage,C
530,40,192454.85247660498,25,13,0.038633053305429765,5,Rent,C
531,25,46169.007111913175,9,3,0.3035622681255429,3,Rent,D
532,24,94588.17610374995,19,3,0.7090256728496139,9,Mortgage,
533,67,115837.86460098378,20,12,0.8761685486178205,9,Own,
534,49,29686.29914915705,17,9,0.9683591327673343,0,Own,C
535,47,,11,8,0.9513962375309699,3,Own,D
536,56,54003.65708284963,12,5,0.37594403718728553,9,Mortgage,
537,60,176636.00926442,3,3,0.8757493028508685,0,Rent,B
538,31,128253.9355292171,26,13,0.5483921043482191,7,Own,D
539,60,38132.71041563018,8,10,0.3713990389672971,8,Own,
540,30,151909.8096088712,27,8,0.9065542598654471,5,Rent,D
541,25,102131.94126180829,10,12,0.6077601200096451,4,Mortgage,D
542,39,48643.89028428421,9,4,0.769297950652134,8,Mortgage,
543,46,121070.65758346324,26,3,0.2516800124962568,4,Mortgage,C
544,48,89238.80610745813,27,5,0.39582805941115284,4,Mortgage,D
545,28,136707.58634405438,9,12,0.04869483525323204,0,Own,A
546,59,196456.94567884432,27,9,0.1271445164125803,6,Own,C
547,67,150965.1816033473,39,6,0.6495023090052015,0,Rent,A
548,26,112248.08485674778,2,7,0.2217991656307282,2,Rent,C
549,40,130281.700307848,14,14,0.4155786139111214,2,Rent,B
550,37,159295.93663318155,32,10,0.4122911215487697,1,Own,A
551,34,61394.78612141051,16,6,0.7676547204859825,5,Mortgage,
552,21,44350.25400975905,26,3,0.56702036202195,9,Own,
553,52,123674.92495118872,35,11,0.6774299079198326,2,Mortgage,B
554,69,154206.79092089794,22,3,0.12175395593279303,6,Mortgage,D
555,30,96018.70006865214,27,2,0.6067223058413536,3,Rent,C
556,25,54882.324520506925,26,10,0.61824667796264,2,Rent,C
557,32,,18,1,0.5330794160715661,2,Mortgage,C
558,63,141817.3118245697,9,14,0.10118286359474793,3,Own,C
559,36,161958.50404653413,13,12,0.7713417938683969,3,Own,C
560,60,125526.12406131762,17,9,0.5445465455976964,6,Rent,D
561,44,85867.93438996426,0,12,0.5421272665294707,6,Rent,
562,24,59441.50944789878,1,13,0.8496878169618928,9,Mortgage,
563,33,27649.23588469279,17,2,0.2431380406868966,7,Mortgage,
564,64,92148.28571420685,37,4,0.5067371915929411,3,Mortgage,C
565,48,158633.86505874072,23,12,0.7401780339133321,0,Rent,A
566,49,155518.29062831102,20,3,0.9115830991045317,2,Mortgage,C
567,31,189559.49468778778,13,4,0.8501514415296627,0,Mortgage,B
568,46,23254.325053255885,32,4,0.7730064224545866,9,Mortgage,
569,50,51792.15908509673,39,14,0.8737677136147396,7,Own,
570,66,139021.1793754818,11,10,0.26776329074977767,8,Mortgage,
571,48,117521.42147203723,16,5,0.4458853505448167,1,Rent,B
572,46,149258.56261386082,33,1,0.9798710432238363,1,Mortgage,B
573,24,89967.59421489065,24,14,0.015048802436357978,7,Own,D
574,28,83494.41846134853,30,7,0.9900461704947945,5,Mortgage,D
575,45,145780.44570088226,3,6,0.1049039493279127,1,Rent,B
576,46,93558.07666805666,24,11,0.910388399021369,9,Rent,
577,34,66642.3196474766,35,5,0.5620785928922578,4,Mortgage,D
578,34,74289.54174686373,33,2,0.29622166394444394,5,Rent,D
579,53,59513.254872347694,33,4,0.9501305494016918,5,Own,
580,33,22015.830651483167,32,14,0.6035887519766228,9,Rent,
581,21,144552.8743164387,36,9,0.8883486057523168,6,Rent,D
582,65,152262.94085747295,37,10,0.38273964119664383,3,Mortgage,B
583,25,162521.38164929606,21,4,0.6542484280852078,2,Rent,B
584,66,52276.88704827601,11,9,0.3524861085369364,2,Rent,C
585,35,184516.36989504116,2,6,0.9917150686739722,3,Own,D
586,28,79626.93455258285,3,13,0.5520357301293065,0,Own,B
587,63,181007.15360320488,7,12,0.7054450047797912,9,Mortgage,
588,35,69011.44139541396,31,13,0.30654387711615294,0,Mortgage,A
589,63,27581.23415779104,4,4,0.7700740186691921,6,Mortgage,
590,41,113264.87028293638,22,10,0.43167859493156047,1,Own,B
591,38,115451.16358588423,38,6,0.9016372827488692,5,Own,D
592,27,182167.6495880701,13,5,0.5462442144033794,5,Own,D
593,63,140606.37432639935,18,7,0.38233279250927177,2,Rent,B
594,64,168738.22595374196,22,13,0.8243837811149225,4,Rent,C
595,40,173547.15695414384,36,5,0.6027921909510794,5,Rent,C
596,22,107807.70600766252,20,8,0.7851461423013048,9,Own,
597,34,183490.83650456488,10,12,0.7013206514020117,5,Rent,D
598,21,150270.33623756218,35,1,0.47388772492354647,3,Mortgage,B
599,41,39671.565692149,39,10,0.6571857632584058,1,Own,C
600,36,64869.890607341134,10,4,0.758007482771604,1,Rent,C
601,35,38488.96161514595,24,4,0.6978348534642712,3,Mortgage,D
602,66,125041.90295925694,15,14,0.3221252969411422,4,Mortgage,C
603,63,60187.264957559,23,2,0.3949314948281285,1,Own,B
604,33,189613.4530256654,23,9,0.9516186271298439,7,Rent,D
605,68,180805.48283135268,10,7,0.30984261852886097,9,Own,
606,60,163120.639308862,23,1,0.8123406974812245,4,Mortgage,D
607,24,177950.3140707397,16,7,0.18570905895057277,6,Mortgage,D
608,40,171662.45019253303,36,10,0.3919518515038557,5,Mortgage,C
609,35,51564.380584803075,39,6,0.33827993491065445,5,Mortgage,D
610,50,36417.15494923844,17,13,0.6156807660732898,2,Mortgage,D
611,51,145694.94822444645,24,1,0.9283758622240877,9,Rent,
612,35,81599.09330200145,7,6,0.7228670416567966,2,Rent,D
613,28,132699.70259906774,38,9,0.1497765564755963,1,Mortgage,A
614,56,134143.2751605016,15,14,0.7225630309763406,0,Rent,B
615,67,174409.94145014128,28,2,0.019038705033251002,6,Own,C
616,28,49105.20447187376,8,4,0.6635930207298316,9,Rent,
617,40,179316.05883500646,6,8,0.8784710956820456,9,Own,
618,27,78422.41093797222,13,7,0.3649057181967049,3,Own,C
619,43,180342.21822668498,24,13,0.7176058653316384,5,Own,D
620,35,56650.250738142844,36,4,0.632129677120517,4,Own,D
621,50,48817.8298674157,18,8,0.09240359983766044,9,Rent,
622,39,130838.771382047,1,9,0.3099361039931714,6,Own,D
623,24,182695.99522171365,18,6,0.6817009733567587,2,Mortgage,B
624,69,107628.76951332309,1,6,0.028852425297053008,9,Rent,
625,64,34844.11984203789,23,1,0.5488906971819622,2,Own,C
626,21,176651.46512089288,9,3,0.5454315485084873,0,Mortgage,A
627,22,109557.76827598932,12,6,0.7814133484542171,3,Rent,D
628,51,110960.67752191627,36,7,0.9770102146963014,7,Rent,
629,44,58882.35358514853,0,6,0.04934466985409647,7,Mortgage,
630,54,55747.20756029249,14,4,0.09216035368837783,6,Own,D
631,49,129773.84230929545,6,10,0.3076707284095218,6,Mortgage,D
632,34,97512.82549665612,39,4,0.5745711330597955,4,Own,C
633,48,46603.925531724046,15,10,0.019148284612813038,1,Own,B
634,21,195904.71189079867,6,7,0.29118270291026005,0,Mortgage,A
635,25,28412.215510002694,17,7,0.11997174355784412,2,Own,C
636,48,27811.72832421361,27,1,0.6272689893174427,5,Own,D
637,55,196150.05768647543,13,7,0.7131953715958727,8,Rent,
638,41,59855.65741382495,16,1,0.0219825898591286,4,Own,D
639,25,22533.41614797205,22,13,0.9353789615589301,9,Own,
640,48,91553.85280439863,22,4,0.7367738931654253,6,Mortgage,
641,36,59352.56945643653,23,1,0.32968468503441295,8,Rent,
642,51,165047.58044033573,20,5,0.7222715122470404,7,Own,D
643,37,65623.71842563467,21,9,0.455678413789258,2,Mortgage,C
644,44,167092.04552009422,25,13,0.6781835986436747,6,Own,D
645,37,115541.1409876815,35,14,0.4219465304790684,1,Rent,B
646,61,164907.01996941684,28,4,0.44191343295013474,5,Mortgage,C
647,65,130505.6408578694,6,10,0.18885213192230055,0,Rent,A
648,30,156045.07894712526,16,13,0.8671350029175482,3,Own,C
649,24,102621.49629887893,10,9,0.9130558191948238,2,Rent,D
650,46,95798.95687505546,36,11,0.39908465690488715,8,Rent,
651,63,101779.67765504854,24,11,0.38709707382281966,6,Mortgage,D
652,65,153786.83843317517,7,4,0.15816487361734466,1,Own,B
653,25,99624.87363187148,3,2,0.32423029253623925,4,Mortgage,D
654,30,72527.63428944407,36,11,0.8020721787264504,6,Mortgage,
655,59,165911.7968219063,8,6,0.4164156015114784,7,Own,D
656,48,94667.89073998199,36,8,0.7860811511986702,3,Own,C
657,51,100470.09649482841,13,7,0.8543478234114584,4,Rent,D
658,23,34809.6490843827,13,3,0.342986836388379,5,Own,D
659,24,85966.22097728658,22,13,0.9884354500095415,9,Rent,
660,37,168058.33106074668,32,2,0.5946779507626759,7,Own,D
661,27,140211.11739547423,17,7,0.3360540109280814,1,Rent,B
662,42,43709.420542424356,9,6,0.11521311526308076,7,Rent,
663,57,104433.28215841584,12,3,0.3197454622276624,2,Rent,C
664,62,186585.5347830288,23,2,0.14858143235794163,7,Own,D
665,31,61593.23860293383,23,13,0.7664889435180757,9,Rent,
666,40,168517.9893451589,2,6,0.2618181062927437,9,Mortgage,
667,41,121559.41889509831,19,10,0.34498378985469236,4,Mortgage,C
668,51,84229.76303877676,2,5,0.31874380149034276,4,Mortgage,D
669,47,194873.73857749207,36,12,0.6026156607685995,6,Rent,D
670,37,149798.01026733278,9,2,0.3540254013314521,5,Own,D
671,22,77109.63311116994,25,10,0.143833134665023,3,Rent,C
672,49,55066.82314835553,36,3,0.6258275058174967,1,Rent,B
673,32,,15,8,0.5075747254940209,9,Own,
674,20,126459.05933992189,3,8,0.7583895259380973,2,Rent,C
675,54,26587.88928220698,36,12,0.2556682974940583,0,Rent,B
676,58,97005.9914706227,32,10,0.8615984351050638,1,Mortgage,C
677,45,,35,3,0.381715877927303,9,Mortgage,
678,36,159579.7446115069,33,3,0.6231963030451675,0,Own,A
679,69,62907.320523041424,9,8,0.9911919508998196,7,Rent,
680,51,102410.32264180714,22,13,0.6897656019996886,0,Mortgage,B
681,41,,16,11,0.5169645925779777,0,Mortgage,C
682,67,42267.18064133171,7,14,0.2694728774614197,9,Mortgage,
683,58,162914.38563241847,30,9,0.39885050648922804,4,Own,C
684,44,114265.33383982314,33,13,0.08725757032542159,1,Mortgage,A
685,67,89483.8335865401,0,6,0.25178884783009914,5,Rent,D
686,51,67925.07805308432,19,13,0.3399988605615032,8,Rent,
687,43,193453.49097626194,35,13,0.8403821413675711,1,Rent,A
688,27,104273.6120863463,4,4,0.09257292167766018,9,Mortgage,
689,63,121431.256612455,26,14,0.40996187950186425,7,Own,D
690,49,197186.68926746794,13,10,0.5118703843706238,2,Rent,B
691,32,155521.3877202753,33,3,0.9575630155131197,2,Own,C
692,42,87992.75573435613,25,14,0.3749132389386346,7,Mortgage,
693,56,120166.02777201854,30,3,0.9801969719768836,2,Own,C
694,32,91145.68877541738,1,6,0.4979906249789193,2,Mortgage,C
695,49,119671.69893752241,27,2,0.7110998953737436,9,Own,
696,25,136430.4396373495,21,13,0.09222934651807846,1,Own,A
697,49,195561.6731863018,7,8,0.688100844109848,1,Mortgage,B
698,53,151697.45928651086,21,6,0.09744807974683178,9,Own,
699,66,145481.18718354733,10,13,0.5341004479584358,5,Rent,D
700,36,37411.37637714165,0,6,0.33510476467748207,4,Own,D
701,43,77477.56528194965,5,6,0.32210478988998437,5,Mortgage,D
702,28,,21,6,0.08372108158247538,6,Own,D
703,38,38108.37071795006,1,9,0.6904213918081663,3,Rent,D
704,50,176930.4973272447,25,7,0.553602425195197,6,Own,D
705,62,166381.98890708873,6,1,0.3927866296769824,6,Own,D
706,44,162239.78039682296,32,3,0.9766303166358913,2,Own,C
707,52,51782.6949115187,15,5,0.03032516269711716,1,Mortgage,B
708,57,127947.40300591658,12,12,0.6468313586683319,2,Mortgage,C
709,69,114924.4762389813,31,2,0.47451109035526984,4,Mortgage,C
710,56,130257.5461551487,2,13,0.8541802266791036,4,Mortgage,D
711,65,161708.16911984276,20,3,0.7778497605611446,1,Rent,B
712,54,36904.79500528278,30,10,0.15650544960792323,6,Own,D
713,51,54399.36307295166,23,11,0.37086048038244823,1,Rent,B
714,41,70627.71118107009,6,3,0.706246497429828,9,Mortgage,
715,22,104705.34413324956,38,2,0.4133191128546695,9,Rent,
716,30,125430.51295703156,7,1,0.6855351816425849,7,Mortgage,
717,43,74934.57406224169,5,6,0.8662709958270793,7,Own,
718,53,39751.52774178411,13,4,0.7231520996981315,8,Mortgage,
719,49,111309.65862589532,19,11,0.5405029125702024,0,Rent,B
720,34,30703.331787882642,1,7,0.7933650405148206,3,Mortgage,D
721,30,85456.7442876533,13,13,0.8772200520601025,2,Rent,D
722,39,27946.402091587344,34,12,0.4033679610153943,1,Mortgage,B
723,43,59384.39278029599,24,5,0.8566871996664641,1,Mortgage,C
724,29,39826.628080306255,17,7,0.8038966854749192,4,Rent,D
725,58,100344.10947616467,39,11,0.41057883512513393,6,Mortgage,D
726,54,62365.75209427596,7,6,0.05807379117416178,6,Mortgage,D
727,61,29849.09252342456,5,9,0.9007620858544829,0,Rent,C
728,50,73666.74353112926,27,8,0.2325757704551612,7,Rent,D
729,46,180681.55597767045,8,11,0.8765913011783385,5,Mortgage,D
730,24,171631.5695616673,24,6,0.7045535598244034,9,Rent,
731,31,178909.03238489182,6,11,0.9899303967958104,7,Rent,
732,53,90487.97796833418,34,8,0.20750762293311154,3,Rent,C
733,30,178188.08428396034,15,13,0.28909199585542045,5,Mortgage,C
734,48,191271.01461572546,19,9,0.0925303686033776,0,Rent,A
735,46,192448.0001390422,6,10,0.9890662591927151,3,Mortgage,C
736,62,42360.00609787141,17,9,0.6196081984142101,5,Own,
737,35,168234.84829126313,18,5,0.26895019117102215,9,Mortgage,
738,34,80574.0100008162,1,11,0.48380898456578825,6,Own,
739,32,100955.00817384939,28,10,0.9711601807272189,9,Own,
740,52,138005.7251561402,27,12,0.34742764465084564,4,Own,C
741,24,156377.38863879765,14,1,0.8083475428017323,2,Mortgage,C
742,49,,29,8,0.13046306071354907,8,Own,D
743,69,,3,5,0.7270856723745724,9,Own,
744,69,158597.58313493695,7,4,0.38190855576582805,7,Mortgage,D
745,68,63242.87452796554,18,6,0.19386760515837753,9,Rent,
746,45,111512.7539267943,29,7,0.8807242421283658,0,Rent,B
747,28,82223.48237299049,25,13,0.5498917084577487,1,Mortgage,B
748,24,175715.29498027088,8,9,0.37542050364357316,1,Own,B
749,54,109152.52468937261,27,8,0.4042337594957036,8,Rent,
750,58,174178.59058883882,6,11,0.07294249458018687,5,Mortgage,C
751,59,195363.63167836558,32,3,0.49280435317759086,8,Own,D
752,20,71773.71556755657,3,6,0.7253876095206256,7,Own,
753,58,25260.65865579615,7,7,0.8230755717168711,5,Rent,
754,22,58578.017821045156,33,5,0.8315580554383039,5,Rent,D
755,28,135154.31522685275,9,6,0.8437517131558521,5,Own,D
756,45,165636.73527019663,35,7,0.8480787372947445,4,Mortgage,C
757,21,154713.0957186134,28,6,0.4689139898521205,0,Mortgage,A
758,47,164533.6753435198,3,4,0.4330806561627154,5,Own,D
759,39,186431.37039945705,34,11,0.11097863566926613,0,Rent,
760,45,60388.94772874694,27,9,0.291538543920974,7,Mortgage,
761,33,29008.477111437038,21,13,0.2254907659306833,6,Mortgage,
762,21,79106.34228400778,25,12,0.6104377957349468,3,Rent,C
763,40,173683.0875782858,5,12,0.3237931193234702,6,Rent,D
764,38,151007.91035572777,23,14,0.5328973758466323,6,Rent,D
765,65,25943.520738979743,3,14,0.37779635916843846,6,Mortgage,
766,34,47840.272801280254,15,6,0.8901424825188217,3,Own,D
767,51,187347.19848183656,6,10,0.42477877020316446,8,Mortgage,
768,55,109312.4622685076,6,11,0.8380816409928957,4,Mortgage,D
769,33,135218.30374067638,36,10,0.04119653043029459,1,Own,A
770,54,36966.76442061311,3,7,0.032797510836453214,6,Own,
771,28,123822.70774968949,22,4,0.7305259124483228,4,Mortgage,D
772,53,172305.0217250893,31,10,0.7096636432775396,5,Own,D
773,56,182438.58756898658,20,3,0.02340146096032425,6,Own,C
774,50,101102.42712280087,10,3,0.487728282770968,2,Mortgage,C
775,44,125637.09167692678,15,2,0.04949755492243246,4,Rent,C
776,60,151363.57416133254,39,14,0.16666257811282426,5,Rent,C
777,63,91816.69322203111,20,7,0.9627990423221359,1,Rent,C
778,29,72598.69671755418,4,3,0.3401598290538017,8,Mortgage,
779,53,36022.701628392395,10,4,0.4693443461543835,3,Mortgage,D
780,68,55176.72531518141,23,5,0.6826353366654833,0,Own,B
781,34,196882.2037283846,34,10,0.9203376113285163,7,Mortgage,D
782,66,176809.3856199753,25,1,0.14882635119977228,2,Own,A
783,21,82357.8531668331,28,8,0.22685769724041038,1,Rent,B
784,57,169449.2578346138,14,11,0.5596243246567059,6,Rent,D
785,45,157661.18861774314,6,1,0.6609257830753816,9,Own,
786,61,194153.1693309251,16,6,0.4351074387642402,9,Mortgage,
787,54,27094.602344318835,36,2,0.6532581075599254,0,Mortgage,B
788,64,124221.04745506437,7,2,0.011422526464421656,8,Rent,
789,51,146140.8918733842,0,9,0.1976127417546203,1,Mortgage,B
790,51,169296.13551205274,31,12,0.8370196542094117,3,Rent,C
791,62,164481.81768288199,2,13,0.7559007316197104,3,Rent,C
792,47,69797.60918446319,32,3,0.6357151147843159,4,Own,D
793,63,146640.55584716465,15,11,0.5487531216067143,1,Own,B
794,46,165744.87466357514,27,2,0.2001766705653536,5,Rent,C
795,34,112859.62618912433,23,1,0.2717537830842186,3,Rent,C
796,43,110187.5629401066,35,13,0.9642280420782163,6,Own,D
797,40,99411.15435908196,33,3,0.0018497002612171132,4,Rent,C
798,20,57404.66637500276,35,6,0.44117948077784264,5,Mortgage,D
799,40,170028.21089988077,9,7,0.010283018814915224,9,Rent,
800,42,110405.14799416243,25,9,0.34236501489878524,5,Rent,D
801,41,44237.01733530934,12,2,0.325037279872309,6,Mortgage,
802,69,184561.17740996936,7,13,0.11584431153405395,4,Rent,C
803,50,172067.1680968264,31,2,0.06942960237384732,3,Rent,B
804,69,96102.94068069635,11,1,0.8521545825312054,9,Mortgage,
805,48,160722.23266987666,0,7,0.32419063136075255,8,Mortgage,
806,58,49915.90588374126,26,10,0.5596894106804643,5,Rent,D
807,66,194937.52279187285,17,3,0.7569134526429301,6,Mortgage,D
808,20,35336.77457635594,9,8,0.5387595850238351,7,Own,
809,20,178711.2826400662,16,10,0.4373793412680247,0,Rent,A
810,69,199621.51023457455,19,4,0.4891394627042215,2,Rent,B
811,37,72182.1458315399,11,4,0.8354416555121114,7,Rent,
812,60,166133.33749387725,16,8,0.5307802815525405,7,Own,D
813,68,184503.09141908475,20,12,0.1839663535779409,9,Rent,D
814,30,191458.49307393594,28,3,0.18580447089198726,7,Mortgage,D
815,66,149731.94132334884,15,10,0.5014301611043345,2,Own,B
816,63,131611.5086810047,2,3,0.20174856061047086,6,Own,D
817,56,38820.64545855542,11,12,0.7911250698277718,9,Own,
818,25,104458.35980731872,8,6,0.873760134112171,5,Own,
819,31,90973.29479038222,11,5,0.16128721238513422,9,Own,
820,54,23950.747079132696,35,12,0.4389626765260054,5,Rent,D
821,60,71396.10104959956,21,14,0.7501451879408646,3,Mortgage,D
822,60,153792.62307944457,39,1,0.08367280301031133,9,Rent,D
823,27,74760.95047335447,22,5,0.5942747167449117,1,Own,C
824,62,26039.271660813538,16,4,0.5501325050338175,1,Own,C
825,20,,15,10,0.7771238062241598,6,Mortgage,D
826,62,165508.158082527,18,13,0.9527458245802776,2,Own,C
827,21,24892.341797928755,13,11,0.48680215518355696,9,Own,
828,54,170477.8508187668,33,5,0.28189505537205894,2,Mortgage,A
829,53,163440.44299178806,27,2,0.04764921855051385,5,Own,C
830,61,131774.9057856911,24,3,0.8209107138002737,3,Own,C
831,35,28010.53955690719,4,12,0.17738105965730466,2,Own,C
832,61,189918.93755341423,1,14,0.853665775106494,5,Own,D
833,27,38047.824741786404,25,2,0.6162402842119494,0,Mortgage,B
834,25,149489.8835439944,29,5,0.17011298906769723,0,Rent,A
835,59,157493.56615673236,31,7,0.47895720171747314,7,Rent,D
836,23,190476.34767475497,6,1,0.6354541198835285,7,Mortgage,D
837,42,190560.68358958326,33,14,0.608505420924149,8,Mortgage,D
838,33,70189.41180352433,19,5,0.01920587029407894,2,Own,B
839,44,61760.40639415402,2,11,0.5885371034065232,4,Own,D
840,55,93978.9467924812,38,8,0.9102038070343378,5,Rent,D
841,53,188372.09794179013,10,12,0.6313844354679368,2,Mortgage,B
842,57,150317.2653082289,4,5,0.5684376244841624,7,Own,
843,31,184157.46401543426,20,2,0.7562562331013944,2,Rent,B
844,40,59174.11767838044,17,14,0.5234245922485206,8,Mortgage,
845,64,32241.908369899,3,4,0.7425600400419287,4,Mortgage,
846,34,24459.256587395066,10,10,0.17374091359961874,9,Rent,
847,64,32826.37515254924,20,13,0.920181693693054,6,Mortgage,
848,36,171396.58498283086,9,8,0.4349768936857058,6,Mortgage,D
849,69,176984.0837674311,18,1,0.38259736003424305,4,Mortgage,C
850,43,185084.75668213025,38,5,0.7449307390949229,7,Mortgage,D
851,47,93534.56839571861,24,8,0.5867636263238897,0,Mortgage,B
852,50,103863.19215053474,28,8,0.24221280619704177,5,Own,D
853,63,54290.32655168925,6,10,0.27104920566076784,2,Own,C
854,50,,33,10,0.6373170483198336,1,Own,B
855,40,48131.110579158645,3,10,0.39069782513354434,1,Mortgage,C
856,52,131203.4923758211,19,9,0.41172164190300786,3,Rent,C
857,29,22922.61423678833,26,7,0.6750316463986898,8,Rent,
858,21,97092.26209136176,14,1,0.6178710836009979,0,Rent,B
859,30,197252.6320543614,27,6,0.16866379361624073,2,Rent,A
860,34,198997.7240983782,23,7,0.8813076962570908,0,Own,A
861,68,159229.31429026436,36,5,0.32831413004543364,0,Own,A
862,44,73796.34195625606,9,2,0.6700278797351941,9,Own,
863,53,55784.62359549184,4,12,0.9234138581560744,6,Mortgage,
864,42,26545.906252926135,9,4,0.43983685137748685,7,Mortgage,
865,62,95311.24647786777,1,5,0.4915688479764012,9,Mortgage,
866,47,102913.78032387461,17,4,0.675062602623098,2,Mortgage,C
867,23,34470.26889487935,17,5,0.3286756439116658,0,Mortgage,B
868,22,176212.477863264,21,13,0.3533666192656546,0,Mortgage,A
869,33,137065.0574623103,27,3,0.5913925790530457,6,Rent,D
870,48,88390.7857941418,3,13,0.31409499907513583,8,Own,
871,40,173912.08568059595,19,7,0.31310178399878497,4,Own,C
872,36,94155.97001068194,37,13,0.8013074327048446,0,Own,B
873,25,172655.47996772942,26,9,0.033698237257682506,1,Own,A
874,64,109216.24076438638,0,3,0.02574527146728045,3,Own,C
875,69,134367.59260141512,12,10,0.2946852448071592,8,Mortgage,
876,67,39622.01122497514,22,8,0.6898738944204807,6,Mortgage,
877,24,66456.38432198385,35,4,0.3056484107233899,2,Rent,B
878,20,137385.6942859635,34,5,0.6292135434056781,8,Mortgage,
879,29,93921.3800869429,6,6,0.28627276839320714,2,Rent,C
880,24,43950.888125636106,31,5,0.03065709365831215,1,Own,B
881,47,,39,7,0.7273400589016432,9,Own,
882,51,147420.17850384,31,2,0.5432999432509799,5,Own,D
883,26,143270.08540798334,9,7,0.6442361423561317,7,Mortgage,
884,61,149769.90609333778,18,5,0.1772857264088803,7,Rent,D
885,21,149868.72412923735,3,9,0.617449950242197,8,Own,
886,41,193008.29473095082,5,12,0.8090971217170826,4,Rent,D
887,47,194709.23547079408,13,7,0.1403890131442258,5,Own,C
888,52,98107.3048108322,39,13,0.2830161002524464,4,Mortgage,C
889,58,159883.65253313762,29,7,0.7917412364478417,1,Own,B
890,50,,30,3,0.6437735214174498,7,Mortgage,D
891,53,51186.3064814615,14,6,0.1882275487586328,9,Mortgage,
892,29,160674.00434542442,17,14,0.2718719175988512,8,Own,D
893,47,171821.76711275065,21,11,0.9052354619855191,7,Mortgage,
894,43,26788.390611207404,3,10,0.37783720590795156,7,Rent,
895,33,114365.42595278245,20,14,0.0928854434585491,9,Mortgage,
896,55,64833.8356254702,24,6,0.6633329816492283,5,Rent,D
897,21,188011.14520774948,10,3,0.40158897359867174,8,Mortgage,D
898,53,35148.05084154075,13,10,0.7314095793253055,1,Mortgage,C
899,54,138581.62171604898,11,13,0.11272656734211006,6,Mortgage,D
900,67,136798.03311816184,18,11,0.3074066519346067,5,Mortgage,D
901,62,41736.48849242214,11,1,0.3927227427723534,3,Own,D
902,30,157737.6905822348,7,10,0.5746688921341719,9,Mortgage,
903,51,68799.33271249908,1,11,0.18501747596430562,9,Mortgage,
904,57,144618.3974257314,32,4,0.3218700377815763,2,Mortgage,B
905,55,64973.733083213716,27,9,0.7658517646721436,6,Rent,
906,66,90597.84607737858,10,9,0.18874570970129856,5,Own,D
907,61,79325.6797255605,25,10,0.38000336053739747,5,Rent,D
908,36,128705.83326740054,31,3,0.3915303844801914,0,Own,A
909,40,131988.41319469002,21,12,0.2077753771792249,8,Own,D
910,50,113860.1492005864,12,8,0.8726230265391545,6,Rent,
911,24,46848.13852099197,36,3,0.5148944142837346,4,Rent,D
912,41,136166.5035117361,3,11,0.386060140474183,0,Rent,B
913,48,63032.63236632572,4,3,0.7780612158721653,9,Mortgage,
914,20,96991.22080140986,7,10,0.03674338651363285,1,Own,B
915,49,197289.82116692732,39,6,0.9982189390359687,1,Rent,B
916,45,172185.41367610003,26,6,0.9609637512143647,4,Own,D
917,41,69540.77218209548,12,10,0.08760683282365078,5,Rent,D
918,29,59333.277727230954,19,2,0.8881472970619964,8,Mortgage,
919,32,122215.01598320139,21,7,0.31068155381215623,7,Rent,D
920,44,35694.239766847495,19,7,0.10452363581564994,6,Mortgage,D
921,34,106388.7792894641,31,3,0.5701788799328332,9,Mortgage,
922,20,101918.68838565133,18,11,0.868520616042545,6,Rent,
923,30,198934.47549551874,27,12,0.15967027116483046,3,Own,B
924,63,25702.304975955754,39,7,0.9702008478928389,1,Own,C
925,68,177698.87478205306,35,7,0.29134490413377634,0,Mortgage,A
926,54,188164.05634045284,29,9,0.5695231472379713,7,Own,D
927,32,136567.04202240752,36,1,0.6652963940213018,3,Mortgage,C
928,38,117262.03199854253,28,3,0.3507108025042106,9,Rent,
929,67,45892.90974470727,37,9,0.8779366909239711,1,Mortgage,C
930,31,142942.66907009803,3,11,0.9924206159122466,5,Own,D
931,28,154002.90794014465,27,13,0.40839766114729814,2,Own,B
932,39,144181.2080530887,12,1,0.1451455620271207,1,Own,A
933,37,34359.713664118564,19,2,0.8845389148926184,6,Rent,
934,44,161547.74858583655,37,6,0.5259440785235696,3,Own,B
935,25,61123.547787116986,23,2,0.7401568348507376,4,Rent,D
936,24,67242.94643963405,33,2,0.3582197970858316,5,Mortgage,D
937,57,90473.56318308566,10,5,0.11332463730160802,6,Rent,D
938,66,139158.13371663814,2,10,0.8592805914578103,6,Rent,
939,31,121780.54802367961,38,13,0.48306670465626833,3,Rent,C
940,21,146731.80504119073,1,8,0.10906420118198723,7,Mortgage,D
941,22,138554.23135917945,9,3,0.18735824467806061,3,Mortgage,C
942,45,146177.1510574316,28,4,0.7415281215222459,3,Mortgage,C
943,50,73586.49270743024,3,5,0.8758224569426988,7,Rent,
944,25,143266.45820266282,11,2,0.27717810021828015,8,Rent,
945,49,163335.75422116008,13,2,0.2803895645795118,5,Rent,C
946,51,29948.278586360604,12,5,0.10169235598779458,1,Own,C
947,37,189441.5667887963,24,9,0.41886906257280565,9,Own,
948,58,28658.816624762778,30,10,0.8914189666587263,7,Mortgage,
949,28,155836.2172399001,28,9,0.16433922695420466,9,Mortgage,D
950,54,136143.33855736256,5,9,0.7791608909930154,8,Rent,
951,28,77212.0200334619,6,8,0.21889649195071637,8,Own,
952,63,106041.06795719198,0,4,0.20261459695103679,7,Own,
953,25,185236.33315084229,16,12,0.014944781588715372,1,Own,A
954,54,173649.5391272612,29,7,0.669729862776296,4,Own,C
955,23,,29,14,0.38687894001148393,1,Own,B
956,49,89892.47737209732,16,4,0.9737502850594872,0,Rent,C
957,64,58718.13948048659,31,6,0.05166386519475663,3,Mortgage,C
958,45,95968.32707878432,1,11,0.0659374301696316,6,Rent,D
959,29,137954.34744709675,22,6,0.2844536056261209,0,Own,A
960,25,101329.84444955311,37,5,0.5377747208840371,2,Mortgage,B
961,50,150481.03230173857,22,1,0.7484314675731851,4,Own,D
962,45,165256.47879606203,9,6,0.30301973958307304,9,Mortgage,
963,26,77613.97659958454,27,2,0.33354626518897235,8,Own,
964,27,138561.91391873357,2,11,0.7193441147188566,8,Rent,
965,40,117825.375997525,29,8,0.3697825564971138,9,Own,
966,57,38555.132160954636,35,12,0.6525595067820784,6,Mortgage,
967,67,72146.24551701258,13,13,0.3141960301729576,6,Mortgage,D
968,52,42045.82767113193,9,7,0.991647313062241,9,Mortgage,
969,35,164653.81497466651,36,3,0.9166396592007905,2,Own,B
970,22,145957.70307444548,16,6,0.5866597692819256,6,Own,D
971,22,164545.10354668915,17,10,0.9609258489663787,0,Rent,B
972,54,135466.569966298,22,3,0.5617866807604271,0,Own,A
973,42,113344.57321690499,2,1,0.8511460330995354,0,Own,C
974,31,105583.93594984185,39,4,0.9526235583513255,8,Mortgage,
975,43,80490.28850908225,14,11,0.9758422258698628,3,Mortgage,D
976,56,177632.7963163766,5,7,0.971882736715212,5,Own,D
977,32,103885.28561727615,0,9,0.873017014272649,3,Mortgage,D
978,34,58583.00878537857,15,7,0.3949317868000719,7,Own,
979,26,154462.8537860105,23,3,0.9920899045024758,1,Own,B
980,43,80746.73360717931,35,2,0.7795326258418308,4,Own,D
981,69,60224.28581403167,17,12,0.8512792041039576,8,Own,
982,63,162389.6108084908,3,4,0.7994873483898456,4,Own,D
983,32,100544.96630916878,4,11,0.5729451171282484,1,Own,C
984,38,56542.76070205921,36,13,0.5411940123124821,3,Mortgage,C
985,22,141030.2242518909,5,2,0.41401113397471256,1,Rent,B
986,24,,1,2,0.12529520430142682,1,Rent,A
987,69,91994.76211010155,8,10,0.6294090369473009,1,Mortgage,C
988,56,61916.20932866778,23,5,0.32148291402314466,3,Rent,C
989,62,24396.278408140402,31,13,0.19194530894176554,6,Rent,D
990,29,176277.06931976034,20,2,0.26182453027427033,2,Own,B
991,67,100608.2624019924,3,12,0.38719156645684305,4,Mortgage,D
992,68,179853.9278437946,31,1,0.007823847655283545,9,Rent,D
993,39,146823.75264066827,15,3,0.3491861742881722,7,Mortgage,D
994,35,108991.67921658508,32,3,0.6373452239003784,4,Own,D
995,63,145777.7623104849,38,13,0.2003761828722126,4,Rent,B
996,67,76003.67679282629,1,2,0.21252069524036232,5,Rent,D
997,26,55512.62438791972,12,2,0.15714264301859948,8,Rent,
998,53,47119.285654303494,1,12,0.23855262626011053,1,Own,C
999,53,185093.47635055552,10,7,0.026353822405494665,0,Mortgage,A
1000,34,153970.32144134011,18,3,0.9784720852724618,5,Rent,D
