user_id,subscription_type,tenure_months,monthly_usage,support_tickets,payment_delay_count,age,family_plan,retained
1,Premium,13,43.063346367948974,3,3.0,64,0,1
2,Basic,22,96.63092493524613,7,4.0,45,1,1
3,Premium,37,72.58303902127821,1,2.0,47,1,1
4,Premium,42,53.89775899057858,4,3.0,64,1,0
5,Premium,9,56.518041299021036,6,2.0,48,0,0
6,Premium,25,68.647709375448,0,0.0,31,1,1
7,Premium,38,67.10431234406148,1,2.0,28,1,1
8,Basic,8,98.58528675452234,0,0.0,20,0,1
9,Basic,24,98.436636855709,4,0.0,62,0,1
10,Basic,19,89.34645310694947,9,4.0,39,0,1
11,Basic,14,,5,1.0,57,1,1
12,Basic,7,,4,2.0,32,0,1
13,Basic,19,10.342807690043932,9,3.0,51,0,1
14,Premium,7,99.46467387108906,4,1.0,18,0,1
15,Basic,14,80.45740035383267,0,0.0,53,0,1
16,Basic,44,76.92084037022741,0,0.0,42,0,1
17,Standard,25,56.62587571607678,1,3.0,53,1,1
18,Basic,15,11.991088972964214,4,2.0,21,0,0
19,Basic,26,11.560999026500928,8,2.0,54,1,0
20,Basic,41,53.486719941030515,2,4.0,35,1,0
21,Standard,47,46.16879480947369,6,0.0,19,0,1
22,Basic,34,69.76364466172268,7,3.0,35,0,0
23,Premium,34,86.38174732547587,4,1.0,56,1,1
24,Basic,43,1.6969155123588764,8,2.0,29,0,1
25,Standard,8,58.81048410002917,3,0.0,61,1,1
26,Premium,3,45.21973532421693,0,1.0,64,1,1
27,Premium,3,19.07117683997108,7,2.0,24,0,0
28,Basic,16,29.847810949755484,3,2.0,49,1,1
29,Premium,37,93.35457323133674,2,3.0,33,0,1
30,Basic,9,73.51668333259587,6,0.0,58,1,1
31,Basic,10,,3,3.0,43,1,0
32,Basic,1,33.70045474648479,1,4.0,42,0,1
33,Premium,43,28.004262886607012,1,2.0,35,0,1
34,Premium,13,25.958176299262526,9,4.0,37,0,0
35,Standard,21,52.31876836023671,5,0.0,24,0,0
36,Standard,41,65.04916321221013,1,2.0,63,1,1
37,Basic,35,74.10714697577993,0,2.0,47,0,1
38,Standard,39,13.866362643952835,1,3.0,53,0,1
39,Standard,3,25.07756194622638,4,0.0,39,1,0
40,Basic,25,35.76027886991546,8,2.0,53,1,0
41,Basic,7,3.079645554249355,8,,37,0,0
42,Standard,5,71.77960020038248,1,2.0,40,1,0
43,Basic,8,15.024353253124634,7,1.0,26,1,1
44,Premium,23,39.559788213007764,4,3.0,32,1,1
45,Basic,46,96.1300024752205,2,3.0,61,1,1
46,Standard,39,67.95836802350556,2,0.0,40,0,0
47,Premium,30,60.63059580075617,1,3.0,33,0,1
48,Premium,36,6.795140398860767,2,3.0,23,1,0
49,Basic,9,7.091300331729167,8,4.0,18,1,0
50,Basic,46,64.16830504132585,9,3.0,22,1,0
51,Standard,2,31.567603445468972,2,1.0,31,1,0
52,Premium,18,29.743374703808733,5,0.0,31,0,0
53,Premium,25,33.64853147675036,6,2.0,53,1,1
54,Standard,13,64.42677219854292,6,3.0,19,0,0
55,Standard,22,15.312162947502827,3,1.0,31,0,1
56,Premium,10,94.70302068290944,0,3.0,59,1,1
57,Standard,44,95.71301214798378,4,0.0,63,0,1
58,Premium,2,69.94124700962573,5,2.0,40,1,1
59,Premium,6,95.86990067141917,7,1.0,52,0,0
60,Standard,44,36.318360379162314,4,4.0,20,1,0
61,Premium,22,18.536639918464004,1,4.0,38,0,0
62,Standard,10,18.248876974710303,3,4.0,33,0,1
63,Standard,5,53.58158757588091,4,3.0,60,0,0
64,Standard,12,18.723439959576403,8,2.0,46,1,0
65,Standard,22,18.423637658929838,7,4.0,44,0,0
66,Basic,34,86.74239367064855,5,3.0,29,1,1
67,Standard,30,35.51799475111497,3,2.0,27,1,1
68,Basic,19,70.9408983471778,1,2.0,37,1,1
69,Basic,45,92.401311213517,8,0.0,55,1,1
70,Standard,45,28.106609465185073,9,2.0,35,0,1
71,Premium,23,46.82159474064406,2,4.0,51,0,0
72,Basic,44,66.78980045748268,0,0.0,44,1,1
73,Premium,15,19.352050453518533,3,1.0,47,0,0
74,Premium,17,59.95926483259325,4,4.0,54,0,0
75,Basic,10,98.33274065685686,7,1.0,41,1,1
76,Premium,41,97.29603097970517,1,4.0,21,0,1
77,Basic,35,65.46896373361744,1,1.0,46,0,1
78,Premium,19,40.22196115336038,7,1.0,63,1,0
79,Standard,32,22.136055775597065,8,4.0,36,1,0
80,Basic,34,84.88689600284613,6,3.0,25,1,1
81,Standard,44,66.64828572089971,1,4.0,27,0,1
82,Premium,16,80.56855310774138,7,0.0,43,1,1
83,Standard,9,88.86282966058474,6,4.0,42,0,1
84,Basic,5,96.71317557363552,6,0.0,49,1,1
85,Standard,20,11.364410986456186,5,3.0,53,1,0
86,Standard,10,42.248332199312046,1,,55,1,1
87,Standard,16,60.545726040254486,5,0.0,42,0,0
88,Standard,35,11.314952316756132,0,1.0,56,0,1
89,Standard,25,10.639431204750672,7,1.0,56,0,0
90,Premium,25,0.2159519942367627,5,0.0,48,0,0
91,Basic,35,65.29473856796322,8,1.0,58,0,1
92,Basic,44,62.10589543116911,8,4.0,36,1,1
93,Basic,31,44.01650025253354,0,1.0,25,1,1
94,Premium,40,20.23926537662649,5,4.0,24,0,1
95,Standard,14,30.765574236520244,2,0.0,41,0,0
96,Premium,29,,2,4.0,54,0,0
97,Basic,42,44.03605578300077,2,1.0,28,0,1
98,Standard,3,97.2477391034478,2,4.0,22,0,1
99,Premium,5,65.96894790702909,5,2.0,20,0,1
100,Standard,37,50.426927024511805,1,2.0,61,1,1
101,Basic,45,3.9047688057497254,5,4.0,60,0,1
102,Standard,8,68.28464150990942,8,4.0,25,0,1
103,Premium,32,56.92789858834918,7,2.0,19,0,1
104,Standard,47,63.29889589275296,4,2.0,41,1,0
105,Standard,10,39.062929517945435,2,3.0,64,1,1
106,Premium,30,52.53203622521671,3,0.0,56,0,1
107,Premium,14,92.29014964581496,4,0.0,35,1,0
108,Basic,21,21.628069321615897,1,,35,0,1
109,Premium,36,21.028184755477596,1,4.0,24,1,1
110,Premium,43,2.6771994188164783,5,0.0,47,1,0
111,Standard,38,32.467092065776,0,2.0,39,0,1
112,Basic,6,83.92624874776055,2,4.0,43,0,1
113,Premium,2,25.638140184810453,6,3.0,56,1,0
114,Basic,41,84.24394617666863,3,3.0,19,0,1
115,Premium,5,56.35334086530447,3,1.0,31,0,1
116,Basic,13,18.281348196073786,1,1.0,49,0,1
117,Premium,35,12.971760815583643,2,1.0,26,0,0
118,Standard,14,68.49846820544222,0,4.0,52,0,1
119,Basic,27,22.947065155204747,9,4.0,39,1,0
120,Standard,46,92.92871293025358,7,2.0,63,1,1
121,Premium,39,81.29101502798076,0,3.0,28,1,1
122,Premium,19,81.95789293945825,6,0.0,38,0,0
123,Standard,41,4.882785144050894,0,4.0,46,1,1
124,Basic,1,24.166327443509715,3,2.0,29,0,1
125,Premium,23,42.10797115063459,5,3.0,48,0,1
126,Basic,3,24.461182358308175,4,2.0,32,1,0
127,Premium,11,32.637384278479296,2,0.0,24,0,1
128,Premium,43,14.45632407707601,8,2.0,49,0,0
129,Basic,19,12.234095395385191,8,2.0,43,0,1
130,Standard,20,36.686137726946555,7,1.0,61,1,0
131,Basic,43,91.38637810783155,7,0.0,63,0,1
132,Premium,19,88.03734175183163,7,4.0,49,0,1
133,Premium,35,53.71003457277278,2,,27,0,0
134,Basic,39,69.55050892102314,4,1.0,62,0,1
135,Basic,23,32.56271340683432,7,3.0,39,0,0
136,Premium,28,14.483578042374246,9,0.0,63,1,1
137,Basic,31,6.033552303308232,0,3.0,35,1,1
138,Basic,39,44.9461739629532,8,2.0,54,0,1
139,Basic,44,47.563030223755085,5,4.0,34,0,0
140,Standard,6,42.94141637091755,5,4.0,60,0,0
141,Standard,34,54.23572446187907,1,3.0,29,0,0
142,Basic,45,52.09351696081511,5,0.0,39,1,1
143,Premium,13,69.95993441690227,7,0.0,21,0,0
144,Premium,8,85.40458260683033,3,,20,1,1
145,Basic,7,87.10726926772935,0,4.0,60,0,0
146,Basic,19,30.17600323681767,0,2.0,51,1,0
147,Standard,7,,0,4.0,34,1,1
148,Basic,16,96.4916011797434,6,3.0,23,1,1
149,Standard,12,55.727542484252744,4,3.0,47,1,0
150,Standard,22,63.83170661173509,9,4.0,54,1,0
151,Basic,24,82.29200397042993,4,3.0,59,0,0
152,Premium,8,12.938375507708832,9,3.0,18,1,1
153,Standard,47,17.28018472720074,4,3.0,26,1,1
154,Basic,40,90.1962846091952,7,4.0,55,0,0
155,Basic,43,94.466058137785,4,0.0,61,1,1
156,Premium,39,24.262089417119846,0,3.0,45,0,1
157,Standard,12,7.8732713192321,2,4.0,21,0,0
158,Standard,14,80.31972595109708,7,0.0,48,0,0
159,Basic,14,22.979031333950605,6,3.0,64,1,1
160,Standard,29,66.66320165193953,0,0.0,62,0,1
161,Standard,27,14.338327768543191,1,0.0,48,0,1
162,Basic,46,38.02834919560226,3,1.0,46,0,1
163,Standard,25,48.746234869550584,0,1.0,58,1,1
164,Premium,28,35.87936653780951,8,4.0,64,1,0
165,Standard,30,62.11967925256292,2,2.0,41,0,1
166,Premium,16,85.72590128877144,8,3.0,62,0,0
167,Premium,16,56.38478956434759,9,2.0,33,1,1
168,Standard,10,55.07495222570093,6,1.0,42,0,0
169,Standard,9,49.63024451294632,9,2.0,54,0,1
170,Premium,46,96.00735640262485,1,2.0,60,0,1
171,Premium,32,1.963674732352072,1,0.0,25,1,1
172,Basic,13,10.705965289636055,2,4.0,60,0,0
173,Basic,43,,9,0.0,30,1,1
174,Premium,18,84.04545182624518,5,2.0,44,0,1
175,Basic,16,93.1393942053147,3,2.0,28,0,1
176,Standard,23,94.65121732177879,5,2.0,49,0,1
177,Premium,45,23.682538003717656,1,1.0,47,0,1
178,Basic,35,42.006016150441475,9,3.0,19,1,0
179,Basic,15,66.81484505739951,8,2.0,27,0,1
180,Premium,43,84.72439687312226,8,0.0,49,0,1
181,Standard,23,67.14646570165044,3,0.0,30,0,1
182,Standard,34,90.10810481470202,9,3.0,52,0,0
183,Standard,18,21.302449086051332,2,4.0,27,1,0
184,Standard,43,55.07828986032496,5,2.0,55,0,1
185,Standard,35,49.69723884156201,2,1.0,37,0,1
186,Premium,36,85.72248816432551,3,4.0,20,0,1
187,Basic,34,12.27421452009142,4,4.0,22,1,0
188,Basic,27,59.584789761569,2,1.0,45,1,1
189,Basic,3,67.56173371261715,4,3.0,54,0,0
190,Standard,2,15.65651713664742,7,2.0,60,0,0
191,Basic,38,76.19401975724446,8,4.0,47,0,1
192,Premium,44,61.196952699959695,8,3.0,41,1,1
193,Standard,31,17.96845774828604,5,1.0,34,1,0
194,Standard,28,90.4828248091816,7,0.0,42,0,1
195,Basic,47,84.82579029868069,1,2.0,49,0,1
196,Premium,15,4.591141261084641,0,0.0,29,0,1
197,Standard,24,20.754912368717715,0,4.0,42,1,1
198,Basic,19,38.10156207059258,0,2.0,41,1,1
199,Standard,37,53.473332992346954,8,2.0,30,0,1
200,Basic,25,55.650926989613936,7,0.0,64,1,0
201,Premium,34,14.386851047892558,1,0.0,41,1,1
202,Basic,18,11.10633246484306,2,3.0,60,1,0
203,Basic,21,93.2578062604664,4,3.0,57,0,1
204,Standard,25,73.78026738375976,9,2.0,38,0,0
205,Premium,12,12.31147912344458,6,3.0,47,0,0
206,Basic,26,88.83762138756569,8,3.0,42,0,1
207,Basic,14,25.83157395722393,5,4.0,42,0,1
208,Premium,44,38.392213728010624,4,4.0,31,0,0
209,Basic,44,64.18854404925604,0,4.0,58,0,1
210,Standard,28,64.77715327218677,5,0.0,18,1,1
211,Premium,34,,3,4.0,29,1,0
212,Standard,25,13.31470650681944,1,3.0,39,1,1
213,Premium,20,30.728935642911004,5,1.0,50,0,1
214,Standard,9,48.12181050012183,2,3.0,28,0,1
215,Standard,44,91.42029947542976,7,3.0,39,0,1
216,Standard,44,35.197441687977204,2,1.0,22,1,0
217,Standard,10,79.80496346309052,3,4.0,21,1,0
218,Standard,5,0.9382473223695231,8,1.0,29,1,0
219,Basic,31,31.57293297800534,2,3.0,53,1,1
220,Basic,4,25.14454136204979,1,0.0,61,0,1
221,Premium,34,85.99704002397426,6,2.0,39,0,0
222,Basic,37,20.27370861806519,4,0.0,27,0,0
223,Basic,27,89.65616624607105,5,0.0,34,1,1
224,Standard,16,52.59328156944451,8,1.0,24,0,1
225,Standard,18,82.26863047597057,0,1.0,34,1,1
226,Standard,11,34.831858229955714,7,0.0,44,0,1
227,Standard,42,31.188314094597857,2,1.0,38,0,1
228,Basic,47,11.61699512125114,8,0.0,36,1,1
229,Standard,44,63.13920407833038,0,3.0,18,1,1
230,Basic,24,15.68941495331677,8,0.0,36,0,0
231,Basic,44,65.12464528945084,6,1.0,48,0,1
232,Premium,6,6.655501856043655,6,3.0,60,0,0
233,Premium,24,14.599374287064304,1,2.0,44,0,1
234,Basic,1,95.90504600620875,4,0.0,38,1,1
235,Basic,15,73.6978315622266,7,4.0,33,0,0
236,Standard,29,11.28499816055044,0,4.0,36,0,0
237,Standard,1,38.898630299899516,0,4.0,64,1,1
238,Premium,46,13.670660711290783,9,3.0,50,1,0
239,Standard,19,48.27045807699558,5,0.0,62,1,1
240,Basic,21,93.6999167992291,6,1.0,51,1,1
241,Basic,26,32.97740741579138,5,3.0,35,1,0
242,Basic,33,76.65865861806029,3,0.0,35,0,1
243,Basic,2,11.895128113694897,3,0.0,18,0,0
244,Premium,38,34.32046438070541,0,0.0,46,0,1
245,Standard,1,28.98842323726508,0,2.0,34,0,1
246,Standard,31,18.697367053503477,6,2.0,52,1,0
247,Standard,16,28.546940276837873,6,0.0,43,0,1
248,Basic,35,78.90285826815781,0,4.0,31,0,1
249,Standard,27,55.531504669581665,3,2.0,40,0,1
250,Premium,12,75.11762626076249,6,2.0,64,1,0
251,Basic,34,45.05292489675667,0,4.0,30,1,0
252,Premium,25,33.972408911603935,9,1.0,48,0,1
253,Basic,17,80.84100231265168,6,,26,0,1
254,Basic,9,69.12039369771429,5,1.0,46,1,1
255,Standard,26,48.927948851618865,2,2.0,52,0,1
256,Standard,39,81.7418825592495,4,4.0,33,0,0
257,Premium,22,9.637622444999916,0,4.0,28,1,0
258,Premium,25,15.811793644637584,9,3.0,63,1,1
259,Basic,5,70.71899886965855,6,0.0,23,0,1
260,Basic,36,45.67886935963141,8,4.0,61,1,0
261,Standard,16,91.00547928020036,6,2.0,20,0,1
262,Basic,17,71.59923197810345,0,2.0,62,0,1
263,Basic,12,0.27393725172786265,3,2.0,52,0,0
264,Basic,44,80.7666220856762,4,3.0,58,0,1
265,Basic,47,54.865764255983485,5,0.0,50,0,1
266,Standard,2,65.11279884391725,1,3.0,41,1,0
267,Basic,34,95.80024011210521,4,2.0,57,1,1
268,Standard,19,94.58819807751644,4,3.0,41,0,0
269,Premium,3,38.42104970265697,8,0.0,60,1,1
270,Basic,5,33.72340704150258,2,4.0,58,1,1
271,Basic,18,27.802723515953588,8,4.0,38,1,0
272,Standard,5,54.762390719476706,8,0.0,32,0,0
273,Basic,30,51.8572274048723,6,1.0,53,1,1
274,Standard,28,76.40815808772831,8,4.0,39,0,1
275,Standard,26,57.90287612715046,2,0.0,54,0,0
276,Premium,18,74.6589011483072,8,3.0,55,0,0
277,Basic,32,13.623608851103352,9,,52,0,0
278,Premium,28,49.64555595306318,6,4.0,37,0,0
279,Basic,45,40.24562387508889,1,3.0,26,1,0
280,Basic,6,27.65716730616784,7,1.0,61,0,1
281,Premium,10,78.87459753477563,6,3.0,19,0,0
282,Standard,2,85.72064928846645,6,1.0,58,0,1
283,Standard,47,40.60659928757223,9,4.0,20,1,0
284,Standard,30,67.14640456351374,0,2.0,50,1,1
285,Premium,45,18.578197024618092,1,3.0,56,0,1
286,Standard,15,56.63017324101946,1,3.0,48,0,0
287,Premium,38,38.762267545846704,9,1.0,51,0,0
288,Premium,18,59.90288569678551,2,1.0,49,1,1
289,Premium,34,1.872628897322548,3,0.0,51,0,1
290,Premium,26,39.40972000974433,1,4.0,20,1,0
291,Basic,29,52.38509913348884,7,2.0,41,0,0
292,Basic,9,97.35083308818724,7,3.0,36,0,0
293,Premium,22,98.09269193737599,4,2.0,41,1,1
294,Basic,37,50.46454012581367,7,0.0,33,1,1
295,Basic,11,17.90367510802526,1,0.0,60,0,1
296,Standard,24,30.353407612141037,1,0.0,46,0,1
297,Premium,29,35.57130295185416,4,1.0,48,0,0
298,Basic,13,22.518527538958143,5,0.0,57,0,0
299,Premium,36,74.63853632526052,6,2.0,35,0,1
300,Basic,16,5.525550921563715,7,4.0,19,1,0
301,Basic,41,45.2344084932743,7,4.0,53,1,0
302,Standard,15,93.32758508711129,5,1.0,26,0,0
303,Premium,10,77.20853556932842,2,4.0,46,1,1
304,Premium,8,23.25175983396479,9,4.0,41,0,0
305,Basic,31,5.905899163698303,1,2.0,44,0,0
306,Premium,36,77.45904175110235,9,1.0,30,0,1
307,Basic,29,12.263605243208408,4,2.0,39,0,0
308,Premium,35,0.34875184035373374,8,1.0,29,0,0
309,Standard,12,4.148697234092857,7,1.0,54,1,1
310,Basic,14,61.80899119712634,1,2.0,62,0,0
311,Premium,26,12.8930354171919,0,3.0,19,0,1
312,Basic,27,20.505063599617067,8,0.0,31,1,1
313,Basic,4,4.046912645899092,6,2.0,21,0,0
314,Standard,38,54.15188574103246,7,3.0,55,0,1
315,Premium,34,8.508238932847622,3,3.0,63,1,0
316,Basic,33,23.2959938256296,9,1.0,42,1,0
317,Standard,19,47.93937538924449,3,0.0,28,1,1
318,Premium,10,1.9210880732599245,7,0.0,61,0,1
319,Basic,7,51.44317958788023,1,0.0,42,0,1
320,Premium,39,16.428892693398623,7,1.0,44,1,0
321,Standard,11,60.54392239183828,0,0.0,58,1,1
322,Premium,4,25.774287338651103,3,0.0,19,1,1
323,Standard,31,81.60257837816062,8,4.0,53,0,0
324,Standard,22,68.36403217815025,5,2.0,59,1,1
325,Premium,33,56.12068153830813,2,4.0,25,0,1
326,Premium,19,63.766095507413276,3,,21,0,1
327,Standard,44,99.89848436899092,0,,37,1,1
328,Basic,30,40.088256279562586,6,1.0,38,0,0
329,Premium,28,34.627408435373816,4,4.0,35,0,0
330,Standard,34,56.089045617732666,5,4.0,51,0,0
331,Premium,37,7.356207099649925,2,4.0,34,1,0
332,Standard,45,7.152056979619181,1,2.0,30,0,1
333,Standard,2,61.02784537847682,6,2.0,27,1,0
334,Premium,35,72.7910591907836,3,0.0,64,0,1
335,Standard,32,74.74928526957734,8,1.0,41,1,1
336,Basic,18,67.43226864292872,3,0.0,23,0,1
337,Standard,8,74.89259210504987,0,1.0,47,1,1
338,Premium,14,35.99519827428874,9,3.0,45,1,1
339,Standard,14,77.13877652697776,4,0.0,57,1,1
340,Basic,21,22.18644920990902,1,4.0,61,1,0
341,Premium,26,31.687811693370637,5,1.0,28,0,1
342,Premium,17,3.587898268706524,2,,59,1,1
343,Basic,10,88.5567875407053,9,0.0,50,1,0
344,Basic,33,68.94816618161671,7,4.0,50,1,0
345,Premium,37,92.47474670983398,4,2.0,56,1,1
346,Standard,25,32.369561106174686,4,2.0,24,0,1
347,Basic,38,87.80535556770032,8,1.0,57,1,1
348,Premium,37,55.840585621644145,2,2.0,23,0,0
349,Standard,42,80.00080963845029,0,3.0,40,1,1
350,Premium,43,52.08984834860245,5,4.0,19,0,0
351,Premium,40,2.0522152269737637,9,1.0,25,0,1
352,Basic,27,49.55676746875214,2,4.0,38,1,0
353,Premium,47,76.13662730799228,5,1.0,35,1,0
354,Basic,9,96.9669427335969,9,3.0,47,1,1
355,Premium,26,61.42910610396998,5,2.0,25,0,1
356,Standard,41,70.66098418138313,8,3.0,50,0,0
357,Premium,20,90.70273601866296,8,,40,0,1
358,Standard,42,77.10652928125631,9,4.0,35,1,1
359,Premium,11,,7,4.0,23,1,1
360,Premium,29,72.15682334867518,1,3.0,44,1,1
361,Standard,7,54.06741058042444,6,0.0,44,1,1
362,Premium,19,70.73619857648434,4,1.0,25,0,1
363,Standard,34,13.85437677871365,0,3.0,55,0,1
364,Standard,23,11.104780491480582,9,2.0,19,1,0
365,Standard,20,39.033057086976974,8,3.0,53,0,0
366,Basic,30,13.017435869082705,7,1.0,41,0,0
367,Standard,1,40.9506252407584,2,1.0,57,1,1
368,Basic,47,90.49374973103362,4,2.0,22,0,1
369,Standard,11,78.45397018999176,4,1.0,64,0,1
370,Standard,36,27.684689727492195,6,4.0,43,0,0
371,Premium,42,,0,1.0,42,0,1
372,Standard,22,6.97857384667736,9,3.0,20,1,0
373,Basic,16,51.426571893727846,6,4.0,20,1,1
374,Basic,13,16.242138515601802,5,2.0,35,1,0
375,Basic,30,,8,2.0,57,0,0
376,Standard,32,37.99149152913163,6,3.0,30,0,0
377,Basic,35,42.677115708008884,9,1.0,38,1,0
378,Standard,25,68.7240967900573,2,1.0,43,1,1
379,Standard,22,66.15767012326168,2,2.0,34,0,0
380,Premium,1,53.36146065403137,0,3.0,24,1,1
381,Basic,17,26.86366006525891,9,1.0,45,1,0
382,Premium,38,35.70777666569151,1,0.0,62,1,1
383,Premium,15,19.114464139421727,9,3.0,26,1,0
384,Basic,3,6.440219461420005,0,0.0,48,1,0
385,Premium,16,35.348467606363066,8,4.0,44,0,0
386,Basic,16,56.82378190797741,4,2.0,56,1,1
387,Standard,22,52.49222203177,9,1.0,35,1,0
388,Standard,3,64.80332787312766,9,4.0,24,0,0
389,Standard,1,27.37652796370986,4,2.0,40,0,1
390,Basic,17,46.398498474494176,3,2.0,54,0,1
391,Basic,29,96.56103913673086,6,2.0,22,1,1
392,Basic,32,,1,2.0,18,0,1
393,Standard,23,43.812655540701115,4,1.0,27,0,0
394,Premium,42,8.4086038690659,1,2.0,28,1,0
395,Premium,25,14.085898943374996,6,0.0,44,1,1
396,Standard,46,64.23634183923771,2,1.0,32,1,1
397,Premium,19,95.13769218369865,8,1.0,59,1,1
398,Premium,26,93.25423967411102,2,2.0,18,0,0
399,Basic,34,55.84371144936292,1,2.0,55,1,1
400,Basic,23,48.49611599403995,3,3.0,39,1,1
401,Premium,12,97.06450679401316,3,4.0,32,0,1
402,Standard,42,55.56666717565213,6,4.0,48,0,0
403,Basic,35,93.26013098781027,9,2.0,64,0,0
404,Premium,28,82.30179222661909,1,1.0,39,1,1
405,Premium,20,51.76270305955095,5,3.0,34,0,1
406,Standard,5,23.11247205814424,8,3.0,20,1,0
407,Basic,36,51.130705195866824,3,2.0,30,1,0
408,Basic,42,73.30455107034123,0,4.0,38,1,1
409,Standard,1,73.79219112217562,7,3.0,50,0,1
410,Standard,6,84.71920029926069,7,1.0,28,1,1
411,Basic,29,46.90428833361455,5,3.0,48,1,0
412,Standard,16,50.11462777971343,5,1.0,44,1,1
413,Standard,33,3.190224402424313,8,1.0,50,0,0
414,Premium,22,42.41426737539853,3,0.0,50,1,1
415,Standard,34,81.16824037846324,5,3.0,41,0,1
416,Basic,3,61.29428314003199,6,3.0,40,1,0
417,Basic,39,3.485789576701215,4,2.0,58,0,1
418,Standard,38,26.194013707744766,1,1.0,52,0,1
419,Premium,30,67.02018454301772,9,0.0,60,1,1
420,Premium,26,69.17558593823566,8,,43,1,0
421,Standard,24,69.88239257618434,7,2.0,31,1,1
422,Premium,12,38.14438912395693,2,2.0,37,1,1
423,Basic,18,59.421217792376936,4,4.0,40,1,0
424,Basic,10,54.01760582495334,2,0.0,52,0,1
425,Premium,26,85.46813618730295,0,4.0,22,1,1
426,Basic,1,13.379448362507828,6,4.0,52,1,0
427,Premium,3,19.33446451735411,4,3.0,32,0,0
428,Basic,1,91.07143453539331,9,2.0,28,0,1
429,Standard,45,30.299494780841375,3,0.0,55,1,1
430,Premium,4,78.00960082626305,5,2.0,27,1,1
431,Premium,47,90.97848443783005,4,2.0,61,1,1
432,Premium,2,47.185336124013965,7,0.0,62,1,1
433,Premium,14,38.984423243446656,4,2.0,29,0,1
434,Standard,30,37.94341096933272,0,1.0,20,0,1
435,Standard,5,51.018195066319926,2,3.0,64,0,0
436,Basic,33,32.815551280072256,5,3.0,41,1,1
437,Basic,7,88.34540411046886,4,2.0,44,1,0
438,Basic,9,48.07500057091233,5,2.0,47,0,0
439,Basic,1,2.4577194377142564,1,1.0,22,1,1
440,Basic,40,32.412782685366146,1,0.0,64,0,1
441,Basic,20,33.059353631777896,8,0.0,60,1,1
442,Premium,23,76.23779745261966,2,4.0,61,0,1
443,Premium,16,79.19966986888477,0,0.0,43,0,1
444,Basic,11,86.31501555088836,6,3.0,20,1,1
445,Basic,12,92.09456913457463,9,4.0,28,1,0
446,Standard,47,82.54333010706728,9,4.0,61,0,0
447,Standard,47,28.127361664353856,1,1.0,23,1,1
448,Basic,5,37.01416414292002,6,0.0,26,1,0
449,Standard,32,56.46020452874713,1,3.0,25,0,1
450,Standard,35,6.8614139693430225,0,0.0,41,0,1
451,Basic,8,76.23178816020958,8,3.0,36,1,0
452,Premium,1,47.81639557878974,2,2.0,41,0,1
453,Premium,22,92.54424760822467,6,4.0,60,0,0
454,Basic,25,70.69086445727622,5,0.0,51,0,1
455,Premium,46,71.28319041844115,4,3.0,38,1,1
456,Standard,3,18.13310623443516,3,3.0,30,0,0
457,Basic,34,95.82803601717904,6,2.0,43,0,1
458,Standard,21,97.14377058664037,3,2.0,55,1,1
459,Premium,36,59.00806216691639,0,0.0,56,0,1
460,Standard,12,20.320726672949373,4,4.0,59,1,0
461,Premium,27,8.239070861913566,7,2.0,26,0,1
462,Premium,17,77.72418972455696,1,2.0,31,1,1
463,Basic,46,63.160599520818195,3,3.0,42,0,1
464,Standard,37,15.781382458413539,3,0.0,62,1,1
465,Standard,16,80.54557707313371,2,4.0,43,1,1
466,Standard,1,17.574214695154744,6,1.0,51,1,0
467,Standard,44,18.948641370131448,9,1.0,23,0,0
468,Standard,1,56.82531806753399,9,1.0,23,0,0
469,Standard,27,49.914864742647644,4,1.0,23,1,1
470,Standard,9,62.5415017854078,7,3.0,51,1,0
471,Basic,32,52.44498888164571,1,1.0,31,1,1
472,Premium,24,83.16395594924879,2,0.0,49,1,1
473,Basic,43,0.45932105794735945,7,2.0,59,1,0
474,Premium,8,39.20920867272327,6,,43,0,0
475,Standard,1,81.98921407985455,4,3.0,60,1,1
476,Standard,12,54.83271093185732,9,4.0,22,0,0
477,Premium,44,98.85883920679403,7,1.0,40,0,1
478,Premium,44,97.97287573357896,1,,30,1,1
479,Standard,37,95.90981830461945,8,3.0,48,0,0
480,Premium,16,98.01600330558212,4,4.0,40,1,0
481,Basic,16,53.70244626166591,4,0.0,59,0,1
482,Premium,33,50.36298519144237,9,0.0,32,0,0
483,Standard,1,51.53985225952871,2,2.0,63,1,1
484,Standard,24,0.656758338435337,8,,44,1,0
485,Standard,28,21.53872208958515,3,4.0,26,0,1
486,Premium,40,18.535393176136918,3,0.0,19,0,1
487,Premium,5,13.22960387458827,7,4.0,55,0,0
488,Standard,12,24.720607326484124,6,0.0,49,1,1
489,Premium,5,98.85801035342551,9,0.0,45,1,1
490,Basic,9,0.27908319208233,0,2.0,37,1,1
491,Premium,8,47.77986079908276,4,4.0,43,0,0
492,Basic,39,83.48124030439814,8,3.0,30,1,0
493,Premium,14,36.85127057005607,1,1.0,62,0,1
494,Standard,32,30.692817632836512,6,2.0,36,1,0
495,Premium,35,45.5722458292773,5,3.0,55,1,0
496,Basic,2,80.63079124091396,5,3.0,36,1,0
497,Basic,29,27.284688961967497,1,3.0,44,1,1
498,Premium,33,88.26450041950439,4,3.0,49,1,1
499,Premium,22,26.480852010950894,3,1.0,48,1,1
500,Basic,34,38.14052475329355,9,0.0,56,0,1
501,Standard,44,39.37369104165456,3,2.0,57,0,0
502,Premium,12,65.94960753012933,3,0.0,33,0,1
503,Premium,10,12.163938251272555,1,1.0,24,1,0
504,Premium,29,27.064634805848385,0,1.0,30,1,1
505,Standard,22,12.326263705657748,7,1.0,18,1,0
506,Basic,14,13.918602109295842,9,4.0,40,0,0
507,Premium,34,44.144778134405236,6,1.0,60,0,0
508,Premium,14,61.77471336766279,8,4.0,51,1,0
509,Basic,8,59.479084258717805,4,0.0,49,1,1
510,Standard,40,74.40828916374448,3,3.0,30,1,1
511,Basic,39,65.02121139182246,5,0.0,23,0,1
512,Standard,15,79.32526354991526,9,1.0,50,1,0
513,Standard,17,89.30027547812493,2,4.0,50,0,1
514,Premium,26,59.05614653885697,2,3.0,21,1,0
515,Premium,42,96.46646587564005,3,3.0,64,1,1
516,Basic,15,25.26452759057969,9,3.0,42,0,0
517,Standard,17,75.6354014650326,7,3.0,30,1,1
518,Standard,11,68.01978408319228,7,1.0,44,1,1
519,Standard,33,59.61987307891297,6,4.0,21,0,0
520,Basic,36,12.010660002456063,0,0.0,62,1,1
521,Premium,8,38.800211297889945,0,3.0,48,1,0
522,Premium,27,62.99069875117896,0,3.0,58,0,1
523,Standard,31,,5,2.0,59,1,0
524,Premium,22,1.8705333936917978,0,3.0,59,1,0
525,Basic,44,21.744205913133243,8,2.0,26,1,1
526,Standard,1,90.51537771764188,9,0.0,57,0,1
527,Standard,12,3.3007651013127637,8,1.0,36,1,0
528,Standard,16,12.658224689504639,3,3.0,39,0,1
529,Standard,2,77.35404689725631,6,1.0,49,1,0
530,Premium,21,58.37694938740257,4,2.0,25,1,1
531,Basic,36,96.6276377622785,1,1.0,62,0,1
532,Basic,12,,4,3.0,60,0,0
533,Premium,2,70.0791134543582,5,4.0,47,1,1
534,Standard,19,13.226026268454593,4,4.0,53,1,0
535,Standard,27,28.501818390599876,0,1.0,34,1,1
536,Standard,23,38.18594304390327,9,0.0,28,1,1
537,Basic,2,19.074487711084487,2,3.0,19,0,0
538,Standard,35,90.45047297208613,7,,58,0,1
539,Standard,46,35.0518519802294,1,2.0,19,1,1
540,Premium,25,43.99202191477307,8,2.0,20,1,1
541,Premium,4,51.97978199699062,3,1.0,60,0,1
542,Basic,46,,2,,57,0,1
543,Basic,28,51.01623066115011,7,4.0,57,1,0
544,Standard,32,45.08444406325434,0,1.0,42,1,1
545,Standard,19,0.8779135529144555,8,3.0,28,0,0
546,Premium,18,8.715547902672526,9,3.0,61,1,0
547,Basic,23,76.25876014885769,5,4.0,31,1,0
548,Standard,2,22.207932198460856,4,3.0,38,0,0
549,Premium,10,54.23541832953419,0,0.0,23,1,1
550,Standard,29,10.702177234498322,3,4.0,42,1,0
551,Standard,45,88.36284164797479,6,0.0,35,0,1
552,Standard,13,37.15095705855644,3,3.0,60,1,1
553,Standard,14,9.190003597925521,8,4.0,60,0,1
554,Basic,11,16.79433654007756,6,3.0,32,1,0
555,Basic,27,28.643439596333963,8,0.0,20,1,1
556,Basic,16,19.45153595697169,8,4.0,54,0,0
557,Premium,39,74.01353561345168,9,0.0,19,1,1
558,Basic,33,41.82986224850571,1,4.0,52,0,0
559,Standard,38,70.05155689388984,9,3.0,31,1,1
560,Standard,2,12.19226583253098,1,4.0,58,0,0
561,Standard,3,36.97078836555847,8,0.0,35,0,0
562,Premium,36,62.987390954628744,5,2.0,33,1,1
563,Basic,18,15.789669087905533,5,4.0,20,0,1
564,Standard,40,54.138066531544624,4,,51,1,1
565,Standard,39,11.421377744534322,2,2.0,55,0,0
566,Standard,44,24.716396612060898,4,3.0,33,1,0
567,Basic,16,69.56406057449632,4,1.0,48,1,1
568,Premium,9,8.941418918627297,9,2.0,53,1,0
569,Basic,22,17.539029060450805,9,3.0,53,0,0
570,Standard,11,84.4355752235496,0,4.0,61,1,1
571,Premium,16,94.30398207546757,9,3.0,29,1,0
572,Premium,22,99.8060228953647,3,,26,0,1
573,Standard,8,77.47535902449225,1,1.0,45,0,1
574,Basic,7,60.6595828748964,1,4.0,60,0,1
575,Basic,1,38.14594722224876,0,3.0,60,0,0
576,Basic,35,59.455664041292664,0,3.0,35,1,1
577,Basic,46,22.304089512906277,2,3.0,61,0,0
578,Premium,11,56.9771595157207,8,4.0,62,1,1
579,Premium,5,19.134295224807463,8,2.0,60,0,0
580,Basic,10,23.409793197743,5,3.0,41,1,0
581,Standard,29,81.76093277043178,5,2.0,19,1,1
582,Standard,38,38.28305315829687,2,1.0,35,0,1
583,Basic,16,27.548656356203914,4,2.0,63,0,0
584,Premium,44,87.26496318692072,4,4.0,54,1,1
585,Standard,39,87.83616218436927,9,2.0,26,0,1
586,Basic,45,28.86361515414767,9,3.0,49,1,1
587,Basic,23,3.8062190960420628,8,0.0,21,1,0
588,Standard,5,21.674249396134282,6,2.0,34,0,0
589,Basic,33,22.60980439317074,1,0.0,57,1,1
590,Basic,11,49.034762196681456,5,2.0,62,1,1
591,Standard,23,47.65503384084357,6,1.0,58,1,1
592,Premium,37,43.500782292854055,8,2.0,22,1,0
593,Premium,10,7.117427146502264,5,1.0,45,1,1
594,Basic,6,67.32205660725587,6,1.0,61,0,0
595,Standard,29,12.794938288300683,4,3.0,46,0,0
596,Premium,43,74.82740937935168,8,0.0,20,0,1
597,Premium,35,16.455566194814097,2,1.0,60,1,1
598,Premium,21,58.515101090225706,1,3.0,56,0,0
599,Standard,36,84.0843234366771,4,3.0,35,1,0
600,Premium,29,19.90311760040552,2,0.0,54,0,0
601,Standard,27,,3,4.0,48,1,1
602,Basic,39,25.398932690370955,5,3.0,23,0,1
603,Basic,37,66.08240614119275,1,4.0,33,0,0
604,Basic,29,93.41035862239707,8,0.0,36,1,1
605,Standard,22,30.73554293320886,5,2.0,31,0,1
606,Standard,32,82.34466191046243,1,3.0,56,0,1
607,Standard,30,13.045422342479906,7,2.0,29,1,1
608,Standard,46,69.93508958051102,0,3.0,50,1,1
609,Standard,34,23.18715875465053,1,0.0,62,0,1
610,Standard,47,30.847436092009296,8,4.0,24,1,1
611,Basic,8,31.37175416323639,1,,52,0,1
612,Basic,7,71.45138601612419,2,2.0,45,0,1
613,Premium,13,66.16737217925571,7,1.0,40,0,0
614,Standard,11,16.425480030556884,4,3.0,39,0,1
615,Standard,46,84.3364150964382,6,0.0,22,0,1
616,Basic,38,30.811937776967447,9,3.0,22,1,0
617,Standard,21,30.269809361987864,7,4.0,63,1,1
618,Basic,6,17.835891459714404,6,2.0,63,0,0
619,Basic,44,17.956729372473422,5,1.0,60,0,0
620,Premium,24,52.1009471354392,6,1.0,61,1,1
621,Premium,38,37.30030423388201,2,4.0,22,1,1
622,Basic,1,41.30009918517058,6,0.0,58,1,1
623,Premium,39,39.03657570736342,8,0.0,63,0,1
624,Standard,2,68.50970798245756,2,4.0,59,0,0
625,Basic,27,8.296440237357338,2,2.0,57,0,0
626,Standard,29,,7,2.0,43,0,0
627,Premium,23,95.89706202931707,4,3.0,48,0,1
628,Premium,41,48.120867240543106,6,2.0,28,1,1
629,Premium,14,13.054633089657086,0,4.0,24,0,1
630,Basic,14,50.17530669427873,5,,43,0,1
631,Premium,7,83.75279742844857,3,2.0,20,0,1
632,Premium,13,36.087168167541876,7,4.0,19,1,1
633,Standard,14,54.23402639558768,1,4.0,47,1,0
634,Premium,17,91.45521282501498,1,4.0,39,0,1
635,Standard,33,55.58720708763973,3,4.0,56,1,1
636,Premium,28,65.77834359935429,1,2.0,48,0,1
637,Premium,38,2.1555774145973317,1,0.0,51,0,1
638,Basic,35,80.40988125832868,4,4.0,44,1,0
639,Basic,33,83.05807600127343,0,,62,1,1
640,Standard,1,59.63451761246279,1,0.0,22,1,1
641,Standard,33,9.139354611916605,3,2.0,35,1,1
642,Standard,46,97.46332017174397,4,2.0,53,0,1
643,Premium,24,68.42397874045804,8,0.0,39,1,0
644,Basic,44,44.35909051326606,1,3.0,58,0,0
645,Basic,15,87.58835833791237,9,0.0,46,0,0
646,Premium,15,40.75496298248819,1,0.0,39,1,1
647,Basic,5,64.19485665206886,4,0.0,57,0,1
648,Standard,37,22.40392220849313,9,3.0,52,0,0
649,Basic,15,89.29595369534354,2,0.0,19,0,1
650,Premium,42,52.91264041742664,5,0.0,47,1,1
651,Basic,28,23.645079690682834,6,1.0,31,0,1
652,Standard,1,8.596304590752235,4,2.0,31,0,0
653,Premium,31,,0,1.0,18,0,1
654,Basic,6,19.737451997875034,1,1.0,30,0,1
655,Basic,34,98.98898332238932,0,2.0,55,1,1
656,Premium,6,14.268820695079665,7,0.0,49,1,0
657,Standard,45,46.0781715557473,8,1.0,30,0,0
658,Premium,43,53.015321183940486,7,1.0,22,0,1
659,Basic,41,24.63422845274641,8,1.0,54,1,1
660,Premium,19,99.33480237158554,6,0.0,34,1,1
661,Standard,11,57.749761262246935,4,0.0,50,1,0
662,Premium,43,57.126912110712325,2,4.0,24,1,1
663,Basic,25,87.39040177801897,5,4.0,48,0,0
664,Premium,38,58.15554477671666,0,4.0,50,0,0
665,Standard,37,47.72907563544611,7,3.0,63,0,0
666,Basic,30,47.62569953616045,2,0.0,58,0,1
667,Standard,40,71.45781380167342,3,3.0,62,1,1
668,Standard,8,34.92383932477965,9,4.0,31,1,0
669,Basic,20,51.061994571396966,0,1.0,34,1,1
670,Basic,4,32.323141855097035,9,2.0,62,1,0
671,Premium,3,89.35689148489936,8,3.0,54,0,0
672,Premium,28,20.538653404698103,0,0.0,41,1,1
673,Standard,2,57.59518963093243,6,2.0,28,1,0
674,Basic,37,32.0640966817654,9,2.0,50,0,1
675,Standard,26,55.296446162363,8,2.0,54,0,0
676,Standard,39,52.1165971369853,1,2.0,53,1,1
677,Premium,3,46.31249526763798,1,3.0,26,0,0
678,Standard,38,45.164903831431204,4,0.0,46,1,1
679,Standard,31,44.10034910737165,9,0.0,64,0,0
680,Standard,20,41.10968227779877,2,0.0,60,0,1
681,Standard,14,14.232567544755126,2,4.0,49,0,0
682,Basic,5,92.7665243526377,0,4.0,38,1,0
683,Premium,34,97.70566795292441,4,3.0,50,1,1
684,Standard,15,46.264082103117396,7,2.0,21,0,0
685,Standard,3,44.42959304041325,5,3.0,48,1,0
686,Standard,6,40.25107431740046,8,0.0,20,1,1
687,Premium,22,21.822130790869366,5,3.0,18,1,0
688,Premium,21,7.622197825570021,1,1.0,58,1,1
689,Standard,2,2.326110249667457,6,0.0,61,0,1
690,Basic,5,56.396370681592124,2,1.0,31,1,1
691,Premium,36,70.85142269146772,8,4.0,20,0,0
692,Basic,12,9.21127369516399,1,1.0,31,0,0
693,Standard,31,48.85534786042772,4,2.0,54,0,1
694,Standard,15,17.013497513033972,0,1.0,42,0,1
695,Standard,1,15.542115280369961,0,3.0,18,0,1
696,Basic,22,73.48320377069983,4,4.0,59,1,1
697,Standard,28,92.18869495301736,2,3.0,32,1,1
698,Basic,25,90.61967826370658,5,3.0,47,1,1
699,Basic,15,28.375287639762636,2,1.0,19,1,0
700,Standard,43,25.867757656172017,5,2.0,21,1,1
701,Premium,47,50.77205704741162,8,0.0,18,1,0
702,Premium,28,96.87102548651647,9,0.0,57,0,0
703,Basic,4,4.389975009628566,6,1.0,27,1,0
704,Premium,44,93.26633570099378,4,2.0,47,1,1
705,Basic,17,14.987893746021896,7,0.0,25,0,0
706,Premium,30,34.583042176007986,1,4.0,22,1,0
707,Basic,23,27.745129829894843,5,2.0,32,0,0
708,Premium,10,68.90225994685491,5,4.0,60,1,0
709,Standard,15,73.87972281126974,2,0.0,60,0,1
710,Basic,45,76.10815388578746,8,3.0,46,0,1
711,Basic,6,7.820718796598836,6,0.0,22,1,1
712,Premium,31,8.107668913247778,2,4.0,22,0,0
713,Standard,9,90.43246253676767,8,1.0,52,0,1
714,Basic,37,79.52114780928568,0,4.0,45,1,1
715,Premium,4,91.80210639588347,5,0.0,45,1,1
716,Standard,39,69.22293825597299,4,2.0,23,1,1
717,Standard,5,5.7872678318236614,9,3.0,29,0,0
718,Basic,15,68.68213536885986,8,3.0,50,0,0
719,Premium,31,90.34243846005204,2,0.0,52,0,1
720,Basic,36,33.19336310602859,8,1.0,40,1,0
721,Basic,46,10.752590481628276,9,1.0,25,1,0
722,Standard,34,8.19114990921317,3,3.0,38,0,1
723,Premium,19,11.1350841793729,5,0.0,56,1,0
724,Premium,46,9.369340902894374,3,3.0,42,0,1
725,Basic,38,58.990145446430894,0,1.0,34,0,1
726,Standard,3,23.474315119477886,3,4.0,41,0,0
727,Standard,45,4.158761169175607,6,3.0,24,0,0
728,Premium,26,91.0161903676538,4,0.0,19,0,1
729,Basic,34,68.19948217289125,9,3.0,44,0,1
730,Basic,38,87.84367216582977,0,1.0,35,0,1
731,Standard,13,49.073196781262126,4,0.0,23,1,1
732,Basic,2,87.90568003626463,0,2.0,51,0,1
733,Standard,36,71.20304984784073,8,3.0,54,1,0
734,Basic,14,74.79348093899138,8,3.0,61,0,1
735,Standard,42,34.522158317973236,0,4.0,18,1,1
736,Standard,3,36.68793167456299,2,1.0,37,0,1
737,Premium,39,93.75133536746425,3,1.0,49,1,1
738,Premium,7,51.304965126424094,0,0.0,43,1,1
739,Standard,35,97.67217419472996,2,,46,1,1
740,Premium,38,43.646989973997705,5,,42,1,1
741,Premium,15,90.74364222478445,9,3.0,43,0,0
742,Standard,6,14.618862338946837,3,3.0,45,1,0
743,Basic,38,20.746101034942487,5,3.0,37,0,1
744,Basic,21,69.94477707408184,3,4.0,33,1,1
745,Premium,23,87.02393107106049,8,4.0,26,0,0
746,Basic,9,49.57000566817609,2,4.0,49,0,0
747,Standard,29,65.62053615321284,9,2.0,50,0,0
748,Standard,46,57.66838785259585,3,2.0,36,0,0
749,Basic,19,25.661206803348314,4,3.0,18,0,1
750,Premium,35,86.378900737594,1,3.0,43,1,1
751,Premium,15,83.54067015791632,5,2.0,24,0,1
752,Standard,24,39.51018048181806,8,0.0,24,0,1
753,Basic,19,,8,2.0,25,1,0
754,Premium,44,23.78057028941004,8,2.0,57,1,1
755,Basic,28,0.8608515433628505,7,3.0,45,0,1
756,Basic,12,97.3525319374391,5,2.0,62,1,0
757,Basic,21,80.55705057285975,0,2.0,53,1,1
758,Premium,32,78.57763042269595,6,3.0,41,1,1
759,Standard,34,81.34654457456449,6,4.0,26,1,1
760,Standard,27,36.699208436558536,7,3.0,34,0,0
761,Basic,17,9.104459507884656,5,0.0,47,0,1
762,Premium,20,63.07942251400015,3,2.0,59,0,0
763,Premium,21,65.92092188288916,6,1.0,48,0,1
764,Standard,33,48.74540293262049,2,2.0,41,1,1
765,Premium,6,99.31315131690747,0,4.0,58,1,0
766,Basic,26,49.72330462531441,2,0.0,61,1,1
767,Premium,33,39.73458519311932,0,0.0,24,0,1
768,Premium,21,21.716171280445106,9,0.0,52,1,1
769,Premium,41,35.74940423727564,2,3.0,35,1,1
770,Basic,40,60.15382822874306,9,3.0,64,1,0
771,Premium,47,23.7822814712916,5,,41,1,1
772,Premium,23,40.41959509720541,0,1.0,24,0,1
773,Premium,27,25.670552263370926,0,3.0,46,0,0
774,Premium,23,93.41401597977746,3,0.0,26,0,1
775,Standard,19,86.54717830832635,6,4.0,62,0,0
776,Basic,3,12.076819490348967,6,0.0,57,1,0
777,Premium,42,91.40339896981246,7,3.0,64,1,1
778,Basic,6,67.96030204983774,3,3.0,38,1,1
779,Premium,35,51.69140094750784,4,4.0,22,0,1
780,Standard,27,5.846316203715651,5,0.0,42,0,1
781,Standard,11,47.35541293226885,7,3.0,26,0,0
782,Standard,46,59.92826977278474,9,2.0,28,0,0
783,Standard,14,80.04016893655684,9,3.0,43,0,0
784,Premium,41,3.104569933440393,2,4.0,53,0,0
785,Standard,30,48.84079287523997,5,4.0,43,1,0
786,Premium,38,66.63611775411479,6,4.0,42,1,0
787,Basic,40,61.71699822951412,1,1.0,52,0,0
788,Standard,34,38.69943583106822,7,4.0,21,0,1
789,Basic,30,67.39909307401403,0,3.0,42,0,0
790,Basic,35,85.17614631361052,6,0.0,54,1,1
791,Basic,5,4.1990608066573625,5,3.0,22,1,0
792,Standard,32,14.432825583251073,5,0.0,59,1,1
793,Premium,4,83.80593859781482,7,4.0,22,0,0
794,Basic,33,32.903364966407466,6,3.0,61,1,1
795,Premium,42,38.387445534418674,3,0.0,21,1,1
796,Premium,19,68.94575942596214,6,2.0,54,1,1
797,Premium,1,99.07445123413453,4,1.0,64,1,1
798,Basic,12,73.21508587516566,1,2.0,23,1,1
799,Basic,41,36.03090215348812,1,3.0,32,0,1
800,Standard,10,43.06490223043218,5,1.0,57,1,1
801,Basic,46,65.59847071880732,7,2.0,21,1,1
802,Standard,32,50.378215472243625,0,4.0,54,1,1
803,Premium,18,46.79154944057634,2,4.0,20,0,0
804,Standard,26,51.94778496251835,4,0.0,60,0,1
805,Standard,36,68.2446465780194,1,2.0,46,1,1
806,Standard,39,40.28730591178055,2,3.0,36,1,1
807,Premium,4,16.915244305747436,8,1.0,51,0,0
808,Premium,20,58.580266474663865,8,4.0,30,0,1
809,Premium,23,35.68793655802928,4,2.0,63,0,1
810,Basic,28,49.26043667422465,8,0.0,60,1,1
811,Basic,1,98.16649850769927,7,3.0,28,0,1
812,Standard,10,22.40202002567471,1,0.0,62,1,1
813,Premium,17,58.99814720005578,7,4.0,60,1,0
814,Premium,41,81.74960289603985,0,4.0,45,1,1
815,Standard,39,38.45465971324361,5,1.0,28,1,1
816,Standard,22,64.80103746505303,2,0.0,19,1,1
817,Premium,4,30.70264172542331,0,2.0,24,0,0
818,Premium,3,20.619397241830907,4,2.0,51,0,1
819,Premium,23,44.24150232954626,8,1.0,24,1,0
820,Standard,40,77.11165440405293,7,3.0,60,0,0
821,Standard,13,56.02436540640468,7,3.0,26,1,1
822,Basic,29,83.65924522575934,5,4.0,23,0,0
823,Standard,38,29.363745575170096,6,0.0,23,1,1
824,Basic,15,82.39292662296994,9,0.0,35,0,1
825,Standard,16,93.63990428293816,3,2.0,38,1,1
826,Basic,18,37.78184648912212,9,1.0,53,0,1
827,Premium,19,92.61661465438277,6,4.0,51,1,1
828,Standard,16,88.20830957475086,6,3.0,25,0,1
829,Premium,17,7.8607063864887365,0,1.0,32,1,0
830,Basic,44,69.65631790421519,3,1.0,37,0,1
831,Premium,46,81.04634653041943,9,4.0,22,1,0
832,Standard,32,37.9150300834876,5,4.0,38,0,1
833,Premium,39,34.67536952614451,9,0.0,34,0,1
834,Basic,18,87.30154547831323,3,0.0,47,1,1
835,Premium,40,43.97565544321627,4,0.0,51,0,0
836,Standard,7,67.81800865979906,7,0.0,21,1,1
837,Premium,8,47.66255219736705,6,4.0,61,0,1
838,Basic,23,,7,1.0,22,1,1
839,Basic,40,82.71842581058945,9,4.0,55,1,0
840,Basic,44,48.93490323915978,6,1.0,27,1,0
841,Basic,29,26.212896286415145,2,0.0,28,1,1
842,Basic,22,96.97157358906642,5,4.0,53,0,0
843,Standard,31,14.783494483435922,1,2.0,35,0,1
844,Basic,47,12.988463707484598,1,4.0,52,0,0
845,Premium,16,90.1419968226016,6,1.0,33,0,0
846,Premium,45,90.2796791393097,3,2.0,41,1,1
847,Basic,10,76.17919905796452,8,2.0,25,0,0
848,Standard,6,15.096045548069037,9,3.0,24,1,0
849,Basic,30,75.16263499383217,8,1.0,26,1,0
850,Premium,40,17.13859926408353,0,4.0,39,0,0
851,Standard,17,5.962338800935552,1,0.0,32,0,0
852,Premium,27,31.801029523302983,4,1.0,34,1,1
853,Premium,17,71.00137166512313,1,1.0,31,1,1
854,Premium,8,32.7211662799723,1,,46,1,1
855,Basic,2,71.65432105724905,4,0.0,62,1,1
856,Standard,11,93.6119034054426,6,4.0,29,1,0
857,Basic,10,58.32274836040501,1,2.0,21,1,1
858,Premium,17,3.632315938482189,8,3.0,39,1,1
859,Basic,40,4.205979490278244,1,3.0,44,1,0
860,Premium,17,16.01794954211061,7,4.0,53,1,0
861,Basic,18,67.08202163228823,4,0.0,23,1,1
862,Premium,30,30.89592991658483,1,4.0,47,1,1
863,Standard,46,37.137664798084735,2,3.0,39,0,0
864,Standard,33,35.28551707096064,1,2.0,24,1,1
865,Premium,22,36.557509840755266,7,1.0,28,0,1
866,Standard,36,61.80769102862681,0,3.0,40,1,0
867,Basic,42,58.376414092231556,0,0.0,61,1,1
868,Basic,35,86.8107553441376,3,3.0,23,0,1
869,Standard,13,98.7216272238475,4,3.0,44,1,0
870,Basic,7,84.03004097445084,8,0.0,24,1,1
871,Standard,31,77.29819755445733,9,3.0,19,1,0
872,Standard,9,37.083467573699046,1,3.0,38,0,0
873,Standard,39,91.48264676584424,7,2.0,51,1,0
874,Premium,23,36.47147765511394,8,2.0,52,1,0
875,Basic,47,6.366647348321974,7,1.0,58,1,1
876,Standard,41,50.81520838726282,1,3.0,49,0,1
877,Premium,35,26.379073486977745,1,0.0,53,1,1
878,Premium,5,48.46960033622722,0,4.0,50,1,1
879,Basic,34,68.09516296320399,1,3.0,43,1,1
880,Premium,16,86.24579776728844,3,2.0,27,0,1
881,Premium,14,25.096004465788337,4,2.0,24,0,0
882,Premium,29,92.0679795956408,1,2.0,23,1,1
883,Premium,39,99.22830180366466,1,1.0,36,0,1
884,Premium,36,20.129152636676938,4,1.0,52,0,0
885,Basic,40,34.705963063002685,3,1.0,29,0,0
886,Premium,12,71.5406306722758,0,1.0,22,1,1
887,Standard,46,37.01272318308053,4,2.0,49,0,1
888,Premium,26,22.094539237418566,4,2.0,47,0,1
889,Standard,44,40.35433689544651,2,2.0,61,1,1
890,Premium,21,70.45146006457989,9,2.0,31,0,0
891,Premium,11,1.698200881187284,1,,41,0,0
892,Premium,34,66.92347909861533,1,4.0,42,0,1
893,Standard,29,90.06676603513732,4,3.0,63,1,0
894,Standard,19,98.77608404198097,7,0.0,28,0,1
895,Standard,18,25.419997704971465,5,,46,1,1
896,Standard,38,74.52912598786125,2,0.0,21,0,1
897,Standard,29,16.72308231215097,6,0.0,52,1,1
898,Standard,31,23.287001542267426,1,3.0,32,1,0
899,Premium,29,66.001564590722,4,2.0,31,1,0
900,Basic,12,,8,4.0,22,1,1
901,Basic,3,9.415682842251671,6,0.0,26,1,1
902,Standard,14,38.45011070324529,6,0.0,58,0,1
903,Premium,39,86.65187225120582,6,4.0,35,0,0
904,Basic,37,75.34967737885775,3,,50,1,1
905,Basic,7,5.141041884495867,4,1.0,43,1,0
906,Basic,16,40.73896963209648,1,0.0,45,1,1
907,Premium,47,40.363553074572835,5,0.0,51,0,1
908,Basic,41,65.60147687882684,1,0.0,23,1,1
909,Standard,7,9.151113630765606,0,0.0,36,0,1
910,Standard,31,36.32546710198113,4,4.0,57,0,1
911,Premium,1,90.57642783324863,7,3.0,44,0,0
912,Premium,20,,7,3.0,22,1,1
913,Basic,11,12.459280451024568,2,4.0,46,0,0
914,Basic,38,59.740441573562904,7,2.0,45,1,1
915,Basic,42,36.494337274662755,9,0.0,61,1,1
916,Standard,35,1.518502294841828,9,0.0,38,0,0
917,Basic,42,24.57625641056602,2,3.0,36,1,1
918,Premium,12,56.127765158286245,4,0.0,20,0,0
919,Basic,43,83.00677390046471,7,3.0,23,0,1
920,Standard,36,64.76423745130053,8,2.0,49,1,0
921,Standard,34,0.5459388581086189,7,3.0,62,0,0
922,Standard,36,21.375644440325527,2,0.0,42,0,1
923,Basic,27,14.410096977720677,1,0.0,42,0,1
924,Basic,36,45.7723542823347,0,3.0,48,1,0
925,Premium,27,30.85499725089944,5,3.0,20,1,1
926,Standard,2,55.63495548778854,0,3.0,59,1,0
927,Premium,38,19.652103932880205,8,1.0,23,1,1
928,Premium,15,69.91119091581456,1,3.0,60,1,1
929,Standard,4,41.72280708676078,9,4.0,57,0,0
930,Premium,35,35.6743210686377,8,4.0,58,1,0
931,Standard,27,68.62749655723513,9,0.0,33,1,0
932,Premium,26,69.6657839664674,1,3.0,57,1,0
933,Premium,21,9.974850325079053,9,1.0,30,0,0
934,Premium,46,88.16122777167992,5,2.0,29,1,1
935,Basic,37,66.91857526663544,3,0.0,40,0,1
936,Basic,7,33.62764348445694,2,2.0,35,1,1
937,Standard,27,49.475390823388324,9,1.0,53,0,0
938,Basic,31,,7,4.0,61,1,0
939,Basic,30,15.635496088930767,8,0.0,53,1,1
940,Standard,21,89.83264604846626,0,2.0,28,0,1
941,Standard,33,57.19521189433584,7,4.0,42,0,0
942,Standard,22,66.573821518622,1,,37,1,1
943,Premium,14,82.81870584017202,1,2.0,58,1,1
944,Standard,40,80.1052852188186,6,2.0,31,0,0
945,Standard,4,11.307091559311012,6,0.0,46,1,0
946,Basic,4,77.4594394681804,2,1.0,27,0,1
947,Basic,38,33.88986675974064,0,3.0,62,0,1
948,Premium,29,45.15206322847223,2,1.0,26,1,1
949,Premium,15,2.1675698842807845,7,0.0,53,1,0
950,Basic,24,47.736186725568075,2,0.0,30,1,1
951,Basic,23,29.81644396720553,7,1.0,27,1,1
952,Basic,34,48.09132769486742,5,1.0,61,0,0
953,Premium,11,87.44796462137334,7,1.0,43,1,1
954,Premium,20,75.17192112144801,1,4.0,60,1,0
955,Premium,12,42.30031524635842,7,0.0,48,1,1
956,Standard,29,29.480806385814475,2,1.0,63,0,1
957,Basic,40,25.92408411360897,3,2.0,26,1,1
958,Standard,9,62.55086100265046,9,4.0,18,1,0
959,Basic,30,35.74977655616826,5,4.0,27,0,0
960,Standard,14,48.2543892189748,1,3.0,18,1,0
961,Basic,38,28.59102257702083,7,2.0,55,1,0
962,Standard,3,53.42171732089444,0,0.0,57,1,1
963,Premium,6,2.646815069378039,9,4.0,24,1,0
964,Standard,36,39.454157508945286,1,4.0,18,0,0
965,Basic,46,81.77754696435568,3,1.0,36,0,1
966,Standard,9,20.4615478123617,4,0.0,33,1,1
967,Basic,4,42.13943700730073,9,2.0,31,1,0
968,Basic,18,45.86162952093391,4,2.0,49,0,0
969,Basic,3,97.01895097352798,4,2.0,45,0,1
970,Standard,30,83.20619030302532,3,2.0,25,1,1
971,Basic,11,51.7171865942843,0,3.0,50,1,1
972,Basic,16,20.198381043528123,0,3.0,26,0,0
973,Standard,26,55.66968740857564,1,1.0,63,1,1
974,Premium,21,59.62169900775908,9,2.0,20,1,0
975,Basic,23,47.0735380244645,5,1.0,57,1,1
976,Basic,3,29.35742493727459,9,3.0,47,1,0
977,Standard,28,80.93500279647155,7,2.0,26,1,1
978,Standard,42,33.912402251851304,5,2.0,40,0,0
979,Standard,37,39.9831998301703,5,3.0,28,0,0
980,Premium,41,33.51913675774018,8,4.0,52,1,0
981,Premium,19,90.73952336046281,0,3.0,39,1,1
982,Standard,47,63.12675477917037,4,1.0,30,0,1
983,Premium,26,6.338037096528815,4,0.0,28,1,1
984,Standard,2,23.48259026201307,3,2.0,40,0,1
985,Premium,4,70.36710699105902,0,4.0,31,1,0
986,Premium,46,49.05107595758682,3,0.0,42,0,1
987,Premium,5,52.55879190794923,7,1.0,30,0,1
988,Premium,18,18.13557471755509,9,0.0,37,1,1
989,Basic,25,84.22986690122178,1,3.0,21,0,1
990,Premium,44,,6,2.0,20,0,0
991,Standard,2,50.40554065633499,6,1.0,26,1,1
992,Basic,12,35.04377474184931,9,4.0,30,0,0
993,Premium,3,58.97729638742365,0,1.0,42,0,1
994,Standard,23,11.620909634550781,7,2.0,21,1,1
995,Premium,10,46.183261384159124,2,4.0,54,0,0
996,Premium,27,9.434266546896575,4,4.0,23,1,0
997,Premium,43,92.55209608206442,4,4.0,45,0,1
998,Standard,44,,3,0.0,44,1,1
999,Basic,3,38.054607544271114,7,4.0,50,0,0
1000,Basic,45,58.308402130537395,4,3.0,42,1,1
