batch_id,temperature,pressure,humidity,processing_time,material_grade,operator_experience,machine_age,quality_score
1,178.96531745619058,2.8575121039655405,39.15480785318142,37.37243920543664,C,10,4,50.98989912152091
2,201.55220681116856,9.074678542707655,47.77379693166537,44.42488242249338,A,13,1,70.07757752587413
3,172.0227100915443,3.424671881180929,35.50447083705808,39.008415396603375,C,10,10,51.74551943060267
4,,7.558612955632033,33.74059691817343,74.77572406897791,A,12,14,54.35755058243106
5,197.5525252893496,7.904817127904112,57.115824214804405,98.26131719689111,B,11,10,57.10310768117066
6,164.25419133390182,8.238582387250942,53.73193792487815,56.93746521426665,C,9,8,53.22061819774305
7,167.46153241118574,8.056696556598432,37.32505709584902,76.26667379402491,B,17,11,56.630538204956956
8,227.75011512357543,7.493167129371282,50.37000082056974,109.11481533950806,C,13,2,43.30290920470428
9,158.87058503077617,6.243616457069063,39.461147247998234,112.76969285917407,B,17,7,53.938488171088295
10,197.886497786759,5.601326982852959,33.40791695687825,61.62594696266751,A,13,3,66.90206377376721
11,176.13208921930362,1.834499012820803,58.665427231915345,95.94424039653026,C,2,9,46.348116350693125
12,242.44174398593157,1.1764883955207486,51.04449683409078,36.44564583988143,B,19,6,64.4048045680101
13,,2.0598785391330328,54.14710438888815,81.57949210215233,B,8,14,64.53498895381267
14,166.80724763250308,7.200824324129059,36.027732389015924,83.24848973862174,A,6,4,46.19526874236625
15,195.09150540628903,1.2974328920952094,60.05507796581549,79.11844069727867,C,2,5,44.613365786858395
16,217.25673328575755,5.343483864670692,60.746380375028345,44.852221746981975,C,2,7,49.280249243262844
17,218.9831601440823,2.7655138640812673,49.97290432392645,89.96327189264441,B,2,10,50.73764457599889
18,214.58682807924032,2.524847914643712,64.67188612828627,50.82330290514946,A,18,9,63.92622574823757
19,181.99615121892646,3.6116870015219784,69.67806170765417,112.54636154665572,B,17,6,50.91183529770108
20,152.609085828116,6.394578394699171,47.5157709201497,37.97761284081638,C,8,12,45.2749274106663
21,215.77207395157293,4.375305423286369,57.79073956308294,90.83443650850474,A,19,1,62.4151256751167
22,240.0646349573849,4.1656783455034425,30.84803392815636,65.05957843382578,C,18,1,53.69494972347539
23,181.76505235510456,2.9948211943020553,32.75339014232605,59.73993325164454,A,7,10,48.17384483490345
24,165.16443444552425,5.260851778008638,50.08539670772653,57.35890754855947,C,14,10,55.273144907291204
25,180.11421892207107,8.059272593259582,36.89227639178409,63.447730042285016,A,3,3,57.79746903234434
26,205.5391679064524,4.434902865485712,30.927436758486103,50.938234471699936,A,17,13,56.77799187001517
27,,2.2579455240958666,32.51538951956719,105.85485010634822,C,15,11,60.08148548602226
28,218.06033293126976,6.15241658983311,34.18552572273975,86.48338257878689,A,14,14,58.166114358483505
29,206.47747775042174,8.327702629631007,67.16400987953998,96.48324693601604,B,5,14,51.97231308849855
30,237.74590286829863,6.212120697686243,57.02151394679561,50.898506284341785,C,5,2,50.11838965150035
31,226.83775497559645,1.3897566178584766,61.55259850105891,48.893504241120255,B,17,3,58.53984395066493
32,170.01042312862972,5.671832156255033,36.803200034313484,68.50381873659575,B,2,11,51.83728476693959
33,223.43711638651854,2.915578264072289,43.0235111382632,93.7479461895926,A,6,12,56.45373565863042
34,176.05243131737734,5.411993289002322,34.517064125974585,117.47258374143925,C,18,1,55.266983885307766
35,248.6469567830304,3.932843058636279,64.72752549813949,63.11849322521229,C,14,14,46.95637592613801
36,178.2634488757316,2.9234654783100398,47.83565546690533,107.57903820307716,C,11,11,50.27981506171863
37,157.00877148079812,3.720126015409151,65.41379476551376,113.82805663998784,A,14,7,65.91553119001966
38,213.51494881834495,1.9981178176758938,55.826755198617796,30.627103094505514,A,2,2,56.809910531694605
39,212.5709065559164,7.262929355478203,66.61094925503512,94.30043071193101,A,6,1,65.55590686542638
40,225.97516359957785,3.044173375702407,58.13167523467331,68.50558884763214,A,18,4,68.47299303430663
41,230.8304105024933,2.055564575085547,51.83420212416308,83.1461480278499,B,15,8,50.44526904910819
42,247.3371226068616,8.117375763305903,30.394513621891562,77.56726926063484,B,9,3,45.44395420079467
43,226.33347415882133,1.19390699472059,42.68287966481071,107.94797446657981,A,8,12,58.66316308250633
44,235.37150460578414,5.583631686703616,54.94216734880514,46.76035300249904,C,12,10,48.69121963589599
45,243.6646567100684,4.6412817007506,69.82766683620659,91.99252170325413,B,7,11,50.546890540555964
46,175.7684421281918,3.198668954816984,50.62474693966041,52.615187223582026,C,15,9,50.56934303627509
47,168.60805721418936,4.573388981942756,56.45458971976194,105.13734073924884,B,18,8,54.351967828095255
48,204.97214889393115,3.035586908077956,67.36476855868962,108.59539391111542,A,18,12,67.42264004666916
49,186.24529338931907,2.113681325054371,34.64648279077968,49.28948523781449,B,10,2,60.97893340291846
50,,4.861249178597398,51.34917373781183,61.98412007395194,A,8,13,60.69504404705389
51,231.6400834578489,9.009849025058609,61.47751120242658,77.90560312460974,A,17,13,60.172485299946175
52,172.43720691347903,6.316516443765093,45.27088485188913,35.9835635758904,A,15,11,65.3265369216377
53,195.07987888640673,6.033256137907479,53.53928747630658,75.50473448389559,B,15,13,58.6718604574849
54,227.27676226150714,7.041158961564317,58.24755885547236,83.91036036323416,B,16,8,52.96739680696588
55,208.17766552036267,5.049220231421316,60.596644517418504,111.92140402785637,B,12,4,65.30829897320805
56,247.95467800930467,8.655879075954935,40.571603343307444,62.93469358585465,C,18,3,58.69128024767771
57,233.73333013254128,3.9215679198138966,38.16130076103613,51.61982035976894,B,19,7,64.31102013250499
58,233.5903617098037,3.9528948914934507,66.83289587322463,77.83634276177213,B,11,10,58.09954381104734
59,229.7003976066439,3.1264505273064422,30.925396848299176,103.52705399716407,A,18,3,66.12075623088977
60,224.8789557780819,1.7811481594871075,62.17795345525024,81.17912501178245,A,10,1,61.11446066891089
61,208.24785610357264,3.923530287805608,38.86035302562733,107.81700115918987,A,16,2,68.19174656307507
62,227.39126981725826,8.48122630207142,60.539670567272594,46.178065165368636,C,11,4,50.35353847597064
63,210.62523926155802,8.046747698272203,51.45450484711559,108.3885304587118,B,3,2,47.01505930983135
64,193.07522050802882,9.202853390108897,49.99582541351705,80.43893473007142,B,8,6,62.142606651944625
65,202.70287310352376,6.2794030816705515,43.78903082241135,55.460737492725116,C,9,4,56.93302652089099
66,204.38353466534315,2.896555312629384,66.9537498216909,38.15731206288663,A,19,12,58.24752113454098
67,248.50608859394674,3.5007106012691045,37.23316588326589,36.90227118554482,A,12,4,60.88122112229814
68,198.5689317268937,2.995242990421588,32.14131998555967,90.72072237359505,A,19,12,63.954771340114426
69,226.8614947810027,1.503584006940645,52.11677971032824,115.44836008891583,B,15,5,63.35037655062838
70,209.47947911207342,5.472042157087589,34.16641508452568,95.24684287815467,A,15,6,64.21546220441815
71,197.18892910876872,7.449981896534116,53.08340366925014,96.46541974765115,C,19,10,56.52051013492334
72,238.4099820013613,7.568046530313542,50.85683022493142,47.956320146928924,B,4,10,47.44453524448994
73,216.01297280790862,7.935219073506126,56.79692289018257,58.21228738916791,A,14,1,65.59206055684669
74,234.35018463541934,1.9813909061502541,64.69062130038486,101.96760234597926,A,6,11,56.08258699275193
75,241.4160721472336,4.640306153597413,44.28038081370041,75.07387892982806,A,11,6,61.92499614422608
76,219.91446188263683,6.98496687969575,53.64836884961306,32.20866608820523,C,5,10,42.992032279319055
77,169.9923979880927,2.3728708247797377,50.14242589694905,53.64829769845941,C,16,12,43.19061546974177
78,235.57770020277223,5.563366209428209,37.113831437655534,109.23867191551437,A,19,6,63.550929837882535
79,159.49551365338365,4.057085538868664,45.52839359406956,103.61050910205815,C,6,1,49.66847788669688
80,162.20408070882968,5.672584723425007,50.52769069721302,46.74018503950674,A,19,10,62.65704125367234
81,193.2222182574273,9.374759354154408,33.287028575630686,52.16081757890588,A,14,4,60.57567261766146
82,155.11413437510058,6.410770318652176,38.39758570413126,114.9273444596121,A,9,9,48.63540688434668
83,154.83726226471046,6.823838870735409,48.065944056256605,66.26692940751079,A,7,5,59.133526482237144
84,249.21017451268654,1.3330309898383699,55.14636523527727,42.63131148942396,B,1,11,59.343274470265186
85,220.37102692849265,5.980499283814102,54.88822087690586,75.05365640709573,C,18,13,57.50157830045819
86,227.88329700031375,2.2446003045274305,39.40246197840353,72.43696336605055,B,15,4,61.255824918694564
87,236.66083507107732,7.540575642754445,68.24452189607717,117.5510511770376,A,13,6,58.487241432589514
88,153.875248274001,7.019694133723532,40.755676920194965,88.08954853675954,C,4,2,55.618993406572244
89,192.59643583705963,2.427777233090323,48.61936973591902,70.91017191654387,A,1,5,57.80781305053234
90,235.29948035839675,4.062422742021978,51.52883598111738,63.30460723032157,A,14,10,66.80650913665744
91,225.450291436758,6.658117637030038,44.28706476671197,85.25581988791008,C,9,1,62.128013928077195
92,162.24664018835801,4.1031315439697815,51.858381158015256,77.94069234903574,B,4,11,46.98140371683201
93,243.85025636776825,2.9059986948808936,45.11687602418685,90.22779937949845,B,9,13,56.3950448456069
94,233.46888722221266,2.6761651011106986,50.441322270232064,79.43895472431922,C,7,14,41.07092908449474
95,189.94249974819087,5.323721989317381,53.6443233191157,111.79983264599511,B,3,13,54.81857460124585
96,243.51800110889255,4.26584268047196,34.612742640226564,30.359476912233948,B,14,10,49.16435080908947
97,230.79503383920178,3.9623572386153416,58.394087949572416,80.39765477478335,C,1,2,54.053770613434125
98,164.21324763179146,9.769447945609318,59.754930649732685,101.35884680253436,B,8,12,51.793694677178955
99,187.80628516338334,5.648409928805484,33.29778975454487,38.05863336896034,B,17,3,56.88040252629708
100,188.65278630711273,5.7178860222081225,31.87394013207156,38.41306861672966,C,7,13,46.53979628846752
101,243.61416700140816,8.331751620094774,59.99508129355529,38.52408129703053,B,15,6,57.50170639522313
102,196.60274615920778,5.602464593446229,68.07329187315509,114.7537579063197,C,5,6,44.58786402821134
103,200.91980357867698,1.3420531348161813,45.48474969885043,106.11950238726347,C,16,1,57.0565011244434
104,166.28120594371754,8.004747124466329,65.78400056288169,39.82555192516037,A,9,4,59.92203711824163
105,176.53955117607507,7.5582296638983415,64.17842519211126,88.59120072160589,B,6,9,57.365068616415655
106,178.03893398540686,4.60558833618933,38.09800352900401,82.39797880276478,A,8,9,70.84605492459646
107,234.09629961909297,1.5628070239088774,53.81493566026592,42.06306512304169,A,6,14,50.84125402080837
108,189.99658956393623,2.3333122290658825,30.667476043206,77.47342385512711,B,18,9,63.072956073428514
109,186.87320198113244,9.27009942497185,65.26304312998266,33.57827365128997,C,15,7,53.762551961538534
110,205.823582271343,6.68675543494222,50.83937551543876,30.52891542403478,A,12,14,64.92036238208716
111,175.62229642895213,8.212511151751187,68.35275017768697,56.019249962286665,C,12,13,52.03078103184434
112,154.39782394921917,2.6807538050816446,43.88560918861779,112.73174428942629,B,5,1,63.76729520661716
113,204.6936703187227,5.605925398772746,30.928256093472495,80.45259674334343,C,5,10,48.38928207005645
114,187.69391921154826,5.812314343842095,41.46792800585631,32.8306277282946,C,7,4,58.73800480306948
115,196.55164632676488,4.246662031035678,43.39264262658688,33.13598097066996,C,10,3,60.58982287392204
116,216.18825192261386,5.181418063968363,49.69815095517463,40.7747670319206,A,8,9,54.66915322696185
117,237.1017698511966,6.042006263563007,36.19126782570768,54.44897628551844,B,18,13,59.64801659077731
118,182.52642651480323,1.5664940469560453,57.07463325758827,43.75518056954823,B,9,13,46.01897574210146
119,237.9489050491813,6.4063527649753285,33.01690904480435,50.21797969845968,C,9,1,50.83687974619284
120,213.43349332724512,1.4711786133787534,39.29082426461143,44.21562693229617,C,3,3,50.839111198928975
121,243.91678237826116,8.881249677872354,30.215428175703238,99.89412490189923,B,9,7,50.0025376934619
122,205.6994396017711,4.902889131998241,51.58788723575522,66.40986089385311,B,2,13,47.963471206273724
123,225.48100820554853,5.380100890084414,38.59800258538036,90.59436266361205,B,6,1,55.420363515698824
124,153.8347555159862,3.5447785978110957,53.99799786605911,57.61496455893963,B,8,9,47.1479341344715
125,155.79528722029258,9.756143096845985,52.56669262617979,70.53349361937265,C,12,10,52.02851612249264
126,158.63668877064484,3.9098931226837292,61.41249875752007,84.84757258018286,B,9,8,46.22030238359842
127,236.71230571183824,4.657624795912373,57.90318487864566,36.12085467141251,C,10,13,48.09711032735659
128,166.9274523354026,5.63597037454997,31.935419502980974,52.71382524141394,A,19,9,60.21656102969149
129,169.48298509663903,7.338761689386875,50.722149238770605,116.6887182242489,C,10,11,50.10790873998373
130,156.2492280513049,3.9163738537255757,64.44950854319386,107.03239653594115,C,16,10,54.32415187369356
131,236.45027499337317,9.70844852572408,32.65377027270824,113.5564939354642,A,14,8,61.57459133966535
132,158.6459259818415,4.88012769810735,68.06868245903802,33.5913026897882,A,12,10,63.255951937667184
133,217.87649075995455,3.3083128391198935,69.6774243467426,80.77158982496715,B,6,6,58.56309996924762
134,185.75151005791423,3.921904369906339,46.92312830368084,54.97606079150795,C,12,3,53.689789919427376
135,178.99036836758586,8.215438651646327,42.607895468115274,106.04406770064168,C,3,7,47.142895837935086
136,232.06699701094487,5.463701478300204,63.8055629491263,83.74120543383002,A,13,8,59.54347495665527
137,185.91723786909316,4.929100394531121,64.70853313161518,47.061250729497786,B,6,6,51.9706048652886
138,152.75009724043034,1.2467346447757377,62.94798738015641,36.20616196108938,A,2,2,56.013378489519106
139,170.3462122209513,8.73595505708166,62.423667827063475,93.18183604446057,A,5,3,58.31413428813237
140,192.44342296945592,6.837700216274137,57.22970364085718,113.67261172044817,B,17,6,67.08166267500374
141,160.80594788198607,9.47095576415419,31.36451563806527,58.840360353614976,B,14,6,57.977572639699346
142,160.5417579588339,1.7257051485657726,53.09121293207628,68.98743966533696,B,17,13,54.03969345672336
143,170.90057266170535,8.005848094998623,41.15948005050624,95.96446694338637,C,14,10,61.361336413217174
144,204.03719065572545,7.403475939380815,53.8247090114312,83.19241231685956,C,13,4,50.661681506591236
145,220.84627960421977,5.773698903394179,42.07059485080415,85.67503806318815,C,19,13,51.207393454923064
146,216.16909814143202,2.6252859710437155,41.56843203352343,53.773573217677594,A,16,10,73.04063661509497
147,150.41195663779237,1.4746594524163057,40.35755556785857,39.525885823301,B,12,5,55.13361442348646
148,194.79555930437613,4.499666456944336,45.03433722381546,72.48987104693833,C,7,5,47.200176476810974
149,193.73606776488364,8.057759028190725,44.79548955312691,79.81697997381147,B,1,3,50.8789507321568
150,172.41600860835194,4.259930577257455,64.54465506601574,99.3175963275354,C,14,4,50.269381328188295
151,209.55807397472526,8.30127389730627,46.208476717431495,37.11626870530784,A,4,7,57.363055911173134
152,175.77272677040654,9.32860150684386,44.56853213029649,46.979933150087746,C,3,9,44.96228163626585
153,248.92252596933946,4.401619396054483,40.16672505038148,50.40038489814644,A,2,9,54.84193118995841
154,219.46187231799553,4.931352213206048,51.88911449975696,79.08292401524068,C,2,3,54.126092723466634
155,241.6907873997724,3.196212312238142,44.37726257209709,67.13493124067205,B,5,3,42.78922137859085
156,155.8917861605512,4.253127273825809,69.1304901365587,93.5245733723639,B,12,11,58.64392674634449
157,188.08206903799953,4.790706445685899,48.839688114956175,107.45542885418769,A,3,6,60.94399621746873
158,158.2848833347213,9.237595309210025,30.143691566759983,85.96285257506568,A,13,14,57.80987759181869
159,213.25659909939836,3.0793570232953704,44.0382787210616,108.41204846187325,B,14,12,53.123928625501726
160,164.84534221681255,7.992042677385282,37.579559661330684,89.22961210638846,A,4,12,59.44753032399117
161,178.54865864086653,4.297067047344456,44.06501242353286,82.95294030714757,C,12,1,57.49432637112094
162,200.65299172916548,1.0087080942108138,40.1820654226348,78.52272463796777,B,18,13,62.42414875898664
163,244.79995162498022,7.480836551055187,38.854974392924554,75.15539487049074,A,4,5,54.14270335251504
164,244.06507376914362,4.132306876434347,37.98481748333921,45.30821365547625,B,6,4,46.65468656095483
165,198.5602970480701,4.006835026774375,66.63223674163206,74.35170298851484,C,18,12,49.66921462496534
166,188.9276099391217,9.697143646971918,31.321846301798097,99.94242508927968,A,4,13,49.73587507799168
167,183.79189348291283,2.240466320596535,61.38092159292852,79.21122202187635,A,12,10,62.896639956370564
168,245.94798652140082,4.439295086186933,34.827750695929005,68.4911665060294,C,18,13,46.36989536961772
169,,9.199780898845331,31.89209474356341,114.59276775155722,C,4,1,53.62007142001191
170,205.68818255017942,8.77575074856833,43.790360909309456,31.833869100275784,A,15,8,56.986708746414834
171,159.24731944520104,7.849604359902255,55.96780209333173,41.40463719304442,B,7,11,53.47653234209088
172,164.87511186782564,2.034327100168052,69.57748607190425,110.60039590872677,B,4,3,55.28340222195795
173,235.62111435670818,6.069838973552061,40.48380410370683,40.72078101738193,C,10,11,47.16345839476846
174,246.24605531568778,7.7387522402329125,40.37568349301828,80.09122235125034,C,14,9,59.53098207227483
175,230.96047976094582,5.770947906473979,35.972510911339214,112.75145658015481,B,11,1,55.23272969665946
176,192.98644342053353,3.1230823309916946,62.733192279389236,91.66207764840271,A,15,9,67.6494313794021
177,174.1518114069601,7.936910899010141,61.8283305051822,69.67853240574699,B,2,5,46.930676425993326
178,163.52233963264308,6.18038558928246,48.6481017589512,37.30549882758856,B,17,6,52.849262140189325
179,165.01015908805726,3.6277100466419037,43.72723367204978,48.37734456827578,A,19,12,62.25088430970076
180,186.67756477970818,8.909291895963761,38.84471227780294,93.48501812316782,A,11,4,55.00121105875935
181,224.42376155302748,1.4179429959049403,48.3600988170567,92.29124004330818,A,7,14,57.988126571242894
182,221.90136955108323,6.23710236594658,62.365249446986454,82.67156158963769,A,16,2,61.0597607828875
183,194.3971474707587,6.132394824403347,57.796689851047624,77.01239025079505,B,19,10,66.80370001598216
184,187.56274999252344,5.5301398481371775,49.78059800412852,56.08927044772376,B,2,8,51.86808845487259
185,,9.83996114783583,51.450937076339045,87.79628281793251,A,3,1,59.65685120510571
186,230.18501197554838,4.07160800794682,52.83099122384264,115.252592183142,B,17,8,60.33504220179051
187,163.98590742473198,4.386015281887595,60.4846510480612,88.9545366814491,B,4,3,48.42122493759008
188,163.54954874807902,5.791360690573316,34.63473512769133,109.3715534722504,B,10,4,52.189634961878134
189,160.47774072505297,8.567337976833983,50.764310210201586,94.43292878976456,C,18,14,45.57524106046134
190,241.45560596213295,5.405103750444452,38.75779652455166,97.67755157657061,B,16,10,47.974297240658835
191,156.40208098823123,7.621357677575885,66.26982946487138,41.70084284510045,A,9,4,53.97282123718257
192,218.27984272783402,8.80593932020941,66.68823074571242,38.74512274203332,C,12,13,42.27876017661521
193,198.0452092960732,4.300988372016519,37.79643345236977,58.546810250718295,C,14,12,46.71451919143753
194,162.52779375092538,9.438018668800455,64.88716739525208,63.853241710002855,B,6,12,51.49403193413312
195,193.95953508377227,6.813078669115596,59.38712237322941,87.39318812918208,B,15,3,60.25922396196873
196,178.8270490389755,9.876120476376206,50.21558703049518,65.78341744218585,A,15,13,54.317604591440734
197,195.40100598326615,1.0681538377763746,59.47478403247863,58.638167081053126,A,1,10,63.31808046448978
198,239.60757174778774,5.247143699234181,33.00353311185188,119.47282059477676,C,3,3,43.32933480310315
199,169.5348316009212,1.1990168255909732,67.36497240742139,83.3364508524077,B,11,13,52.58164775821512
200,179.30697378404358,4.5011722509447445,54.1648056718638,35.73153676708791,A,7,5,66.76642891950551
201,232.2465203969871,8.00021096511199,30.747120070889395,31.815637280417917,C,3,7,43.32305473647334
202,211.26933334218862,6.069487868070613,45.31698889959292,96.13320204815511,A,18,3,61.100456672942336
203,167.41402993827774,5.859026140361353,46.446056327245245,71.6379840140587,A,19,3,54.30599799696472
204,242.87799094086154,2.98930422483543,65.02635404860047,110.52802184396283,B,1,6,47.5067855389691
205,198.8043998997188,8.278336475225132,59.08005109384288,96.9862531453727,A,17,8,64.25160984071546
206,244.57405662128681,8.200066942369268,33.40235449539309,101.40578239385702,B,8,8,57.26093290195856
207,151.8228253171233,2.5685398893389486,30.937573262067172,49.35175769482043,B,11,1,61.20672588206236
208,191.7405937492877,1.3713320817776509,31.45640417078292,61.19549834602239,C,6,12,55.09822651462131
209,193.17584820771174,9.483883707688125,31.314055235503847,91.24489241156901,A,2,6,61.474501400541364
210,181.39034099445365,7.626676976635047,43.04842438332225,105.8890134100623,A,3,14,50.13859758311031
211,176.21557828552002,3.6573490406956397,40.21223742621599,102.90863681952915,C,15,3,53.7683937519265
212,170.9705888164549,2.4708169343232878,62.02671724641284,60.34173386744092,C,6,9,39.22910271641239
213,210.00960431103937,6.2000083755169495,57.46574523024051,83.25456547062127,B,6,1,58.22563662160188
214,244.1182856801563,8.949121831626039,36.30041262066574,30.30762629853117,B,19,8,62.715476892722535
215,223.8471754472763,2.6961228779813977,53.10683767732728,113.96504284059858,C,10,12,55.50758174120436
216,177.28494371859426,1.929344699240295,67.6504545979069,55.052453954581324,C,19,10,57.14770526604247
217,206.7885223972698,1.371742771447206,53.70267136341057,41.11063806166272,A,5,10,56.84250384079219
218,219.08493711208365,4.170542573957894,48.192978157785404,99.83767723169143,A,1,14,55.975771432160194
219,200.18801485627068,4.644434431431424,62.244982381034674,94.01436860395383,B,10,7,61.21665332036448
220,209.21395944152533,9.639362985126818,63.3833675647479,63.207311889487436,B,16,4,69.93834872909552
221,208.55377012160437,3.5831432006610635,45.231849276519696,65.84561003800833,A,9,8,53.829803299117756
222,219.86962297416292,7.653810148848404,37.1158672127323,93.18681540774551,C,7,9,42.762110024485516
223,193.5259186803754,8.335002171312853,62.95905806608475,32.14705972598408,A,12,14,54.71711139655043
224,222.5137025953713,4.836511400432534,61.03677146268074,115.72548681238871,A,8,2,51.2743390349944
225,238.06788696021107,2.7477240451427916,57.35899057898005,113.53847793405303,B,19,10,57.16012893575142
226,178.3537353375907,5.603124157121422,48.12121678081276,65.86069447125,C,17,14,48.61835032368438
227,180.5052150413016,5.846543291685294,36.82300753601065,97.13977276791249,C,19,8,57.3117870252634
228,187.52569877261118,7.657112014870865,61.078222494521114,80.98056843163262,B,19,13,59.67264784748985
229,170.20410300652526,2.87886284292905,38.44198391636469,93.27345608521014,B,1,5,46.655079390165696
230,246.57665027021403,7.753184007030399,40.19957247089979,111.69206160944246,C,10,2,39.22749584897726
231,199.06008585367834,3.6367017705678006,36.526440029568484,68.66215618895563,C,8,3,50.09051609676787
232,180.70871280162805,1.838307098328863,65.30117321802369,68.75785986807335,A,17,12,63.24453128073805
233,209.8790501682068,3.908133130569337,49.499325819156326,105.46687998237735,C,8,1,57.71930536192688
234,227.39450197771583,2.2226434115439044,34.83190623309955,32.099880019810115,A,10,2,64.16028320119347
235,,9.72778723578516,60.54942623611099,53.004325751857195,A,10,10,63.4531869370637
236,167.6330420880527,7.822228271247593,52.07279236692413,42.57571755161388,A,10,4,66.67430509817927
237,245.21593508269206,4.221697275910676,60.383168670908105,110.76532854992479,C,17,14,50.253917526164386
238,,4.808810723117141,56.558438978854,80.81367542495178,B,8,1,47.07353238074616
239,177.76816892316188,4.25001590300284,60.65023257841404,33.6326039673434,B,13,9,58.98327444837002
240,198.19430217081387,3.53655788112294,35.29266825045425,67.54156466477396,A,11,1,69.32527443516905
241,152.75421721582308,9.903994138465908,35.64321732376567,104.27311649880647,A,15,10,58.55939128340216
242,231.34725283204807,2.2844162182030208,50.08502332878472,38.40603975916045,C,18,14,49.91982939077904
243,153.81558908980244,2.5708775723610775,61.504759436579455,56.56606159084682,C,3,8,43.78928579652613
244,226.85274558251245,2.7046495958156025,56.59517255503566,110.48557541262608,B,17,9,58.32286817850173
245,177.73361561003418,8.025941074060324,61.71728280434978,35.83331531039256,B,7,2,59.90184606008641
246,243.5179704048366,6.027284522586019,44.510404886845876,119.65039815242973,A,4,9,53.79221743187707
247,174.95057721819364,2.0817170221227093,31.362703838083412,57.87736606837865,C,8,9,56.409622856872744
248,249.91071170190264,3.6160460064398015,34.5658110245054,33.36258282673803,B,13,12,58.79217507816583
249,163.7818792781221,5.525729115619104,41.63138601712227,44.23230673700834,B,19,10,66.85492195715203
250,239.8141797800655,8.600997503899979,66.80130228749822,87.66544700873595,B,5,5,56.040393881662524
251,166.2217143568446,2.6191054198150114,59.35975628711519,42.00259644143656,C,18,14,43.48946613348254
252,232.55993151161948,1.7039199469729973,54.089295004476845,98.55681328369374,B,16,13,54.8577945176787
253,179.3490375008414,9.21723659873696,66.04079745429182,65.53249781450307,B,6,5,58.14560516393876
254,194.48105266051823,5.214015103602792,30.153101954852293,110.80463652355111,A,19,1,71.25153053600856
255,202.25795910854032,9.95424654504015,50.796490995790506,37.11651207757091,A,15,10,64.38444893578102
256,240.09648088424615,2.005974993371086,58.09480726961741,65.67065681536717,A,17,9,57.81377245701067
257,166.87760759306516,3.6390186988191413,31.092492904141945,83.04376841114197,C,18,5,59.95402041213418
258,244.612398330671,2.5803575442349893,58.99762015639031,106.08025518361094,A,6,8,52.18974381297215
259,,8.583458278988386,56.35056108415388,78.17725497932905,C,9,14,53.64908600237153
260,215.38283223054103,1.9575583657864266,54.40164271398244,97.57399883834943,B,19,5,56.40274877231221
261,221.00891132677026,7.875723950042808,68.4202693920042,86.49137791060501,A,10,2,64.96241254879361
262,232.33543502803104,5.358979545561374,37.27314040924987,56.05437759227691,C,17,4,53.002965135650534
263,247.7703714057248,8.745428302109833,68.8813195151522,66.31305076900047,A,13,6,55.88029576640871
264,155.97627751204217,1.8992379522036733,66.74182192533634,105.93349387584048,A,4,13,56.23194232381253
265,228.03896551817206,2.309356578562831,62.03809898399285,39.74992557210733,B,7,6,51.54832600797467
266,188.0451446482433,8.689764529193312,66.77522129413666,117.14689725199905,A,5,12,54.4084555725112
267,220.26575325883914,5.612689799467306,68.56894727084992,86.74736476812126,A,8,12,59.231175352723604
268,177.65656353464732,3.790840412485307,52.10766369819859,67.91289825039485,B,17,12,51.895038003106805
269,244.40057745601536,3.7207181037584443,46.80917968764857,108.03949145048117,A,9,13,46.33838861550503
270,225.00817843593111,4.596930974480018,42.38010561177588,81.46660473959855,A,9,9,65.80122003102674
271,191.16564799164462,5.480022879862343,39.01141834269871,92.73538828961131,A,12,7,61.11098519110986
272,246.51671763012035,1.483300282187632,50.19356838691007,39.06479556526318,C,19,14,48.84784563099204
273,228.54822896501122,1.4284819356438616,61.22612261600527,104.58905307844574,B,13,14,51.29989144677188
274,221.54538964746706,5.697571993634284,45.06388453339107,112.3010394117589,C,16,4,51.58373532819341
275,232.71421925039806,3.655519299150648,62.92071168496143,37.93611790323329,C,19,14,53.538376882335726
276,214.9965091262177,6.092160813651729,49.90664163815891,50.287949869412984,C,18,6,57.255606810639286
277,197.46879681960277,8.517357395211883,39.7572082815994,66.7178126092918,B,4,3,56.417834847375936
278,178.56831801819177,3.579824164646327,54.574541444518445,75.90863410301088,C,1,5,48.481577768166
279,160.5313271488287,6.744764270446776,67.36463093903191,111.50585221342283,C,1,9,46.06712384931392
280,190.74216887873513,5.850824368616596,36.63183522922853,119.89074468156103,C,2,10,46.61218162348411
281,197.09554095120504,3.3334714059273858,50.32586863248989,97.14938694613258,B,7,4,56.78803100162335
282,244.35775598719795,6.694635823165644,32.81155520360892,96.73951338526075,C,16,9,51.300057564460104
283,212.00742302801234,9.55318952559323,60.70542266235776,100.37790104476754,A,18,13,61.24171522073139
284,155.00078385880616,8.205218551749782,65.05467300107613,44.862084377075576,B,9,6,46.58820279136366
285,152.34396074276577,1.5367333347201662,37.36737519654592,67.36305340413175,B,13,14,53.23775944767857
286,234.18566663295394,2.950783454795173,35.62542016288594,98.97300775345228,A,7,3,50.80442325941863
287,209.23349712244408,4.107076944829153,31.321972512845065,111.26617922684308,B,9,10,56.29037033519233
288,206.3202365216007,8.51995468215662,59.2416065505932,113.52359171993753,A,10,3,66.50661169616527
289,185.68201791942164,6.582243736182668,31.68280635748907,30.147204787272404,A,9,8,63.079873764676876
290,221.80547939816785,6.803200595980202,68.84821157361952,113.0784410080485,C,18,1,58.01399578957129
291,233.30936941173843,5.987245844453227,39.741901818485914,115.27382538019201,A,11,5,60.08575377564577
292,239.6741908467987,2.9317185054360664,53.822161498252775,30.18221730122239,C,4,13,47.49702002225765
293,194.39850089349358,2.136135468688771,56.419539589429135,31.076693472392137,C,17,3,56.19484815856036
294,158.32785792460916,2.7922989063323858,36.2841343769535,54.33820347351449,C,7,6,41.606711555613714
295,236.79463095721462,5.6425562521609445,36.23098581039753,35.22135218778126,B,11,9,55.35929106940038
296,218.29918755522476,7.546552581642649,30.618486326458807,85.84519089767369,A,18,5,56.30969015482421
297,221.63809273785148,9.708003299537676,60.094335203485926,70.1146755807124,A,19,13,59.302379306532664
298,244.36729424260596,9.926489278307809,35.16664646630346,51.11309114207586,B,19,9,60.33407799316548
299,172.9602297863052,1.5838414230752265,42.095405782290655,101.18292567217674,C,15,14,53.5481369381596
300,231.00874756876766,9.883197109181358,50.55857484315139,45.46675265989719,B,1,1,49.21250052969896
301,193.24234544201582,4.253760717827537,60.521078873309655,98.95853486861964,A,3,13,50.508463218515004
302,243.8250308555427,9.959646868629733,40.88021775623358,117.57135863268869,A,17,8,64.96782793662919
303,182.74269726011443,7.339455517413548,60.01329003475231,82.33419595060832,A,17,12,63.19948443552419
304,207.66110056477936,8.173815028449233,44.91599142816092,104.27982318311274,C,10,2,47.562103588525055
305,216.4689164108088,8.69076356277862,56.53745383905324,38.94956986549182,C,7,3,56.694663718571476
306,154.04662765581193,2.4787269028580274,46.445699800968384,57.40652130735638,A,4,14,54.60625222093748
307,214.39010682557546,4.888244604668969,65.35640663735262,92.12838528402824,C,5,13,47.589588879716985
308,219.34658915420835,3.374021512495578,43.08804297289512,93.029724366964,A,10,4,60.78701985582597
309,232.8534354567941,1.981940937318347,58.71379979237091,40.48882586303606,B,10,4,55.7895074365722
310,182.7144749568153,2.744951343096084,53.91556465033962,112.51504683046976,C,6,9,47.21871002634743
311,221.954920642403,1.6241614260334176,62.602950114385976,115.45629698554303,A,13,7,67.26243756088041
312,232.12212402780375,4.470027044161904,65.67665196447899,32.854703566832356,A,3,10,58.80568321387823
313,232.0267744328076,2.9596021118921523,66.75308089063986,102.96842937669994,A,9,5,64.07648710537482
314,173.980456594914,5.120164650925903,55.43859771488152,42.39640479600642,B,9,3,62.944924260647355
315,245.47733929475993,4.859264382442335,42.43381358040861,40.99405633995598,B,17,11,63.980378001474236
316,222.78211331059953,6.449869537228221,32.74652130304246,93.02567661625135,B,3,12,56.65183849466385
317,219.27255376308514,9.630411049894557,38.780914644177976,37.27609417321087,A,3,12,54.473589611988714
318,231.1760341117705,9.586444118970986,36.62530091634998,70.34530243545493,B,5,12,58.748567472645156
319,228.48907043461043,8.9167220859084,38.01382873057703,64.59006643339491,A,8,13,55.12058343109634
320,171.15271201575842,3.470197517742414,67.41403517685195,91.11508066554138,C,17,3,52.236064381860366
321,210.53672711526818,8.972880861032369,49.835427187394345,101.66662376657833,B,6,4,57.49707800278654
322,231.6427809671295,1.5600261364518704,47.27536160772035,48.97228811163031,B,10,3,55.83329643763455
323,217.09381689035592,6.86569805908358,39.081341389814796,46.61035847740379,C,6,11,52.10425482273679
324,207.97312681683115,6.838720776349561,49.96610943797632,111.58629579556522,B,7,11,63.52558143151168
325,177.45760814717633,1.9897442899143538,69.50981295810891,30.53197704310994,A,19,10,69.51849346615022
326,227.82593497058633,6.198007063149519,38.38376267717432,80.53338898428409,A,3,5,63.04864188393698
327,155.38500487382188,2.198405424771614,41.422472241267414,83.36302251095191,A,19,7,56.58112534623275
328,218.7805937533485,9.635116296315996,60.55400046531358,103.69430186009164,A,13,5,61.85350651387891
329,227.05494401489534,5.23187550263797,67.1501081711892,49.56567918320209,C,5,13,43.82218346073911
330,242.68665487161243,8.281951100845479,51.01996430276246,115.44504523321277,B,11,13,52.035573186971945
331,223.86860893300997,5.4363965333076365,60.92213265240592,36.21195490606692,A,15,5,70.19759927768712
332,202.4262530342181,2.695578742352304,30.64457131662607,57.34959715718303,C,14,1,54.18620128125758
333,169.66060715811483,2.049949436031058,55.62889846425069,52.10364483636518,A,17,10,64.13741926049228
334,189.84113220032583,4.098713259047967,31.7073312862519,49.510598829001395,A,3,14,65.28125300651806
335,159.47098455984775,9.451124790135548,69.59779105563888,45.04349137799043,B,4,10,53.42015603736573
336,194.13806523783592,1.35546019104034,52.071817528215874,46.73675213507052,C,17,12,56.153441200637666
337,164.79929420928684,4.036537341231044,36.44508245969246,99.73631395912095,A,16,7,61.24044636835968
338,165.26486195536165,5.628598638054347,64.48833233382776,116.86946941065659,A,10,1,63.22652079466621
339,169.6023771683238,5.616025767745387,58.6600912620264,99.5336338981128,A,4,6,57.33257311556058
340,220.00656349867663,2.9745059162178125,43.46112858154835,52.5205732748288,C,5,1,48.08238822797796
341,179.5682529743972,4.601829699737831,31.757632679077968,52.50935296901444,A,9,10,53.36873429665229
342,218.01061861757967,1.5401309932471827,55.90063431515868,95.91454851191308,A,16,5,56.87101826425334
343,229.21843488857996,8.034886907821033,55.433808863284646,59.70969671196026,A,5,12,57.76421920770208
344,245.4901237967818,9.38934496443862,42.49765118657653,101.86672887710334,A,15,14,58.903143875374404
345,158.40006254871156,5.626541068181685,55.77956608290434,31.308503999981117,A,5,6,56.631315500509196
346,151.834405397789,7.785316952906343,36.778624063387156,63.770818695279964,A,11,3,67.09461885356026
347,192.55949500366737,6.4946926330124874,66.95615929898997,64.55204891623636,C,4,9,59.363228413404
348,165.20459821689272,3.661166852245307,44.623839569190515,59.57260472428907,B,13,9,56.80603659434041
349,173.48333453347243,8.132641928999803,36.16532306521043,94.57224245148863,A,9,5,60.41480549733408
350,246.56682930291595,5.12320082005239,64.59316088978991,90.72700664278463,A,15,9,64.91319043841852
351,249.81402998005115,9.370927271862922,45.46470552494258,119.57780263748131,B,13,2,60.669571684009966
352,248.51184888605286,6.453508196315321,57.15710174034825,85.24178689464736,C,10,1,53.287839872188904
353,240.96746294833963,4.000739495637011,54.7086287289185,105.09505207679072,A,3,3,51.42723591504862
354,248.1071555938281,8.942707751963392,36.767647451122684,51.47618005434511,C,4,3,46.114489423271074
355,168.3122788184107,6.569226067496909,46.601129499530614,88.74116495409261,C,11,14,48.274048143314786
356,153.05998578086914,4.501884209049483,63.1436977294977,73.54189569050072,C,7,8,51.99760640893848
357,183.89629394199218,7.417594965828378,37.71954221063852,106.86002785316211,B,12,2,60.57087263284095
358,206.96940697777345,8.726590131751209,49.85939453393528,109.33189687092545,C,6,12,51.87517012786769
359,195.97095904983715,1.2061878026080315,50.980370119004576,52.85399488092945,C,2,7,48.9421518136128
360,249.04978496197924,3.673681880415852,65.34347154083994,35.372246605497295,B,14,6,62.25990710503901
361,170.13456030361056,3.0020648521422233,54.31731081844861,78.51163516724418,B,11,6,62.905431866703054
362,170.67946643597082,3.887162133699804,64.66903909013209,60.25125352722803,C,6,6,48.00582169912577
363,231.63154988907672,8.530734262286096,65.13361570537103,93.98477312490688,B,12,5,64.0530964166536
364,191.92032446009,4.770986337678394,47.52879269131871,30.52925725716402,B,8,12,52.729826938700675
365,195.3084090251121,4.052984844946534,33.60570116555593,91.95321959304168,C,18,7,61.083412752505396
366,217.72665811061154,6.20231829258924,65.62467228696389,78.50002499904055,B,9,10,58.77336060014886
367,,3.3009798207486516,37.20356755223701,59.13252942926816,A,17,12,61.29421350633318
368,249.98851972177727,6.90183549083199,51.69855723850786,81.6254989213507,B,17,1,57.272309182208446
369,248.6129821172467,1.3057900525113153,35.0826091859375,114.09949712007766,B,10,6,54.31852547157947
370,235.1761991086978,4.148180710127557,68.44347119726976,109.73731518069131,A,5,8,61.43888057535413
371,165.67342492249074,5.357091003975421,30.495325031364047,108.57207875126264,B,13,11,56.41659208946359
372,164.61680616174564,5.752904845961192,43.1613154572788,51.320919266900574,B,12,14,59.95697130424774
373,222.73807721766732,1.5705300755458382,69.292917611227,66.33274724067348,B,13,13,52.93434501258721
374,206.3588870121327,8.472136274656503,37.098463080077984,36.536982031636526,B,1,2,60.33612480643187
375,231.62533868329356,4.4800841670299025,58.681733812860024,41.71886887684819,A,18,6,54.82333748158776
376,167.24159149130205,5.035717944288379,55.37547779221795,51.29567400150752,A,1,9,55.83209114633172
377,243.64705340303226,9.590329737912253,30.480102439410505,109.53626400177009,C,5,12,45.82834778507144
378,151.98795357928208,7.398953225464895,65.36192986980234,40.800180212286804,B,9,13,45.11906178481824
379,169.3270945655973,7.330682459531715,30.91487257792803,61.586872668071564,C,13,11,56.099043424412734
380,198.9607678193156,6.030767024659659,58.368158531599214,32.681654011775855,A,2,4,57.886985360910906
381,246.17115324467687,9.588395358578019,48.033453483802475,53.635409438237865,B,19,5,60.27344284455497
382,,9.895157567887331,32.61517360897231,101.82605636924878,C,4,6,41.42188262069722
383,218.9587953613781,4.168026298475464,48.84798145886654,113.298404820952,B,10,9,55.88125800820473
384,228.94981906589305,6.316306562745347,56.997915886825055,67.16536499085132,A,6,11,52.77130971736118
385,181.97100320407375,1.1563373804470305,32.27935826553998,55.17239896277937,A,16,12,67.66832625362154
386,218.71088219934146,7.950102736941843,66.35877088307443,81.70064848958415,B,3,12,50.897219092764715
387,235.6009394671644,8.879035609399992,43.1592116654578,32.489253265604574,B,6,2,51.16989979456401
388,216.9241787072658,6.053146974477305,37.87065055127343,60.00256371878286,C,6,6,53.825376034523494
389,,2.5374873697939844,63.71105039486508,100.74501682633569,A,10,7,60.186918457956764
390,225.40193434243034,4.707572270815948,46.544316261211605,31.77948523775479,C,19,10,56.05419051480937
391,185.78510704166953,6.7108956083354405,64.37363563083566,54.81284882551405,C,18,6,58.60140562463914
392,217.697628766989,8.840664018205786,42.08056253128092,47.45622445516799,B,8,9,54.65298002416728
393,198.99385770610346,6.671000585003211,53.38503905969727,61.717687377938915,C,5,6,47.695460371284845
394,239.92554936073378,7.540039259165093,69.0520156407622,36.51044704718375,B,13,10,55.88953488846515
395,165.0716370281473,5.568085000892915,44.397405848578984,68.44651357458616,C,5,2,49.35001967356008
396,243.62144869955017,5.7276302427499495,50.042238070390674,72.34353177171349,A,15,13,66.76036757822237
397,193.4492584844058,2.880029041304928,62.312386241671184,38.65095670030493,A,12,9,65.70401080592825
398,195.6049911333821,5.033527600280156,55.335776470258075,103.88957205383521,C,14,1,49.84517794654788
399,229.67367610980068,5.163389362927878,61.51505982973663,95.49457796160505,A,5,6,51.67838852289077
400,183.360840974628,1.503957597201544,44.251926122373405,53.565695842647465,C,15,5,66.59064986066194
401,163.51686894807705,8.530872087044681,46.52977117623235,42.9543558228483,B,12,8,56.53282318645224
402,233.7659479594121,6.600863952758175,31.173679346021842,119.84265609206435,B,4,10,50.982062850269536
403,211.64191654306407,1.5953414187374568,62.09272470754551,32.3855176581241,A,9,12,64.99952798358605
404,244.24127768954367,9.206919425750938,52.21612021920493,76.67265275962282,B,8,11,51.34274851805119
405,237.15197636840696,6.2949705943211915,52.41352389140613,96.21340375231752,B,17,9,56.69553904942839
406,158.95828268560007,4.601942676643005,43.2998962939441,114.40504248004345,C,17,3,47.69759784270367
407,227.54421496636724,2.5084771912678483,65.78616425580667,76.99665453299218,C,7,8,54.96321270367369
408,179.98981668458316,3.752691126405125,58.36703025495568,81.90339969345533,A,18,5,72.09525812723851
409,209.2467939044678,4.796849696003674,32.33371642350093,110.22049423227749,B,14,10,54.892763069046914
410,187.88480209466582,6.405404357665002,60.55958391225471,66.71257871767284,A,2,2,55.99568638833618
411,231.84084441454948,9.30448960006275,31.638733871226048,63.59499638426611,C,7,11,46.58142814968196
412,238.90666180092666,1.1551551098573105,43.56108909722781,110.17228693326544,C,18,11,54.317318127692964
413,194.6522747764585,4.049465989086441,48.22957440860915,95.4134522970956,B,10,10,53.918304659225974
414,175.4020766181099,3.442630965064608,55.940911915434484,89.99019450677979,B,16,2,58.611273574098526
415,186.12430744365824,8.33203521790085,56.96199034247163,44.74780508762625,B,12,9,60.04583668230749
416,174.60254440594233,4.986787924823059,50.074197942340334,68.43538364518828,A,6,8,59.89318053277195
417,219.8553942422276,7.076185092649185,43.11359986422431,65.76194667055643,A,11,13,64.85343253244206
418,175.2551016989097,6.995901700928353,53.96805618371437,112.29284122072052,C,18,9,52.94049102244934
419,239.6308665537997,1.3724503625582174,57.349111309397564,34.274721645556205,C,9,8,46.85403147224925
420,171.7706303625999,3.754292906382406,41.544711964855594,118.60569485340449,B,3,7,46.81096182919013
421,154.39534169733975,9.154219802406791,53.845764057235925,112.22351829182128,C,8,8,46.944397670260926
422,237.07834431169192,7.6142812403503255,50.12784916583858,87.26889480752328,A,1,3,46.350455346664646
423,186.99883474976278,9.230059859671478,32.73985944082311,68.27565698049602,A,10,2,59.17173362140176
424,172.0113383865233,6.339511169929194,63.887614493198406,99.31838359781734,B,9,8,53.5666503193629
425,212.6227073604441,6.9811355525845755,66.5315490464106,105.0908469187877,A,15,3,57.32735045524389
426,237.096429875525,9.431519552732365,54.29842128829763,45.57195167815955,C,6,3,46.28422706577157
427,188.72381148233734,8.330844053543093,62.08814251809629,108.81253569216976,C,3,3,56.76549026669586
428,166.37692465993467,3.7958090171687933,53.736159146039554,43.19812120539691,C,2,13,47.743693655042726
429,219.78836692659135,6.418465312389554,50.891338208125894,66.47693846179092,C,7,1,52.71918702802729
430,202.12851888634378,1.4336143433537956,55.944588048280835,48.32146605319049,C,19,7,58.884782529149895
431,209.85524655371032,9.095183383425516,54.022153684054295,78.6159669963649,B,6,1,59.243427964837586
432,205.1598237335789,8.938828688440978,58.294466638886014,113.81691856812725,C,8,8,58.63984779864028
433,176.7461839564709,3.390789705235073,54.7619622086893,61.00413599872934,A,3,1,57.72315566490915
434,239.38680463427949,3.169150047697045,68.91412577338164,103.6300772132493,B,16,1,64.79669333772101
435,215.5268180023013,7.128612526756136,54.95633327834029,76.14896593880424,B,1,5,56.14879332665338
436,206.093374033291,1.0099847446320118,46.62954237578278,103.28730917930174,C,5,2,51.125136940583445
437,183.89912162146356,4.6815085306970285,31.91373781967938,111.03933148447743,A,2,1,58.2903045280279
438,190.93813480573036,3.688411502378419,60.28907590420547,69.08956908781181,C,18,5,57.80259628443656
439,205.29637599283268,1.554610111301975,34.41854756822322,65.56900884104869,B,11,3,61.92138090235207
440,193.59785219920454,3.7126193395473996,52.18411981743856,49.10853784100461,C,16,8,54.87978784089537
441,212.64887149980143,4.009708941199523,30.35121256127421,110.17400351666356,C,14,4,55.556798922946534
442,237.9404527655507,8.400957592107082,58.52473099819231,97.02313519590493,C,14,4,51.03740128547998
443,231.444009331235,8.331316457936516,37.37119244001051,71.53837538017075,C,6,5,52.96340587343731
444,173.70496973604264,8.820370273333435,43.958203917088596,65.17018391662555,C,8,13,47.22507908590872
445,187.94675000039143,2.100429869237455,59.571465515918,39.20869279897661,C,8,7,58.227395366023856
446,246.55420827417072,2.7505096830925666,53.81769115024356,48.006646953605035,C,6,14,40.00955620017531
447,179.45095274870536,2.4535351401354824,38.34056172797687,55.47849473343759,B,10,2,56.78036748581424
448,168.2135588501475,6.499676635087216,43.40643962895625,109.6328336935896,B,17,4,56.55253758099689
449,193.55910838120968,3.48161336462032,47.87869147678131,90.08096421685192,A,13,10,66.25006644143743
450,240.71355748989322,8.283913635784835,45.79226861717778,46.630875089659455,C,13,3,53.22847789105378
451,212.9900261228653,9.47863308537278,55.082031336146024,61.66128157778115,B,18,11,56.241290574634675
452,219.11210087620407,1.189986019792539,46.82927924506217,46.88822427776983,B,19,1,71.62843091957322
453,175.39605514829688,5.20617226644232,53.47180015664506,56.241575997467976,A,7,1,63.95899195716252
454,164.8929242982621,9.775643528375134,39.959005139338295,44.03261808662009,B,9,7,55.04670755344837
455,249.13711843028875,6.008353218875583,69.98453886771577,103.80760669137051,B,15,7,49.437672942209744
456,178.96372013583868,8.143254499020342,60.945567841584875,35.229934776906155,B,16,14,59.913835416985506
457,221.19582659153312,5.823653210753038,45.79832790962878,70.19735018765826,B,3,5,45.519918927174785
458,218.03578277768995,7.702540814612503,68.73187307093502,55.736437771059684,B,18,9,47.00233408708008
459,162.5007034046548,2.4463298403954363,58.29029551707099,66.42569694663895,A,16,10,61.97471608661807
460,208.71038235822155,7.004822634347722,48.151276087009705,110.46395353205625,C,11,2,54.99360833068256
461,160.98435808716874,8.296464187070375,38.47295507053735,71.21751331084133,C,16,9,48.648177303323195
462,189.70362887626166,7.597644973842597,53.19107511697225,69.18992198357876,C,19,8,62.84893493714003
463,202.7422944763771,3.7996279427283457,43.466983198881344,67.79094174699777,C,5,4,46.91106956386407
464,228.15047413256366,4.006420904313014,31.723289925174406,43.031344787253076,B,19,13,53.49171707349326
465,160.22109836610568,9.784723942426725,43.69212790131857,80.28283793110299,A,8,4,52.17742818865137
466,243.3713988866677,9.304956492382235,30.767160588484344,55.31299007816545,C,15,10,49.90420028528658
467,158.21691119192337,5.654058739795686,51.414454986893666,85.11637751456877,B,4,2,53.333685314027555
468,184.42980013394924,7.240894284267311,32.20769369767177,89.64807322943298,A,1,4,60.401936692578516
469,197.01566545780705,8.296503682265735,33.56861771648332,103.30981956092766,A,1,8,58.46539581754642
470,184.80875439009384,6.295048233970863,67.55945117898007,93.44803156938931,B,14,5,54.83461179993497
471,158.97540231526156,1.6690930416194383,53.36578882347642,85.44222283772409,C,9,7,55.82468647538164
472,200.6000327587604,5.2793487883178125,66.32794805025009,99.26586016045287,C,16,3,50.69239397931541
473,174.94007583980118,8.599623169191535,32.87242960918693,89.54212175085573,B,16,9,48.17662790652976
474,216.7951887418057,3.923531526539414,69.49946829877304,60.90828090617457,C,16,6,45.41255524154968
475,243.82284533769973,5.523247475979989,60.5553546309948,40.20398870829209,C,10,13,41.65549534118523
476,213.68098539598972,2.848523567251892,62.60950274556616,97.81769277241636,A,12,2,70.89041644282541
477,,8.412835230167504,66.46089755207439,49.54835632944375,A,13,11,60.94905397278983
478,192.06085678325985,2.8170804525694617,67.61184019013805,107.58239897933355,A,11,1,56.89604159187634
479,162.79877352649152,7.67879641068448,58.59256884650486,92.89167342585304,A,5,1,61.104232766049165
480,195.40396205625547,6.752025831912435,54.42843490551772,70.34800670106469,B,1,13,51.84292672381548
481,244.7114885009095,9.418976345942434,34.91430325000197,116.68204517948809,B,1,9,57.79221424154901
482,180.26667925936013,6.31227290533097,34.334207113290375,97.59068005483597,C,16,7,61.36125426154669
483,157.29069649788235,7.245783499156639,42.26598956824847,73.35767360891292,C,13,10,53.52329791386718
484,195.9376269589336,9.942801691933528,46.48540855875633,56.98993436675318,C,19,14,43.260536735677945
485,237.55428936175093,3.9466066617017295,69.57906956151854,53.84204993794752,A,17,14,56.222322164314164
486,163.72070462274698,3.1683445919740136,55.643680215574435,53.457180288301544,C,12,5,45.949188368062174
487,223.84863430283875,4.105403903103797,55.89182240362039,71.47353924682992,A,6,11,63.47158995325429
488,191.18733626012315,7.23565390514307,51.96005185347355,47.19319655676945,B,9,6,54.27133080526253
489,195.068463744436,5.272640941092229,35.182948952206836,94.29872536353345,B,15,4,69.19572828413584
490,226.49395113871054,6.614376226016486,51.852920254659054,105.07010678241569,C,8,1,46.105283991365766
491,247.3436146114974,9.730335986880288,40.51063430535578,37.23845303974831,B,13,1,59.80553782186055
492,178.8373296280175,5.845601463041209,52.686970627094304,96.99633469073136,C,10,13,42.11694647434896
493,190.35897982763007,6.971202261984857,41.86675141773293,75.60072948088799,C,6,7,59.54383489784006
494,155.91943891094874,2.437214068200227,50.58290550798042,37.34701159298436,B,19,5,62.70146295824164
495,185.18947705233703,3.917799698429832,54.98120654251399,57.3112587697508,C,7,13,46.54677809848657
496,,8.299200797934772,48.660506825684486,109.63656653657249,B,13,7,57.70952517578035
497,224.83796369158262,1.0153355668026474,30.766087870634266,94.50691105662914,C,11,10,49.20261824645538
498,219.12913423390086,6.496331745775299,36.45418177321015,65.89866854202889,B,19,14,60.63138069869836
499,182.95943150798203,7.8676711687920875,54.38649749115649,94.10380608675167,C,5,14,46.58223750861666
500,213.34176268382276,3.952877397550864,38.16235884342569,53.49123229743293,C,17,5,60.36815753627467
501,232.70222414675322,3.6671504881145918,38.17449800025381,46.62879053041938,A,11,1,59.15253643283824
502,234.45481347424567,2.9207936757405513,57.601602173528704,112.69697899207159,A,6,6,49.66886072365034
503,229.15080285259958,7.843701358592677,46.96678596584835,59.594825727595605,C,7,5,49.60826111255888
504,185.4381785401593,9.844973899608384,59.00669110990883,49.07384607486706,A,6,12,58.839404392716744
505,198.0821701366049,7.335495667420677,33.530076623897,84.28851887226456,B,5,11,59.5913900135642
506,214.81720849235586,7.961158294081397,61.30064144830777,109.31631330874315,B,5,12,54.92773492094198
507,187.68586281095853,3.8461408283456064,53.35904042834082,98.32742719456641,A,4,10,63.806551282286435
508,216.4454522665689,7.3644531264989705,51.01384274036464,69.69993302025011,A,2,8,57.80162854676332
509,227.94155635705783,6.625589569396889,62.22358567126778,87.2484701192923,C,17,13,48.3772068497373
510,159.49985166699017,2.28276915363705,67.91942877791331,48.15920052941917,C,3,13,41.54190476349426
511,190.02676641217965,6.911425795857481,56.0816227774432,75.94486313395367,C,16,14,43.99753084629216
512,212.00542205430582,9.40953917124738,35.31670722810733,105.4756576447461,C,16,4,52.9177341511518
513,191.09115342679814,5.508525174184925,54.70440199788224,114.03406707187978,A,15,13,63.95569999295461
514,209.7823829160645,8.856759872354626,30.127984819166155,95.85932506637569,B,5,7,65.92214934509487
515,205.76608643087494,9.091607602665771,43.142193773205335,65.25232274024208,A,18,7,65.47590800247521
516,239.1500674196925,1.7166026236293261,58.06663258283886,54.045824841759384,C,11,14,48.62888665792597
517,203.24353116380138,8.495800576858624,64.85961654220014,58.899034962718716,B,1,12,38.98197139691132
518,235.47682023400574,5.793495189387716,44.33249184969071,97.51413608431443,A,16,10,62.541616817545155
519,160.82248955011863,6.789405401191686,39.73831787701545,47.43279185902391,A,5,6,58.65695257268872
520,210.2752673425527,2.0365086124858003,36.53705119906752,66.20520860033088,A,18,1,70.565230209295
521,194.26216427561377,2.089507338676413,49.40961368435355,116.76847189424005,A,17,11,66.75732682464
522,229.40102284173184,7.475764138881955,47.87941311228368,112.5513343348173,C,10,5,44.20896005337751
523,199.20117229520383,8.456474724849034,49.86864313304579,112.75003242791692,B,2,8,50.96857121361563
524,226.37288896396578,9.83809458436435,40.5407783949764,34.87658878734188,A,14,2,64.50430415333969
525,178.096339358813,9.34108896726694,48.78202401124869,114.093093781288,C,15,7,51.95334821149263
526,212.69933979075583,8.315228870639856,44.045424775061456,46.76022344832601,A,8,12,57.21514648407572
527,153.35498267379333,9.737166676578946,69.39279023775117,97.82996004617718,A,10,2,51.4322392779202
528,164.6237073617562,7.386459289591677,37.54331780368452,47.23416656181459,C,6,9,49.26850975504674
529,225.3422555402859,9.944900903259992,34.79528171139296,64.99319873484204,C,12,5,44.685143485726975
530,151.71480023304207,4.365291394465788,62.51002928127702,67.24077446179211,A,18,4,65.90390993489275
531,150.316888367388,1.4741523375287433,60.874950622665544,75.10257857183035,C,11,10,41.527080615637836
532,244.22960038412117,7.508510304199682,62.7311349700365,110.34999643830604,A,13,4,58.193998639645564
533,162.2549036347417,3.088150024927147,49.85722172956917,87.19984499700124,C,19,13,53.339045480954006
534,173.99493898730236,4.349069825621472,38.759399017039996,47.641550425144644,B,16,13,52.45007909246247
535,172.02023347177808,3.505280779299529,66.24302721698774,68.69019590162299,C,4,7,45.99545457997033
536,199.85443819666602,1.065924957294495,61.749682833738916,43.02057281421604,B,14,4,61.327028833856644
537,247.53692591079675,5.5351686332235,59.833283241110664,60.46650937764894,A,1,2,43.14387482230783
538,157.29358860813133,1.7311288150986786,31.43104511251693,68.24723356506169,C,1,11,54.251904348715286
539,237.8183395069948,2.9992655587661146,49.44262519185923,58.14890945412908,B,15,2,58.59250807445457
540,207.67381396497714,4.661509883288806,43.59566438157893,99.47424913383814,C,3,13,43.29874939125319
541,217.27251753127183,5.59018875984289,43.76261000939863,31.328034361969856,B,11,13,49.203815001670485
542,228.1838113132359,7.728168616894274,35.036220623002976,114.01360101075994,B,10,14,46.393438848074595
543,236.932950744842,2.888099778048673,65.32632530217913,77.05433950343772,A,16,5,58.30908674902677
544,236.79736993934648,5.385421655180851,39.700514331300084,102.19197366680811,C,16,10,49.5412095990485
545,223.6644609729008,7.109917213855968,31.96941102520967,46.94468971132164,A,16,4,69.74466498585389
546,185.9640979987584,6.5300466915477635,48.365641413289445,61.55966803136921,A,18,11,60.67431398128079
547,230.92562727796033,2.4443600684022115,51.74682392441042,117.11947862540288,B,6,11,52.029915163676854
548,182.25673452854613,8.454419665912935,44.26035663956794,78.51782533774822,A,9,10,56.55646945711445
549,214.84389335053783,1.1675864575374884,44.71149446848216,62.31725361038819,B,8,5,42.78589145907525
550,198.4859697158647,4.944879273414365,45.734159045677764,119.87384705899171,A,5,9,64.47240093179684
551,239.95878819532152,3.6702738080266277,57.39560274957093,92.03241975198979,A,9,12,57.61787936476487
552,154.0834592103002,1.8985466846001398,40.26854846783818,102.75972991872004,C,2,1,47.518650795969144
553,187.84753527642616,7.844635139038707,67.60319262421783,47.46029755542021,C,16,12,55.318201394639445
554,,8.814304910230472,45.26075108944676,31.231861610777358,B,17,11,62.562968752771205
555,180.55985978640416,5.815055865223703,46.782975041012655,112.32485400132435,A,16,13,73.38336254388862
556,154.22519707627274,6.115495130516816,35.90058369065353,57.335016061995525,A,17,7,68.51899790448857
557,163.2644651180084,6.026261613817567,48.59877222613037,98.79766150660154,B,16,9,57.856369680061704
558,172.44096243403686,4.1965082563296585,57.860715870596884,68.68267470298895,B,10,11,55.76981416451176
559,176.3679854857227,5.686674936581665,43.53520021413951,109.44700195140774,C,18,4,58.56383402711116
560,157.76471188814324,5.97562597462126,37.6967248613408,53.322338495058176,C,19,7,45.98128411500337
561,241.87252077037724,9.979740242969415,60.70284918768842,77.67783827922017,C,16,9,47.25589203501288
562,167.47282336893477,4.0084934440134194,53.79961255815489,62.89842506901172,B,18,14,51.80355106427092
563,165.37527714070688,8.052953912434983,49.56377708291357,91.69013416263073,C,3,5,47.364979020010956
564,207.69171415066984,3.492010248633821,45.434818984884316,78.31618303890212,A,4,14,60.01253228475989
565,202.21868668689916,3.7052389232680683,41.4104180367265,96.25123908452487,B,2,14,61.15163151515083
566,206.68190881883768,1.359650284859781,34.63069186015161,69.34691802332642,C,7,4,41.34918394060092
567,168.2387061545098,2.317812098964022,40.63905964056299,100.16192037924199,C,13,9,51.54526976894404
568,200.4637394054133,4.644339443717444,40.97151456196916,75.71309293465117,B,6,9,51.128428701607994
569,150.2978604885582,8.285433611910364,43.42567034556525,40.38132500145832,C,9,7,48.652243558907884
570,194.00731303700888,5.7898217066389,40.89007641727394,95.86268548830512,C,17,10,57.971955885371344
571,216.2340466423102,4.957869372791316,30.927691393875712,68.68959689411227,C,17,2,57.84233007166759
572,182.30022350468164,8.533866629729527,41.76729126530228,100.54965443731065,C,2,14,49.883011579099005
573,150.40569145335866,7.7254592475799555,30.3722685622158,111.55272391867885,B,3,1,53.97925291067082
574,218.29212192886763,4.738903283383968,59.46059415038748,111.50589285933826,C,1,9,43.193541028507696
575,174.9997855591436,9.901942335541879,37.60293647085348,100.46195889929898,B,16,13,50.60811405094015
576,206.03876465768158,8.176052799552373,34.79252078953637,40.599321046459806,B,1,8,50.5412235975469
577,168.7182551670503,4.6862676951657765,55.30391731155525,116.63890663317206,C,17,5,57.007978986546476
578,186.56088856149077,8.31453631847145,67.96226584738088,77.16162412981603,C,10,14,56.472478865237164
579,219.04539317871922,6.0850135388256215,66.87687375326723,112.26521602294164,C,11,5,61.09310500380087
580,220.04539453673445,1.5314446842587643,51.99820144541872,91.72611329448941,B,13,14,64.44279656601073
581,177.9416642359971,7.477640705015378,43.8776172649268,48.97551787724568,B,6,12,53.43245836401148
582,244.72207076861042,4.579831658720767,38.807878782950866,86.6781880087801,A,12,4,59.56085193986577
583,217.44814896920457,7.52284147624458,45.343640206519304,63.23554141492932,B,6,8,63.91682934887409
584,213.21330584599588,5.237673887503883,31.779285693355675,31.543930512526597,B,10,12,58.329473398394036
585,239.9427485874928,3.5746811629359434,53.43908544162994,106.14207305518129,A,9,8,66.33490035498983
586,178.48226678404245,3.6565193124211395,66.28793094491839,118.26232014486651,B,4,11,52.895009970912064
587,157.59606845416943,2.5878003210003255,56.607350859758036,77.30622118509481,C,1,12,45.469819031020386
588,209.8420991652564,9.03065433350307,54.77255718109056,58.60982968985677,B,1,13,40.48582596658255
589,,9.580918094974548,41.39335431452404,49.22078599432572,B,9,4,56.605536914194055
590,179.35215269620792,7.307334468305639,47.74069052591067,52.87100345199689,B,4,7,56.04092456303705
591,183.85809802214368,1.6802647560995443,68.14437964330713,105.38218841872191,A,16,5,65.51311253659092
592,246.7823326123525,5.3945616573133295,59.65211736113222,44.01202404111905,A,7,13,57.952698329466216
593,233.7057439305008,1.677646023341104,32.51729693729817,113.7387688198893,C,6,10,42.713631627120435
594,208.0458289910594,3.811797172670471,37.51466578418073,68.33718185823591,B,12,13,42.56554099152511
595,231.23372318823942,1.3431838478140525,47.45675071501558,89.07847152750413,C,12,9,55.37363520701112
596,,9.959242267704074,63.58957143007919,68.09396669560573,A,14,9,57.78306375911417
597,187.88008082081393,4.847534937708172,66.39399258094417,119.74511548507239,C,18,9,65.20506605039043
598,152.82304972177056,3.4786727730241047,43.16261317149369,63.532175087731055,A,18,7,63.7153799240056
599,236.7908418865947,1.7284646932849408,37.02084746301858,63.90955852498364,A,2,4,67.44123860714252
600,211.78603695951284,2.293869759826724,34.96202010137199,108.43310601920902,C,4,13,41.47176645559822
