shift_id,machine_id,operator_id,shift_type,raw_material_quality,machine_efficiency,maintenance_done,temperature,humidity,production_units
1,6,20,Night,0.9237879273462821,0.9104616460945384,0,27.377577300528976,58.65823689371284,63
2,10,20,Morning,,0.8041532650948495,0,25.96981063666847,57.60770922000651,64
3,6,9,Afternoon,0.9074306983552003,0.7441813805246388,0,27.720988863836943,46.3770120081947,65
4,7,10,Night,0.8467651313900884,0.9095061815026595,0,25.512959822487577,46.099381456789935,68
5,5,7,Morning,0.9745594947346736,0.9074922309583068,1,22.652470446066197,42.405262143889956,92
6,9,12,Afternoon,0.9773806991599838,0.7256407853028801,0,24.06271112055795,42.11918280499586,72
7,1,7,Morning,0.9934446397289551,0.7555796362905806,0,24.28215958672667,41.99454644284744,69
8,1,15,Night,0.8056254565717972,0.9944462773934755,1,23.037374933973663,43.10724144735604,76
9,7,8,Morning,0.9649214996479676,0.9231232890129237,0,18.60242648515886,41.22240589361487,98
10,3,14,Night,0.9935119590946625,0.8425628091217467,1,25.457532520844318,47.22439415952222,80
11,6,7,Morning,0.8737009169312163,0.9858006358292701,1,20.037550641529936,53.21635999660124,93
12,6,5,Afternoon,0.8381140042665229,0.875410424878411,0,23.86117141009517,53.083781225165495,73
13,3,8,Night,0.94577765687815,0.7290769686533124,0,19.326617021186497,45.98281609446453,55
14,6,8,Night,,0.8804923931415224,1,19.1654180734489,44.47985871003961,78
15,8,7,Afternoon,0.9211712661128428,0.988823905937935,0,26.634930595563997,42.53621150329654,82
16,8,10,Afternoon,0.9886258631730132,0.8041270565154085,0,21.05193983783144,49.4944004423831,73
17,1,11,Afternoon,0.9536024118309624,0.9163105675516917,1,25.505906073513895,48.35884402213226,87
18,3,18,Night,0.9855406795691012,0.7720600193185213,1,27.16970832175735,55.36606661243424,74
19,10,18,Afternoon,0.8950181798430795,0.7791007190764266,0,19.543085927007578,59.00691632264325,66
20,3,10,Night,0.8331720143320361,0.8166131558414096,0,18.057627438982163,53.4931370096441,58
21,4,20,Afternoon,0.9258001760963044,0.7604363941974152,1,18.22743049328842,45.038047422633795,72
22,7,2,Morning,0.8994997445020038,0.9094202817136826,1,22.262051004327695,41.590958954384654,88
23,10,5,Morning,,,1,27.020876955158116,47.68246914758915,81
24,7,2,Morning,0.8801138138098501,0.8036132144350221,0,22.343366586004734,50.816504698489915,78
25,5,13,Afternoon,0.8442454140545332,0.7478957012637367,1,22.59902324160566,58.60066946184712,72
26,9,13,Afternoon,0.9205663247366054,0.9189665773185323,0,24.74338200252889,51.52458873261786,78
27,2,4,Night,0.8947162302596937,0.8595402096752576,0,27.943383941778905,50.86342231470675,69
28,2,4,Morning,0.8173975498883014,0.8476334442211348,0,22.536353986526304,48.8847530749248,65
29,4,6,Morning,0.8608489014573181,0.920065082232753,1,18.152080833860182,44.026079403559436,78
30,4,3,Morning,0.937542978932653,0.994007202790441,0,20.657870162032967,40.75890552910923,93
31,9,6,Night,0.8828207669385354,0.933400292000366,0,25.227888010324033,41.142562129712005,69
32,9,6,Morning,0.9436938018980664,0.9393619941115566,1,23.19015378064418,49.21992014052271,91
33,7,10,Morning,0.8797877779783572,0.8689435764806204,1,21.786761975545442,48.046750943840436,83
34,6,16,Night,0.964982549332998,0.8756757277402458,0,20.63272954526763,54.07290919721491,67
35,3,8,Night,,0.8403229827987603,1,21.885379632487687,58.350219144872824,75
36,5,13,Morning,0.9887341541701689,0.8315823189102385,0,19.674721522297375,53.88667958868466,78
37,4,17,Night,0.8821139855174999,0.8373138153112529,1,19.97709015037504,55.15845237100329,55
38,9,7,Night,0.8709920082735887,0.7631811589712979,1,23.21236178836833,51.14437894958455,65
39,5,2,Night,0.9909318587575147,0.9530224009749002,1,27.507111509597223,46.32850935352224,96
40,1,7,Night,0.905521647247454,0.7109733265842824,1,25.268932234569853,49.69570100755185,65
41,5,11,Morning,0.9923592264842648,0.8527714912188505,0,21.40182671963163,43.366175356393555,88
42,7,3,Night,0.8742803042856062,0.7262724211876317,1,21.877161699323537,48.21871411479536,66
43,1,1,Night,0.8421264162794826,0.7012236523727805,0,21.619802498664992,53.927310847210634,50
44,7,15,Morning,0.8565526702702381,0.9143872612066117,0,24.520696521057545,47.29091471685575,74
45,9,11,Morning,0.8680697032371197,,0,26.430297868480864,47.8096963632217,57
46,5,16,Night,0.9158127947056701,0.8870168465369683,0,23.298018007985764,57.418892840543435,71
47,5,15,Afternoon,0.9363432784683754,0.8094604730136626,0,20.21965662808801,52.6648566948798,74
48,10,4,Night,0.9419190333905954,0.7704257397127026,0,26.81542960341202,40.49007396186325,67
49,10,5,Afternoon,0.8703878006733589,0.7902531625220471,0,18.91495441318606,40.549065927132865,61
50,2,8,Afternoon,0.9902962983684563,0.960450830555087,1,20.374395736362263,54.76806740496425,105
51,6,13,Night,0.8769435371651886,0.8628810162923772,0,22.960815185049377,59.03984315607912,66
52,4,8,Morning,0.9198281312879848,0.9682203006591517,0,19.505251643997777,58.64973926494912,90
53,6,6,Night,0.9326967529491876,0.8309684501266266,1,23.60416124722998,40.41380002197789,71
54,3,11,Morning,0.9507116134743201,0.758888080099375,0,21.288132723906763,48.59942275089818,76
55,7,12,Morning,0.9317361543397094,0.8804973562235309,0,21.914287461325152,47.95138882419863,82
56,7,19,Afternoon,0.9360120220817214,0.7805365699654158,1,22.478183227584317,43.22571678198479,72
57,2,9,Night,0.9906361086338507,0.9098484306746502,1,24.805428696313474,52.62459110185772,87
58,4,3,Night,0.9424366914505653,0.8935351002722454,0,19.560441982148568,43.00294314075768,75
59,10,1,Night,0.9738849573579336,0.9707709383892964,0,27.68020142858872,51.818126314441415,82
60,5,8,Afternoon,0.8864706067640333,0.9561507110456242,1,19.76090807307415,54.981308092515704,87
61,4,12,Morning,0.8134243288496152,0.7425946792383641,1,20.313750604402703,46.342573474365246,64
62,2,12,Morning,0.8360183686558826,0.7771030992897313,1,18.017088233027007,44.97956799675394,80
63,2,13,Afternoon,0.8406411656930239,0.8282181409701446,1,27.64032816412208,43.742883940423965,78
64,2,1,Night,0.8506044492815787,0.9227499752231776,1,22.430307977934593,45.789458395138205,76
65,2,8,Afternoon,0.8187287520891048,,0,23.552821485811847,40.284695037155544,59
66,4,8,Morning,0.9664074933969955,0.8511421753100363,1,27.84740136661381,50.26189832944638,89
67,10,9,Morning,,0.8817275590416214,0,26.383141352637377,55.2092080419666,74
68,2,12,Morning,,0.866780783995936,0,27.285760296293745,45.85720209919265,75
69,6,13,Morning,0.8688632856933167,0.9572218185167447,0,26.0029023369311,51.448190615022995,82
70,3,5,Morning,0.8217065246648235,0.701543672528454,0,24.44762309852306,51.825911636585545,61
71,2,19,Morning,0.9082483790096789,0.7874949571745663,1,21.479799169995058,43.35571331852283,69
72,2,3,Morning,0.8148864507590357,0.8828786711519394,1,20.164037138196786,50.91431478424387,80
73,9,1,Afternoon,0.8892120281431782,0.9698287932876486,0,22.23513294220188,41.531115187061836,81
74,10,7,Morning,0.8130122220706018,0.8137379032538385,1,26.47225517444642,50.681941547724485,81
75,1,18,Afternoon,0.9992480765056286,0.8487388422398818,0,27.75062791025168,59.87838061732098,70
76,7,9,Morning,0.9195126903479409,0.7931313084634709,1,27.301742577255155,48.01705113011261,82
77,1,8,Morning,0.9311101747354089,0.7206640918989383,1,22.346715506065774,46.27763504030263,78
78,3,14,Afternoon,0.8494166141163046,0.8035722799482314,1,19.890151699796274,44.093083484087586,71
79,3,13,Night,0.9834839285081066,0.7705336072506934,0,21.87683334742508,55.94315747869261,66
80,8,18,Morning,0.9615222315807279,,0,27.611658036638794,49.13242204387295,67
81,7,10,Morning,0.9202254165770369,0.7786115112427276,0,27.210626669822,55.9220951181591,65
82,3,8,Night,0.9925533455536555,0.7283218888676501,0,22.36992291332515,58.318983980062626,62
83,4,9,Afternoon,0.8451347307822867,0.9837087173904332,1,19.75082213744787,57.30888774376828,80
84,6,6,Night,0.987520993253659,0.7930257048861159,0,26.41529743540709,57.056044819972456,66
85,1,4,Morning,0.963368678282204,0.8802788942073297,0,24.51647220946816,44.33712083157851,85
86,4,20,Afternoon,0.9279925427849233,0.8755727699587728,1,20.651643413588125,50.87318571847547,75
87,1,4,Night,0.9099995080274434,0.8086939416211468,0,25.66400075059702,52.061094710189494,63
88,1,3,Night,0.8238934359034537,0.9040015292687918,1,27.50506452178118,43.31760002670024,69
89,1,7,Night,0.8524820834037631,0.8509215764246926,0,19.861146123009718,54.930094284546854,55
90,1,5,Afternoon,0.8896153098649732,0.9435595327051491,0,19.983547726705247,41.06754559377842,81
91,5,16,Night,0.8378271052006772,0.8091380407305219,1,25.2452193319784,54.67559564799032,56
92,4,9,Morning,0.8344353766680633,0.7998563022103048,1,18.74978275260584,45.388698007125456,71
93,3,12,Morning,0.8805878882859806,0.8558044967887102,0,23.37256383701874,42.91954966278075,67
94,2,13,Night,0.865697768786168,0.7915237460837165,0,21.463076761061934,43.72121824142456,55
95,7,2,Afternoon,0.8519937207725843,0.7012967553079736,1,20.13551030686198,48.592535053265905,65
96,2,20,Night,0.8982978283443165,0.948776026660197,0,21.16012696216572,49.07876838107511,76
97,3,2,Morning,0.8392557367710162,0.9237919140022973,0,25.01282125476837,49.473580466439664,84
98,9,5,Morning,0.9001613811596897,0.7173223986444061,1,21.9510776629131,49.39532598089343,68
99,10,12,Morning,0.8600569404485521,0.7761445394129426,1,26.465080236971033,53.57283079961809,84
100,5,10,Morning,0.8467100007015502,0.7409795729176192,1,26.42543445276913,42.94889444701409,71
101,8,2,Morning,0.94234559691007,0.9321228140273563,1,24.460675348288813,47.570457631936335,108
102,6,18,Morning,,0.8789569034683483,1,24.180210611594372,46.43423849311979,82
103,4,19,Afternoon,0.9705844401900379,0.7446430688476088,0,18.754224870448063,42.23512875863347,63
104,1,5,Afternoon,0.8613670257457244,0.9753935234644011,0,25.967254438404233,58.889770361279815,83
105,9,15,Morning,0.9231962814268126,0.7791394083111612,1,27.154241567245553,42.350755666309084,84
106,2,16,Night,0.8050504544976077,0.9690537774572296,1,26.407956098690264,59.76933654980994,66
107,8,12,Afternoon,0.9449144789807722,0.8528787319636694,0,20.24160468124998,45.14828321342173,78
108,1,3,Afternoon,0.9389917984371977,,1,19.69236904453075,47.348113827356926,83
109,10,14,Night,0.8911493902701306,0.7804520655982752,1,22.072226315848177,58.57335337252481,72
110,2,15,Night,0.8933299861516739,0.9744858889414405,1,27.209519416894786,53.22309860490081,98
111,10,19,Morning,0.8601463334410991,0.7654304431147464,1,24.471443424216744,50.36167166199548,73
112,7,1,Morning,0.9202336765518836,0.848227618349122,0,22.315668261724028,52.91699257083079,76
113,9,17,Morning,0.9449506340524274,0.8899672759964237,1,20.032653126786002,41.612693643873506,85
114,3,8,Night,0.8001662814750351,0.7203084426112063,0,25.817267963357097,41.31462910339081,50
115,8,3,Morning,0.9999919960051462,0.7942374024104955,1,25.70711740432063,58.79339680315722,95
116,1,3,Night,0.9013926331839331,,0,20.66771443279349,51.875176868525514,51
117,7,8,Afternoon,0.9377311319613597,,1,24.66649176437094,55.35860095009333,94
118,8,16,Night,0.8448255979779153,0.803295039464474,1,20.549932810007444,58.26391302227735,54
119,8,11,Afternoon,0.9547247668740085,0.7608005337150591,1,25.804947037649065,56.15235752070029,86
120,10,12,Afternoon,0.9524763091434739,0.8358770159592039,0,18.292392430645624,44.60001726760056,75
121,10,11,Night,0.9549100611244612,0.7552893494804739,0,26.821437513997335,40.65027150714548,65
122,2,9,Night,0.9642386451960281,0.9839860068237745,0,23.435900971265585,46.72210569961294,80
123,3,2,Night,0.9299267902387965,,1,19.968264856661726,43.19008203075178,84
124,10,9,Morning,0.9502963747041522,0.884324273217525,1,23.918218257150237,45.24884415647076,89
125,2,14,Night,0.8484299588765372,0.945049910652028,0,25.26255700777039,58.53507246059348,79
126,5,18,Morning,0.9343594319090507,0.8763145155459576,1,25.390429269781002,41.08420664137964,93
127,8,5,Morning,0.9101699753495752,0.8955575131742849,1,27.503705025899784,51.645539934139755,89
128,5,16,Afternoon,,0.93614097948885,1,21.872602532179513,58.139990040459416,82
129,8,19,Morning,0.8213025088555367,0.831370563627834,0,26.62920589409468,54.66082276853685,75
130,9,5,Afternoon,0.8836977692276885,0.7196808688273014,0,18.448380926453467,44.8072848678834,60
131,3,5,Afternoon,0.8959740599241403,0.7053515627743105,0,21.066885999480295,45.385434826496805,52
132,10,9,Morning,0.854453407658667,0.915664561767869,1,23.204338836578515,44.15787529980435,82
133,10,17,Night,0.9474685434947225,0.7134283777107275,1,26.614736307994225,45.83422042076157,61
134,9,18,Morning,0.8000191679684098,0.9058268679760832,1,22.866726035635434,48.66040819785266,78
135,3,8,Morning,0.9384758411729107,0.8100788827162653,0,23.97171604453135,58.994641723047906,72
136,2,20,Afternoon,0.9292151203507951,0.7854178890443237,1,20.336011651446483,48.97427816987639,77
137,10,3,Morning,0.9544561164372645,0.8230770356944253,1,20.85381834581579,41.23567405268494,84
138,8,14,Afternoon,0.9611472976633977,0.753610316612368,0,24.953677841471926,41.615619608758124,66
139,1,17,Morning,0.9977778083561848,0.9953090145790711,1,27.997487485467584,58.743608873049965,100
140,7,17,Night,0.9727916851006566,0.9998812591452982,1,26.972465776163997,47.34134493006377,90
141,8,16,Morning,0.9838367135746855,0.7018919052544489,0,25.727296476581774,52.73695364101268,62
142,7,13,Night,0.9191350421037108,,1,19.580366160913794,42.86388597437489,85
143,7,9,Afternoon,0.9575156367637156,0.765937491679787,0,26.060716354745676,46.68107267677926,67
144,8,5,Morning,0.9756727332898243,0.7923025493152234,1,25.62827189171994,50.30841588421963,91
145,9,18,Afternoon,0.8182117775453446,0.9905351626994654,1,18.91971584546303,46.09439948825232,82
146,9,17,Morning,0.8471422341656153,0.9120073782782349,0,20.340961609651448,41.88193462718738,73
147,4,19,Night,0.8295179283041131,0.7919212875611119,0,21.457212000103148,45.09417828083144,61
148,1,18,Night,0.8457787438913065,0.7707055895775224,0,24.483391740376852,47.13054272288462,55
149,1,11,Afternoon,0.9195299435345814,0.9062035042512662,1,21.07681913854166,55.80467395457477,81
150,3,10,Night,0.9431516606697292,0.8103623131115619,0,19.172449843931513,40.15144774095785,70
151,6,6,Morning,0.9391115333307626,0.7648847950768876,0,18.445829117739013,59.299007159938974,65
152,3,4,Afternoon,0.9439919024170726,0.7060530833014481,0,24.71784954971261,42.721924208550895,68
153,5,6,Morning,0.959191078892402,0.8383521745290945,1,19.89362481958708,51.24573578021884,89
154,3,16,Afternoon,0.9141506577104961,0.7863467199063569,0,26.568783922097282,58.642649248390484,75
155,8,15,Night,0.9973078161293244,0.8829581315797487,0,27.825225262420126,49.21543158052459,77
156,6,18,Night,0.9174178467878457,0.7542362286822584,0,21.422494633657635,58.953130911815336,56
157,1,4,Morning,0.8640131340722492,0.9292518478609381,1,27.16113284906738,47.28414141511726,82
158,4,20,Morning,0.8655216539760319,0.852080546983513,1,24.277133257012338,46.4749994647192,73
159,8,9,Afternoon,0.8556818621196786,0.7986063533626166,0,22.379814103707748,46.73634004285043,63
160,5,4,Night,0.9918090955913131,0.8352434062295657,1,18.432610512795904,54.450358613466705,73
161,3,19,Night,0.8133103735379045,0.7748992456868834,0,21.937226004543753,57.07057371883104,50
162,8,16,Afternoon,0.8848133846538567,0.923794358466913,1,26.41872745951364,53.077428204417885,77
163,10,12,Morning,0.9691715578072118,0.9187205521153555,0,26.04136612446282,56.88894951138417,90
164,9,19,Afternoon,0.9242643924902124,0.7650847996611347,1,27.69336849064222,46.639358451185274,68
165,1,20,Morning,0.9585889659093091,0.7452316618381073,0,25.241571896567322,51.9734327185018,59
166,3,14,Afternoon,0.8380841324018378,0.7138878327583492,1,24.448004144075608,41.285493324207415,57
167,10,18,Night,0.8622895609964567,0.8059737813129999,0,24.017228534360488,40.05279082074009,61
168,5,13,Night,0.8354806390451186,0.8445978459156307,0,19.403150690726022,41.887057158445344,53
169,9,4,Night,,0.808031990006253,1,18.50948315168473,58.042133419754336,85
170,1,13,Night,0.8246574187205686,0.8841386384801927,0,22.536433795204857,44.738048413773384,59
171,9,5,Morning,0.9445767021512144,0.9995113451905054,0,26.87182183513746,44.96975099306046,96
172,1,4,Afternoon,0.9680808262377983,0.7385697518246592,1,27.537864501559923,53.10917823411343,80
173,8,15,Afternoon,0.8427565892673363,0.7595892651727202,0,27.19437195024391,41.53562924081044,54
174,8,19,Morning,,0.824113128730665,0,20.09112376518179,49.86634226213674,76
175,3,19,Night,0.8583017546755868,0.8420359207003681,0,24.43322517548883,46.96160572905662,57
176,4,17,Afternoon,0.8348546802751596,0.8980924087824635,1,26.670915861326602,53.61128617188787,82
177,6,17,Afternoon,0.9925504437165575,0.9746502864394292,1,18.077920185892342,46.85771702995956,106
178,7,9,Afternoon,0.8235363842136079,0.7812070712368052,0,19.075432123186037,51.36209792875063,60
179,10,16,Night,0.8799186563850068,0.9240454197473046,1,27.19918324441169,59.37967682664265,75
180,3,13,Afternoon,0.8844082804556733,0.8619857267266725,0,27.691019401528674,59.89817829998616,69
181,8,11,Afternoon,0.8937620490447996,0.8982428788561571,1,18.03865224536948,44.92054559588243,83
182,2,5,Morning,0.9551890563859081,0.922532304570189,1,21.210689774558197,44.82290861848255,94
183,7,8,Afternoon,0.8821343016959269,0.7033779672236666,0,26.131854148482148,50.09229153408769,53
184,1,17,Night,0.9070826441603356,0.708475757590609,0,18.776789127636924,41.39709825953423,50
185,7,1,Afternoon,0.8039021912036967,0.8149422637524333,0,22.79188562437691,59.339511514253374,57
186,7,10,Night,0.8901255896287317,0.7931916459796062,0,27.463217081158245,44.91403103294746,66
187,10,15,Night,0.9547345739619084,0.8191889190869648,0,24.505150271353784,54.307952289642984,60
188,1,17,Afternoon,0.9490267167019711,0.9887982542176208,1,27.100211899510317,53.90848851672364,102
189,1,14,Night,0.953762481140678,0.7312561976168054,0,24.838296887797405,41.30468560494464,55
190,9,10,Afternoon,0.8584514074041485,0.8141689571009122,1,27.95017741119561,47.45502954701002,74
191,5,13,Morning,,0.9571230742068433,1,19.797543325101316,49.840811319683525,102
192,4,6,Night,0.9523740707035897,0.9007497161138759,1,18.111405249457437,55.15131432085552,78
193,1,14,Afternoon,0.9500045763961266,0.7990093553581376,0,19.452568557204867,56.32208138931669,79
194,9,5,Afternoon,0.8784886250045092,0.945820667341667,1,23.26983104995352,56.1714615373112,83
195,4,7,Afternoon,0.8667668829166506,0.8636193320835126,1,21.144820215061866,54.59305806600322,75
196,2,1,Morning,0.8873306603586374,0.9523594391770585,0,19.022079911012593,47.27301214669063,81
197,3,20,Morning,0.8499268905650802,0.8409080523784606,1,18.596891499088148,56.64936307806319,80
198,7,13,Afternoon,0.87224216274794,0.8488483999395193,0,18.239158851275427,54.60079924326274,72
199,5,18,Afternoon,0.9400420179854032,0.8582118163572013,0,19.005780382114263,46.2269190355195,72
200,8,20,Afternoon,0.9607993773014023,0.7758141693731672,1,25.144096067055507,48.37082073400124,73
201,3,1,Morning,0.8207702215142731,0.9202469143725259,1,25.93329719764796,44.404385109177674,83
202,1,12,Night,0.8028984754034474,0.7243343294340885,0,25.606717825103374,40.54644478152472,51
203,10,6,Morning,0.8454131072439286,0.9633847980184336,1,23.782461594149503,42.109490263697005,90
204,9,13,Morning,0.8683161031788,0.8539363553362378,0,23.199520477788145,42.48236351935417,84
205,10,4,Morning,0.901827213514878,0.9191711676910967,0,27.998234575729974,47.30209533519192,74
206,9,2,Night,0.9422104454236705,0.8711075795599164,0,26.997576527847816,42.972672859825984,57
207,3,5,Night,0.938056498840316,0.9401716644189876,1,21.135427241830214,54.42563030719147,81
208,8,12,Night,0.9771430967837533,0.8985281174698847,1,20.332456804480593,54.38778579815205,81
209,5,9,Night,0.9327210903122032,0.8343825039026131,0,21.67682382923445,44.9349344195944,73
210,4,13,Night,0.9000612537848415,0.8166602586168318,0,23.050528873136773,45.808244041056255,61
211,1,6,Night,0.829334418384403,0.9387978185448289,1,20.801871951049726,46.48587676694915,64
212,4,8,Night,0.8565224071732791,0.7390684812384165,1,23.35818698562445,46.97461542736171,72
213,4,8,Afternoon,0.9303402330021162,0.9912109660950295,1,23.323616516855747,46.00898708137581,96
214,2,13,Morning,0.8517569885448333,0.961091153589547,0,20.592605574421274,40.57882681177842,86
215,7,10,Afternoon,0.9583190761238207,0.8466823210481579,0,18.762403814213886,45.52023672963881,87
216,2,1,Night,0.8430787068743262,0.8926034271998158,1,22.59362852906581,41.29786557916253,68
217,9,16,Morning,0.9484241829068225,0.9470761312667053,1,22.611539623176288,54.513912811768975,100
218,9,2,Morning,0.8045634033932794,0.9563691645826624,0,18.172038873779957,52.81374509267472,79
219,8,12,Morning,0.854110996871798,0.913161438620969,0,25.311704860290902,49.04742125158652,81
220,7,7,Afternoon,0.8425166649786873,0.8918562871636853,1,21.638666915370862,45.46677413558708,74
221,7,2,Night,0.9889542371609094,0.9946009761204885,1,23.68176190363194,54.80828944395563,92
222,4,2,Night,0.9172984784895458,0.8015841000488744,1,18.136867529452786,44.8515479651836,66
223,3,15,Afternoon,,0.8766029916634654,0,18.975159141119832,41.50760319808379,70
224,3,4,Morning,0.9067266330210844,0.7130130280467134,0,21.216354169398734,42.03762270449461,63
225,6,3,Morning,0.9998631605601872,0.8384063264392837,1,27.66761517463752,44.17352197894916,107
226,9,1,Afternoon,0.8719599137304664,0.8394514771886981,1,26.928906522730106,40.59161109685148,67
227,2,1,Afternoon,0.8422228156919122,0.8876173393338386,1,27.77413521064034,56.127986972914876,80
228,6,5,Morning,0.8231279456420614,0.8761710898517225,1,22.38587781616348,49.53428601232119,76
229,9,16,Night,,0.7214899250309931,0,18.23339609167652,41.741944601621505,59
230,6,14,Morning,0.9898706012921732,0.9514017694567302,0,22.303196720023653,54.18621467338024,93
231,5,6,Night,0.8311289509254037,0.8585859832621001,1,22.32417219883967,59.501965136152435,66
232,1,5,Afternoon,0.9219704317074972,,0,27.777565143539128,46.00223556955828,65
233,10,19,Afternoon,0.9055326687928842,0.947671673709607,0,19.165749190053297,58.02222889009564,80
234,4,6,Morning,0.9967670424309192,0.8800556277757552,0,19.121739090740693,56.17854537443591,82
235,9,8,Morning,0.8057977207189518,0.953446807473006,0,22.124159626548067,49.361206859118454,74
236,7,17,Morning,0.9246432569079077,0.9690155882026268,0,24.65342332655242,41.023280302656495,95
237,10,18,Afternoon,0.8348474908939361,0.9526649357242163,0,26.1840607529097,42.76678075735878,75
238,2,12,Night,0.846374066087342,0.9972236770252816,1,24.45427494500361,55.9206517815163,74
239,7,10,Afternoon,0.9799374351701247,0.8503646043666226,1,27.019513718950353,56.589415701523365,81
240,4,20,Night,0.901209044360743,0.7056376290225721,0,21.52874440790892,40.06470866483803,53
241,5,13,Afternoon,0.9865099567736643,0.9980894434918279,0,24.758988026565184,46.302740802989184,94
242,3,4,Morning,0.8296997550068044,0.926839423174894,0,23.220753507279415,47.63666675523658,79
243,9,19,Night,0.818479151111073,0.8032334475917153,0,20.53249791809898,52.09181730408073,53
244,4,2,Morning,0.8639756246683045,0.7131759721237445,1,23.950782500053712,43.449114404002756,66
245,1,17,Night,0.9409030225337756,0.8759967473050008,1,25.27049305375472,44.63821940785398,77
246,3,19,Night,0.9071306613292922,0.9061892349487957,0,26.808781797971275,59.96499390768977,60
247,8,6,Morning,0.9015805273374443,0.8956271923797807,1,24.84764843399952,55.16974725616713,96
248,8,7,Night,0.892540371800417,0.7483106979688787,0,24.886063097713347,55.9369648482787,51
249,3,15,Afternoon,0.9459461494405161,0.7020692279553555,0,18.797525097025066,58.39821106433571,51
250,6,1,Night,0.8371434473537744,0.7236089581496724,0,21.58548282126141,59.14437454869373,57
251,8,12,Morning,0.8756070104101834,0.8651818873822161,1,23.272200914198073,51.01571362537092,83
252,3,14,Night,0.8855746982796955,0.9741490599029277,1,24.188859275256974,40.34578133313049,71
253,4,2,Afternoon,0.8783489859523137,0.7948715739237832,0,22.190129031005366,58.10568995384039,60
254,3,7,Night,0.8447280171607812,0.747446210856231,0,27.10183720394937,45.165004966903226,60
255,6,15,Afternoon,0.8190637150754861,0.8417516465860905,0,19.36054706436423,54.65064775568092,60
256,4,16,Night,0.8077871874971267,0.7416637783250821,0,25.66330687634905,47.822507231370466,57
257,1,15,Afternoon,0.9822085524556582,0.8090070672281506,0,22.897272217875077,56.59882135042907,81
258,2,6,Afternoon,0.9546691056884647,0.7227853450402794,1,18.588453671052427,50.20821007483832,73
259,1,12,Afternoon,0.9490632799700677,0.8868736395638803,1,20.463066952584295,47.72409051777345,98
260,6,9,Night,0.9402492380492458,0.7773740984183447,0,19.685821448893048,41.07883495858404,59
261,4,10,Morning,0.8524140792481182,0.7114160812429162,1,18.406748878011395,59.71851833499757,67
262,9,18,Afternoon,0.8012673469578835,0.927349605529085,0,24.23802057487572,53.92595540884911,67
263,3,10,Afternoon,0.8472358320894402,,1,23.04838251251268,47.011339428872205,54
264,5,4,Afternoon,0.9131733147278042,0.9442729748099726,0,25.363576793919457,51.54472923092128,78
265,10,11,Afternoon,0.8092848463554766,0.8929605176816153,1,19.682243822045322,46.16129129720446,73
266,2,14,Afternoon,0.9659848024114264,0.9465627908214944,0,27.586094043898267,50.5088835831352,86
267,7,11,Morning,0.9472703170840329,0.9282079762421342,0,20.495292361401663,43.71672639123617,88
268,10,17,Night,0.9660704782789581,0.8684792670619189,0,25.77261266713818,54.27083451933075,73
269,5,6,Afternoon,0.8051253487226498,0.8093410974165197,1,27.822719278086453,54.53607466254121,68
270,3,5,Night,0.8878631096487304,0.7561162977238689,1,19.433025730200203,47.03986515620538,54
271,8,4,Morning,0.8935588528871468,,0,19.317201595804153,56.202413923394055,72
272,2,4,Morning,,0.8169273725992398,1,24.393979366294708,54.048911188116634,97
273,2,10,Afternoon,0.9806359790846212,0.849188384884126,0,27.648611138232347,45.85867996130397,83
274,5,14,Morning,0.9176121289120617,0.9439348930449618,0,19.71369249685597,40.32979995955011,87
275,6,17,Morning,0.9048726866965987,0.738505613688078,1,21.010620718836517,58.42076571535678,76
276,5,10,Afternoon,0.8294352119924071,0.8210803991350508,1,20.19106187364436,55.802404709886616,66
277,3,5,Morning,0.8550781287810489,0.9498973752325086,1,24.19670345548806,40.84044374837448,89
278,3,11,Night,0.85347175997091,0.9052635502320634,0,21.82950718504801,43.47611384713955,66
279,3,12,Afternoon,0.9377173789004665,0.7795831645316391,0,25.792972595294568,51.642950946250295,71
280,3,17,Morning,0.8917463485920848,0.7428915216323929,1,23.206341428465752,47.02496153681403,69
281,3,1,Night,0.9760072897179415,0.702411289021447,1,24.276067959579848,42.35755150788665,63
282,10,3,Morning,0.9067425154745651,0.9300758831695286,1,19.382390609438957,54.71736115220947,94
283,8,2,Morning,0.8326461892787121,0.9842314649694632,0,20.036960310694866,59.95130202475323,79
284,5,17,Night,0.9682543618596626,0.9859214384083057,1,27.804593645019374,57.096345433086604,88
285,10,13,Morning,0.831610497830682,0.7117389187176271,0,24.029580944000557,52.67184516538723,59
286,8,12,Night,0.8445821925305931,0.989350241428854,0,26.84551475666233,49.725227472321805,80
287,2,2,Night,0.8338993932612881,0.9204191576163501,1,20.871235690301255,50.224623679136805,65
288,3,10,Night,0.8550158539100365,0.7903968328961039,1,21.36140962573126,48.82591517464061,63
289,1,7,Afternoon,0.8918390213807029,,1,18.566753389318084,56.77439811470646,77
290,6,20,Night,0.9940197392782244,0.9311042986732925,0,27.001315965358955,53.83498429655448,81
291,5,2,Night,0.8004106849320194,0.8625125938874388,0,19.46422695838927,57.74174092587458,55
292,1,3,Morning,0.9184867348604839,0.7519394474626347,1,21.203287884594612,46.4661786959075,77
293,4,6,Night,0.8143840773090258,0.9674494947420963,0,22.082039190527436,56.05005910733797,72
294,7,18,Night,0.9779056299796606,0.8595870034216228,1,26.182712099679076,40.35991812791528,87
295,3,19,Morning,0.8796587273196836,0.7512489854144969,1,24.261949660599896,59.01964010546995,70
296,8,13,Morning,0.9457285647248115,0.8379700207501066,0,18.241203742636646,46.74493135015056,79
297,4,4,Afternoon,0.9947779821120928,0.8926172061888197,0,22.097663369638244,45.56909782094587,87
298,6,18,Night,0.8779868954815135,0.8151326777129244,1,27.86224016213452,49.43495666715904,63
299,2,9,Morning,0.8899898671894405,0.9458589746534138,1,25.29836144176024,40.9053095786666,84
300,3,9,Afternoon,0.8511601196706955,0.9305256461222575,1,20.182923377215513,54.79687710800911,74
301,7,3,Night,0.8650631787013484,0.980054355140723,1,27.763732153399022,55.336737920756406,78
302,8,8,Afternoon,0.9040375686264411,0.7119786777223513,1,24.585236400214086,41.73535241025087,67
303,8,6,Afternoon,0.9363902000990196,0.9476366988258408,0,21.172016513069103,56.84818276975173,78
304,5,6,Morning,0.9538585150117718,0.8395629929031697,1,26.723306975946493,58.564956286026074,90
305,2,10,Morning,0.8478279594050045,0.8212166220614444,0,19.072676208689135,55.17026195628756,66
306,4,20,Afternoon,0.8860435012085498,0.8440225357828794,1,19.786997832576233,52.71535039917639,79
307,8,6,Afternoon,0.8604824708072337,0.9943890053465831,1,19.330673366668595,56.44608763065652,96
308,8,5,Morning,0.9483591811031435,0.9609214835973766,0,24.19119694058167,58.94707289344874,91
309,1,15,Night,0.9934367723866917,0.7658873239416051,0,23.725492782636444,59.20607087502091,65
310,7,16,Morning,0.9516662809179143,0.7108679092839927,0,24.40728129847554,46.43033820860975,69
311,7,5,Morning,0.8730955217117459,0.7122648723746567,0,24.187581057533265,40.34053291494792,67
312,6,2,Afternoon,0.8143386226124836,0.8312353602173671,0,27.11205788701829,47.8663585626645,60
313,6,8,Night,0.8356718005912358,0.8866836340638553,0,19.110055934216206,59.39173911531107,61
314,5,5,Night,0.8978122316195004,0.937044947427258,0,22.2542487805177,44.800026342970284,72
315,3,4,Night,0.8463584456606132,0.7641773521366089,0,19.624714137376277,56.58543172437955,57
316,9,3,Afternoon,0.8062481116017087,0.9146683237214428,1,19.981487381555496,51.58974714064432,70
317,3,14,Night,0.9037540357238268,0.7828832245643587,0,27.782286569537042,54.45467236186778,50
318,1,15,Night,0.8761941720221578,0.7220587218369885,1,21.02839368778426,53.086022106088706,56
319,4,9,Night,0.940660202022084,0.7608312992281829,0,25.898071404598344,53.46680970305213,65
320,1,13,Afternoon,0.9222168290409347,0.7394301546841443,0,20.19882683754658,44.9745773241428,66
321,7,2,Afternoon,0.9653177700564832,,1,18.444993276793383,54.0111056867811,89
322,3,3,Afternoon,0.8905633696377666,0.8501731339105376,0,20.765981675986787,53.94683147802957,75
323,5,6,Morning,,0.7637435648777868,0,27.141813191072508,45.68898647682536,66
324,4,18,Morning,0.8980445422535625,0.7605062012129662,1,19.822929087667802,56.334251358573795,68
325,4,8,Afternoon,0.8056537779914409,0.7720978845402606,0,27.17534968405981,45.026575900688115,68
326,5,6,Afternoon,0.8845043887080376,0.8994458137863512,0,20.296628572752564,54.65539566513751,75
327,7,16,Afternoon,0.823166148081787,0.9815159413167257,0,18.540863177850888,49.53470888163163,73
328,8,2,Night,0.8295524688637747,0.7848671930959095,1,18.29585681101032,40.16460821717251,60
329,4,3,Afternoon,0.9267938369680757,0.75495302314255,0,20.305789447174437,56.82744648543664,62
330,3,11,Afternoon,0.8198475631257378,0.9824910912136942,0,19.584425632514815,40.33341224677019,69
331,9,5,Morning,0.8791624899801327,0.7951179539566784,1,18.115964284884434,55.33945746960366,80
332,1,17,Night,0.8160189637142284,0.8225285430490418,1,23.37164121693742,52.76819310853429,65
333,6,1,Morning,0.9685400409132615,0.8211110531771637,1,23.084428530765614,44.68248985145917,90
334,4,10,Afternoon,0.8379949453162023,0.9628376288566952,0,24.23956751251182,58.75070450297247,84
335,7,17,Night,0.8821850793384419,0.8320842306997878,0,27.724097606885415,44.44710514571803,72
336,5,16,Afternoon,0.9242099462091791,0.9061163325857937,1,27.352183460442397,48.257104590306376,97
337,1,11,Afternoon,0.8312361835594251,0.7488907869908628,1,18.824837367609767,44.129867049438374,60
338,2,2,Afternoon,0.935727734263668,0.744348307908926,1,27.680261265011147,58.491484347380535,65
339,8,4,Morning,0.936023332063494,0.8274452800616791,0,24.51473982209273,58.53045335615417,82
340,8,7,Afternoon,0.8816242891477541,,0,27.51045793773259,45.996390766494486,62
341,5,14,Afternoon,0.9704551650273007,0.9305242005441073,0,21.353974219059253,52.79293095879819,93
342,2,13,Afternoon,0.8359524799578398,0.8660644939890274,1,22.56469920818646,48.49943812003998,76
343,4,20,Night,0.876587916489121,0.8759392364863235,1,23.62450142580211,55.0366287103396,63
344,2,6,Morning,0.8681744559915143,0.8047657924955903,0,21.98179377492094,54.03225046827366,65
345,7,1,Night,0.9246047728733066,0.8546376073843693,1,19.852897379917447,44.75635689168495,70
346,8,14,Night,0.9302985391094061,0.7631396725557222,1,26.593523594121102,57.57347025515028,67
347,6,15,Night,0.9548938340246517,0.867934973103418,1,25.282999858404267,46.29455304091235,79
348,9,19,Night,0.97191006721219,0.9179072885442541,0,27.609570763308895,47.07214010122651,85
349,1,14,Night,0.8115089622685228,,1,23.088832477823566,40.53373917716853,52
350,8,10,Morning,0.9072716989181018,0.8513434343380586,1,23.178532268310157,59.20533237569251,89
351,5,7,Morning,0.9547734708476494,0.7355056020067962,1,23.115742085715095,44.21431067651058,80
352,1,13,Morning,0.8697088113093109,0.8305560673488759,0,19.782407258946094,53.81961664637141,69
353,9,13,Night,0.8291134176010676,0.7968923219816549,1,25.760967335776975,46.168812421012916,60
354,2,6,Morning,0.9834818126053853,0.944474292388924,0,21.601351860202914,55.40106101306529,95
355,2,17,Night,0.8163720319502984,0.7646795903490914,0,25.655497571509756,41.02750663590792,56
356,1,5,Night,0.9968064420929251,0.7287449484103095,0,26.417828492398698,40.78287080403429,60
357,9,15,Morning,0.8361934008094184,0.8307177255311635,0,20.35258460333925,57.58786716758893,66
358,1,12,Afternoon,0.8505617415886808,0.8893667105421772,0,18.41123416417099,53.332541660644985,68
359,7,13,Morning,0.8733078992118274,0.8596870219003925,0,21.71275667633459,50.945693595045725,75
360,6,8,Afternoon,,0.7302392349905091,1,27.27509990643906,56.80274053883856,52
361,1,2,Afternoon,0.9312402861608325,0.7385896357009667,0,24.46414048455309,54.86738576452183,63
362,10,4,Afternoon,0.8269143429897274,0.9209870280291774,0,20.67976331337473,44.836079864143365,78
363,3,3,Afternoon,0.9112437488097038,0.9226854460035443,0,23.54535283032206,52.889234874150965,83
364,1,3,Afternoon,0.8288091583871816,0.9967705267492113,0,27.457761331925546,40.43561220135614,90
365,1,11,Night,0.853454199914689,0.8200669444772481,0,22.761642982167864,53.183217096873676,56
366,1,20,Morning,0.8266667677118064,0.7172591199099226,0,18.385348658118563,56.098150140864256,60
367,3,10,Morning,0.9272081566624936,0.9716722840182002,1,23.33013426927493,48.61986072599636,94
368,8,17,Morning,0.9774090498830391,0.8284658618378246,0,21.01800173853274,47.78813427804382,82
369,7,12,Night,0.8135398886704611,0.84045308805505,0,21.871403903487444,47.72297464423494,54
370,8,2,Morning,0.8899035011585584,0.8853075472337544,1,27.091010787395803,40.31032980503013,82
371,4,4,Night,0.9313432480425523,0.8055999474836664,1,24.350544051498026,44.60681275891085,79
372,1,12,Night,0.8600515053615175,0.8593736705834502,1,19.859884730140763,40.96712684669284,65
373,6,9,Afternoon,0.8902755071108741,0.8773352020079521,1,18.697464137460244,53.17105459470652,79
374,8,17,Afternoon,0.9861348138411596,0.7074476533431016,1,21.489242506370108,49.709749874560565,75
375,10,6,Night,0.9222087730742626,0.8479540152654941,0,27.14580274034143,47.866764938485865,67
376,4,3,Afternoon,0.9512144214213711,0.8809350517843482,1,25.753937079772868,55.954775859488834,90
377,6,3,Night,0.9431793917746937,0.7464451294788343,0,21.719398363417696,59.46032224024954,59
378,5,17,Night,0.8800259704479332,0.7597470603920656,1,27.336171075137717,54.43586528599178,65
379,2,16,Night,0.9060594761597308,0.9563115699240794,0,26.56399141021226,41.56231602287257,76
380,3,9,Night,,0.731794832241576,0,22.599943722392226,48.81775348270894,60
381,1,15,Afternoon,0.8639503138731681,0.7196086467919285,0,20.189648753925066,47.26776772781687,59
382,3,9,Night,0.844246986951409,0.9900082343794026,1,19.014908266151203,57.608391994483796,84
383,3,15,Afternoon,0.8095364674960244,0.804574459640823,1,25.982345216005864,52.06737353074911,61
384,8,6,Morning,0.8080822938181813,0.7367042210099981,1,19.90184119777512,59.94887195379624,67
385,7,7,Morning,0.8801372816837149,0.8924967143665603,0,21.51435935462852,53.07036057168709,89
386,9,17,Night,0.8852045320976151,0.7101103541654366,0,26.622522921199838,41.601152151932865,50
387,4,4,Afternoon,0.925679083894686,0.9319503300222934,0,25.97190604297547,54.652107296423026,89
388,8,6,Morning,0.8920587590723226,0.7668047592244961,0,18.968351955508144,47.31957291640559,62
389,8,10,Night,0.8516214173043802,0.8188565623508919,0,25.68897484512745,45.646102799643174,50
390,1,14,Night,0.8602735497851518,0.8151889846590583,1,27.42883278243883,51.662331706228485,57
391,9,18,Afternoon,0.953999122627219,0.9608812506849642,0,26.859354577151496,53.168261390370766,84
392,2,13,Morning,0.9129899169104577,0.9620810279743851,1,21.234356328306614,57.08772721015287,83
393,7,15,Night,0.8888355928066951,0.8710424040426125,1,27.871753542011774,44.8026319062024,78
394,5,6,Night,0.9192970590373426,0.9774000768525014,1,19.197600361427234,50.573615184594345,75
395,3,14,Night,0.9475871123287023,0.8791018355229538,1,26.58565553889086,51.043257084458936,72
396,6,10,Night,0.8972119449749726,,1,20.85111601476139,48.94541724571378,52
397,1,14,Morning,0.824849839616304,0.831644983860505,1,19.882987910168826,40.284908346767125,78
398,7,4,Night,0.8889997781301349,0.7448486892834031,0,27.55613763675958,50.85839361387233,52
399,7,13,Night,0.9331239380642365,0.7425910026153495,1,25.482992912530538,46.423824391013675,62
400,1,17,Afternoon,0.9679307043395367,0.9501760190044106,0,23.887331549800706,42.2850982745085,89
401,10,6,Morning,0.9724651969663812,0.7148523616531236,1,22.433083892500747,54.52048803573065,73
402,4,16,Afternoon,0.898337627562045,0.9396486188246266,1,23.926577221848326,54.5685431128223,83
403,3,9,Morning,0.9534859887979794,0.9375651272391885,0,22.46475115030362,58.11530666770177,85
404,5,8,Night,0.9021176062012191,,1,25.23878990148381,40.715142055947936,87
405,9,5,Night,,0.7038814881617057,0,26.566878294822192,45.33746522708538,50
406,8,19,Afternoon,0.958239605458326,0.7206711807850608,1,18.006391009468008,52.824792510026526,70
407,2,17,Afternoon,0.8465870752657763,0.7956980057654276,1,27.80041736987624,57.044763500863816,63
408,7,20,Afternoon,0.9072860144073434,0.7064712091760289,1,22.0593163434988,42.85480879295321,75
409,1,17,Afternoon,0.8561769405731992,0.974448077098472,1,19.265598630578175,44.81912900995284,88
410,8,2,Afternoon,0.8413981451023944,0.9589032934341735,0,24.50502135982335,51.01222170632714,76
411,1,8,Morning,0.8397476605204112,0.7901550239576198,1,18.17809404727175,42.63145940204123,70
412,2,3,Afternoon,0.9232529811350261,0.7739032014710024,1,25.941566277646107,44.79403494937236,80
413,1,4,Morning,0.8645125512678007,0.7184524863535465,0,27.315569917048187,51.80691925218436,63
414,10,5,Afternoon,0.9841737617646046,0.8227942941517948,0,22.311667863246782,47.40619235914983,75
415,2,11,Afternoon,0.9247843731526857,0.9407415777206076,0,26.65946621481159,52.39846041547039,86
416,5,3,Morning,0.9508074574461457,,1,18.24913108202245,48.65094638274544,106
417,4,9,Night,0.8759965805408784,0.8508168514720883,1,22.912299742533047,58.21404761571431,84
418,8,8,Afternoon,0.9194376282338268,0.8919590287731397,1,25.2390221014262,58.05402152231888,86
419,1,19,Night,0.8484210131159149,0.7677905544952897,0,18.193097885242878,59.9385497758478,50
420,4,7,Morning,0.9428582815791976,0.7444446173472218,1,20.14872625689701,41.73454419381739,73
421,3,8,Night,0.930930200101855,0.7081643481598232,1,27.473828515906206,50.33916997879939,71
422,8,6,Morning,0.8169188416723601,0.780662173059186,1,24.132144649831744,49.549276022895974,68
423,3,4,Night,0.9054170350207487,0.7936080343215297,1,27.759178997824986,53.254252599773125,63
424,8,2,Afternoon,0.939835663406796,0.9097831819932509,1,18.558967969544458,44.566192573268005,83
425,10,19,Night,0.9826091343720849,0.9516043513597131,1,24.782334755657796,40.64164753483416,94
426,7,5,Night,0.9581294894672032,0.8763591130363761,1,21.587809854236944,56.25998456279479,77
427,5,3,Afternoon,0.84998803385959,0.8453186754377195,0,26.01236154762441,59.806483656646435,63
428,7,15,Morning,0.9195693736335825,0.7714982554072366,1,22.589831156875768,45.94733168474887,79
429,2,6,Afternoon,0.8226406821442612,0.8038701495415584,1,27.798572179897654,55.56860632048685,51
430,4,16,Morning,0.9659243197624492,,1,26.209177794737073,50.55134516464502,85
431,7,20,Afternoon,0.8721565730264393,0.9200021871750381,0,19.163906049717827,54.023205912101304,74
432,4,5,Morning,0.9237720096881961,0.9301998113789868,1,18.822202140489278,47.578953949400436,89
433,7,17,Afternoon,0.8389315964594339,0.7535477731877874,1,23.962058720472786,53.36383206902282,66
434,4,2,Afternoon,0.9757635374848511,0.9657866840450222,0,21.066408312633037,47.03298472306829,82
435,8,19,Night,0.9208357871000536,0.767272086773356,0,22.60698633393852,44.98958839443083,55
436,3,7,Morning,0.859282946707075,0.7539495795263229,0,21.588354300131957,41.99248248303933,63
437,1,2,Morning,0.9294482904682202,0.779357937571262,0,26.913642721274737,43.05581734865381,64
438,7,3,Afternoon,0.9346912844773758,0.9146420901851052,0,18.99868421839729,44.884681283530156,84
439,3,18,Afternoon,0.8274993269942599,0.7065523958680306,1,19.43501125852663,54.58853178942107,67
440,6,11,Night,0.8280787173500415,0.9932766003867175,0,20.6004718932968,55.18619514777697,69
441,6,8,Night,0.9536662380478564,0.9367148227377584,1,23.527470672303338,44.47261317257805,78
442,8,19,Morning,0.8421838652072643,0.9921707835121609,1,18.07588828071347,58.10988797001279,98
443,1,7,Afternoon,0.9744761431638542,0.9370311941302698,0,19.47087793360495,48.00806248707801,95
444,2,19,Afternoon,0.9480540016258272,0.769491788894918,0,24.82300216438735,55.99081070432541,76
445,2,15,Night,0.8788324169668724,0.7450365169872493,1,22.954495395049975,44.549848779718815,63
446,8,12,Afternoon,0.9969369742251633,0.7624008521107726,1,27.41894445691483,54.555377834855214,79
447,7,13,Night,0.8786157610097615,0.7336677724390552,0,26.29833109106348,48.67954628056659,60
448,5,7,Morning,0.9071817686693506,,0,24.51307563563519,42.292132303863845,86
449,2,4,Morning,0.8020797941577363,0.7358919850112121,1,23.187664077898248,41.69786207602352,64
450,1,7,Night,0.8200146850986705,0.742412522781514,1,25.37730567120499,43.220104494822074,53
451,6,20,Night,0.8498329097010455,0.8363301945184738,0,25.757212617161077,53.70983467060207,52
452,2,7,Afternoon,0.8281456272477628,0.8391769560221333,1,27.58156803988311,47.14862556522111,63
453,10,19,Morning,0.9862784273871763,0.9773084523113145,0,25.811244780694125,59.47795727624873,86
454,8,5,Afternoon,0.9257316129114691,0.8483757505463175,1,24.889100012859895,53.29806721299362,84
455,1,18,Night,0.8486799594194482,0.8280587659106975,0,27.22989933118788,40.22341328445249,65
456,4,3,Afternoon,0.8457474702741763,0.7705212727628685,0,18.072670986778423,42.27235726982731,59
457,5,1,Afternoon,,0.7747779394626458,1,27.820474963685847,55.24018419391224,65
458,7,14,Night,0.9881887842427733,0.7442772556675741,0,22.959898504009843,45.60723056799773,56
459,2,9,Night,0.9103238218627476,0.8156990766631778,0,25.434700799493832,56.98669657651436,67
460,4,14,Night,0.8212154923430388,0.9044905696292127,0,22.63851701790852,51.60424626908937,59
461,5,5,Morning,0.9102559587098169,0.9137345090048814,0,27.38704096416336,51.39586837879337,84
462,7,4,Night,0.8966889673221633,0.8971122003772593,0,25.893622500745824,41.557277184264905,71
463,5,4,Morning,0.8148877175537945,0.8947770562585893,0,19.191523651891075,41.14653515087891,66
464,5,8,Night,0.8956102317249233,0.8819851569498647,1,19.621254095404247,40.13911998968047,75
465,10,14,Afternoon,0.9676612331657717,0.9102345547152217,1,27.479471770911857,57.02083483394793,98
466,5,18,Afternoon,0.8031220529528168,0.7995583405760759,0,23.198285933960214,57.682904682008214,65
467,7,4,Morning,0.9006855797862426,0.8921093794007865,1,19.421296063971266,50.3822902290363,82
468,5,20,Night,0.8582847295826966,0.822717808194413,1,25.530601171696393,46.493026451864836,76
469,4,4,Morning,0.8455720871577188,0.8362734453386079,1,22.777057441759975,51.60053060452925,79
470,10,11,Morning,0.8982143423358114,0.8861575446223126,1,20.01564759538446,50.25767091421798,83
471,5,1,Night,0.8576075005993778,0.9755367018053165,1,21.268722154603772,58.18126754949351,78
472,7,4,Morning,0.9001106597885604,0.8160529324229453,0,19.245993524758262,44.97569982784166,71
473,7,10,Afternoon,0.8548251383953009,0.9420852425294229,0,24.65868043596369,59.33481955970798,79
474,9,12,Night,0.8419613269337299,0.7511058976733278,0,25.416911340438183,40.75168980260303,50
475,10,12,Morning,0.9209291788022391,0.906563883297762,1,18.16788813210762,55.802377389209404,86
476,9,8,Night,0.9010787418840956,0.9991684025699825,0,24.674637764336637,57.1178544564431,71
477,6,1,Night,0.9113652347996922,0.8960924562799619,0,21.1546949819396,44.48807939107192,67
478,7,14,Night,0.9579072460257807,0.8330103992546918,0,27.4173575832002,40.7632238482197,64
479,10,8,Afternoon,0.9563499399923312,0.8072706095668194,1,20.21258002294998,46.63452684091516,74
480,7,15,Afternoon,0.9835411020434968,0.7873042311301642,0,21.88078195200213,40.81256905883218,74
481,4,20,Night,0.8087919803485204,0.9504945909496832,0,27.679481586141073,45.21041038482003,59
482,8,9,Morning,0.9139170854621462,0.8378527388358288,0,24.201757617642404,40.399376517232206,78
483,8,14,Morning,0.8293204414613013,0.7785448930177259,0,19.17603886668426,46.39453285045838,65
484,1,6,Night,0.9886586815679004,0.939207335893405,0,20.877561269591283,47.72582223054353,68
485,8,14,Afternoon,0.8470838465043984,0.7869682425180925,1,23.670752677757505,40.54175184168567,66
486,10,7,Night,0.808083851120618,0.722008169548962,1,24.162083083204635,48.90176406435552,56
487,9,18,Night,0.8482239271035161,0.8351340728316134,0,18.402098340558183,57.96219039413894,68
488,7,7,Night,0.9221677389998356,0.9629723671174839,1,24.88020877226988,57.48002103646856,97
489,8,13,Morning,0.9206690977991043,0.7117209850390745,0,20.980572580693874,56.78865485965393,61
490,8,15,Morning,0.8792598354898589,0.7503031443931546,1,21.474067079607018,50.874420217347435,72
491,4,18,Night,0.919286733767659,0.8510913689448045,1,23.939070437376643,45.137671096186885,75
492,6,3,Morning,0.9917665529358461,0.888549319948229,0,23.626974621324155,43.72555863018937,94
493,5,12,Afternoon,,,1,19.765556464001186,51.11342611567662,77
494,7,1,Morning,0.8585144290162848,0.893820226512521,0,23.166277071023096,42.9072710509094,77
495,6,14,Night,0.9533670563677332,0.7226676017660397,1,24.736415628449468,43.774561147979014,62
496,10,19,Night,0.8387941587862009,0.9664989922291141,1,24.600612335506433,47.673289605404456,80
497,8,15,Morning,0.9823346117678575,0.9508435882643302,0,18.761338731683416,47.582208764656244,91
498,3,4,Morning,,0.7621381587984885,0,25.03847092663901,40.068374622302905,81
499,10,4,Morning,0.9991692963945141,0.8804525508581245,0,21.635247683064613,59.296312482451,89
500,8,18,Afternoon,0.9010522598223104,,1,21.596879189639967,56.20918364161518,83
