shipment_id,origin_city,dest_city,weight,volume,shipping_type,is_fragile,order_hour,is_weekend,distance,delivery_hours
1,Seoul,Seoul,25.675832138096954,0.539377082071173,Standard,,12,0,200,3.6373690568508192
2,Seoul,Daegu,19.907335896993004,0.011927905298629556,Express,0.0,20,0,200,5.893911745874277
3,Incheon,Seoul,41.31147055958369,0.215097454801458,Same-day,1.0,16,0,200,1.0
4,Daegu,Seoul,30.91044558755923,0.26818923057445204,Express,1.0,19,1,200,1.2624802686944996
5,Incheon,Incheon,37.058617569630385,0.5212028793840527,Standard,1.0,0,0,200,3.1576632233136808
6,Incheon,Seoul,5.659929244940525,0.8350674508341541,Express,1.0,10,0,200,3.795858465264997
7,Seoul,Seoul,31.813030973154746,0.12440023477564606,Express,0.0,1,0,200,1.0
8,Incheon,Incheon,12.99800143230729,0.1939257048706345,Express,1.0,6,0,200,3.874725128033642
9,Incheon,Daejeon,11.90508166074024,0.6236293358388422,Express,0.0,1,0,200,1.3969357474432351
10,Daejeon,Busan,25.043881883481063,0.2914434786366256,Standard,0.0,7,0,250,6.191329896370269
11,Incheon,Incheon,40.35781499933372,0.5234225293130136,Express,1.0,0,1,200,2.4927785370356745
12,Incheon,Seoul,33.662578381897866,0.9159745263389706,Same-day,1.0,2,0,200,4.995964225044988
13,Seoul,Incheon,32.47356690601728,0.6462583193663084,Same-day,1.0,7,0,200,1.0
14,Daegu,Incheon,25.86300535965997,0.7582792556600725,Same-day,1.0,19,0,200,2.6937014336432425
15,Seoul,Daegu,13.398166896350455,0.7457254343906977,Same-day,1.0,2,0,200,1.9901145691185982
16,Seoul,Busan,44.805387784256034,0.7639417736883914,Express,1.0,15,0,200,2.1264809708698786
17,Seoul,Seoul,47.84812520666145,0.9782444476323185,Express,1.0,3,0,200,3.52439591080471
18,Seoul,Busan,40.10794623505019,0.20643230035566937,Express,1.0,6,0,200,1.5331224502960652
19,Daejeon,Daejeon,12.435351828346036,0.43185666469451245,Same-day,1.0,11,0,200,1.5842749040230568
20,Daejeon,Busan,26.177811281198444,0.21493599951697348,Standard,1.0,8,0,250,3.84877188287546
21,Seoul,Busan,5.148908464919565,0.8320460197853109,Same-day,0.0,23,1,200,1.7128836835172674
22,Daejeon,Daejeon,11.096700265126888,0.2818620528768499,Standard,1.0,16,0,200,4.704385117383913
23,Daegu,Daegu,45.945015195195545,0.11105576511808053,Same-day,0.0,6,0,200,1.0745694909532746
24,Seoul,Daegu,5.0328805952763185,0.9531740034840657,Same-day,0.0,0,0,200,2.560620334420002
25,Daegu,Daejeon,46.03059687138995,0.7119487289748035,Standard,1.0,20,1,150,2.3906095279245676
26,Busan,Daejeon,1.2659760766918233,0.19537575533524498,Express,0.0,8,1,250,3.8692776559531725
27,Daegu,Daejeon,40.9269881759061,0.6728167720642219,Same-day,0.0,10,0,150,1.0
28,Daegu,Daegu,8.422541309644842,0.4451886062361052,Express,1.0,21,0,200,1.7918675819223564
29,Busan,Daejeon,49.78767578469647,0.07910904179442442,Express,0.0,6,0,250,3.0824224028475804
30,Incheon,Incheon,39.08400700181561,0.20462227878137998,Same-day,0.0,18,1,200,4.281337443430945
31,Incheon,Seoul,45.827790442050265,0.6051651604700411,Same-day,0.0,15,0,200,1.767878055842471
32,Daejeon,Daejeon,17.254803639365022,0.9019193288002962,Standard,0.0,1,0,200,4.171742603798097
33,Incheon,Incheon,49.44837380299608,0.737320114094594,Express,1.0,6,0,200,4.501045435550555
34,Incheon,Incheon,30.398159632674513,0.6385091532037237,Standard,1.0,2,0,200,2.280973725126147
35,Daegu,Daegu,34.50012062749266,0.4734394051800226,Same-day,0.0,10,0,200,2.309875764957228
36,Busan,Daegu,7.601654319438774,0.5274389681830687,Same-day,1.0,8,1,100,1.5772570661364238
37,Seoul,Daegu,46.65796774866647,0.052368532693161995,Express,1.0,4,0,200,1.5176089187175223
38,Daejeon,Seoul,22.482709259805347,0.5600615797536763,Same-day,0.0,20,1,200,2.4244276388837624
39,Incheon,Busan,29.303810251176017,0.1309958308103135,Express,0.0,13,1,430,3.007469053215382
40,Seoul,Daegu,19.36236348006007,0.9788769963873615,Same-day,0.0,7,0,200,2.3076121139495926
41,Incheon,Daegu,19.51243983724256,0.36695884550883373,Same-day,0.0,23,1,200,4.8180210934194605
42,Daegu,Seoul,37.36226765621393,0.4558562146709183,Express,1.0,5,0,200,4.240760367982409
43,Daejeon,Busan,25.01166614963887,0.8158334568449805,Express,0.0,12,0,250,3.446420099789525
44,Daejeon,Busan,11.968786566954117,0.49241276634900794,Standard,0.0,3,0,250,3.8693919940933865
45,Busan,Seoul,13.349468081525437,0.339575378516367,Standard,0.0,8,0,200,7.489815277311685
46,Seoul,Busan,10.76646532685389,0.15434474003231208,Standard,1.0,17,0,200,1.0
47,Seoul,Daejeon,30.77033253567389,0.5740833422122456,Same-day,0.0,1,0,200,1.0
48,Daegu,Busan,48.36534333749583,0.9514416667911328,Standard,0.0,23,0,100,1.672368648090107
49,Daejeon,Busan,27.518160654749156,0.7058980773910248,Express,1.0,16,0,250,2.1433679517448443
50,Incheon,Busan,0.8443704898034521,0.22540315817473955,Same-day,1.0,12,0,430,2.0563165335893445
51,Incheon,Incheon,26.056619246336265,0.6272551071020912,Express,1.0,19,0,200,4.993969593237484
52,Seoul,Busan,8.05733583652843,0.28313187346300533,Same-day,0.0,1,0,200,1.0
53,Daegu,Busan,3.052999484492884,0.5640991289523111,Express,1.0,7,0,100,2.248267546573433
54,Seoul,Daejeon,36.12475873762472,0.8731198926323752,Same-day,0.0,15,0,200,1.1533071748253085
55,Seoul,Daegu,29.907256470646175,0.32996797166680497,Same-day,0.0,10,1,200,1.0
56,Seoul,Daegu,30.15807245179501,0.9817387707227011,Standard,1.0,4,0,200,6.750571633725448
57,Busan,Busan,25.701319903530113,0.45887954680614845,Express,1.0,20,0,200,1.8582995643473081
58,Incheon,Daejeon,41.136133434031905,0.1963913685448328,Express,,4,0,200,5.086166545082026
59,Incheon,Busan,35.097864293828295,0.16008763293095807,Same-day,1.0,20,0,430,4.8114306491393615
60,Busan,Seoul,27.6343793083134,0.2198190918753264,Standard,1.0,20,1,200,2.136925038659081
61,Seoul,Busan,4.004887765897784,0.47525835666093147,Express,0.0,0,0,200,2.530490052864079
62,Daejeon,Seoul,27.38438286422158,0.47058223265077326,Express,1.0,14,1,200,7.081619875549604
63,Seoul,Busan,45.96259497777197,0.4439849488341975,Standard,1.0,5,0,200,2.976612906605698
64,Busan,Daejeon,32.53401779103805,0.9157481696480175,Express,1.0,13,0,250,4.635665229166864
65,Seoul,Incheon,43.65581103790503,0.4359384720830268,Same-day,1.0,7,0,200,2.7614751024022697
66,Daegu,Busan,38.31330037420665,0.18674383686482235,Express,1.0,11,0,100,1.0
67,Incheon,Busan,28.64629354267496,0.05599179936162855,Express,0.0,10,0,430,7.128684291368195
68,Daejeon,Seoul,27.095365505078366,0.8549519167344153,Standard,0.0,7,0,200,1.1911149802284093
69,Daejeon,Daegu,24.910148608865654,0.755426224854757,Express,0.0,7,1,150,3.775114080005979
70,Seoul,Busan,29.518234270685262,0.5757982885840016,Standard,1.0,7,1,200,4.249445867324733
71,Incheon,Daegu,29.969310895796866,0.1924248993021675,Same-day,0.0,1,1,200,1.0
72,Seoul,Daejeon,25.3505740161117,0.5720685064547022,Same-day,1.0,0,1,200,1.0
73,Daegu,Seoul,43.85842434140994,0.32952441088464574,Same-day,0.0,15,0,200,1.0
74,Incheon,Daegu,41.40078367804387,0.3854101685297501,Standard,1.0,3,0,200,2.22688630427015
75,Daegu,Busan,,0.3911722215360324,Same-day,1.0,4,0,100,1.0
76,Seoul,Incheon,18.193885233148436,0.8413516770842405,Express,1.0,2,0,200,4.001393398228067
77,Busan,Daejeon,34.803493646789605,0.7450628082885588,Same-day,0.0,8,0,250,1.0
78,Busan,Incheon,21.90729277249863,0.020079247070920136,Same-day,1.0,19,0,430,2.022732656513966
79,Daegu,Daejeon,41.646950698847576,0.5282974977686667,Standard,1.0,20,0,150,1.0
80,Daejeon,Daegu,17.134727156849912,0.8046820358090393,Express,0.0,19,0,150,1.0
81,Incheon,Busan,9.357212582325182,0.03875784400501501,Standard,0.0,22,1,430,11.519312496281252
82,Daegu,Incheon,17.548753746306975,0.032979619998370784,Express,0.0,13,0,200,3.2013880003187136
83,Busan,Busan,26.151885688650115,0.7331335377663387,Standard,1.0,22,0,200,1.2360995486902229
84,Incheon,Daejeon,43.85742164909439,0.24710095951126382,Standard,1.0,2,1,200,6.317194753466584
85,Busan,Daegu,29.62624416802878,0.05497948494169431,Standard,0.0,14,0,100,4.183722175435195
86,Seoul,Busan,11.600633346369465,0.683393378627993,Same-day,0.0,8,0,200,1.0
87,Daejeon,Seoul,27.252444474372762,0.5987398879640224,Standard,1.0,16,0,200,5.6576281509628386
88,Daejeon,Seoul,9.336896931848058,0.07793363815894547,Same-day,0.0,9,0,200,4.639216126598475
89,Daegu,Daegu,12.2331452510537,0.5434993745496445,Same-day,1.0,2,0,200,1.4858229160002692
90,Daegu,Daejeon,45.00819029643154,0.8722037568900385,Express,0.0,7,0,150,1.0
91,Seoul,Busan,32.7559197867745,0.13212526018664586,Same-day,1.0,2,0,200,2.9382444571556725
92,Busan,Daejeon,38.495573453259055,0.10437748717863568,Standard,1.0,22,0,250,3.6845377579753116
93,Incheon,Daejeon,23.298939852699327,0.21420334282451398,Express,0.0,13,0,200,1.3193023352469506
94,Daegu,Busan,5.76521676296567,0.952408497176539,Standard,,4,1,100,1.0
95,Busan,Incheon,48.77312849817008,0.4523184049480804,Same-day,1.0,15,0,430,4.167666022936594
96,Incheon,Seoul,8.502014898631524,0.9565949962522992,Same-day,0.0,3,0,200,3.38932731060658
97,Daegu,Incheon,11.881889379460455,0.7209408806140252,Same-day,0.0,5,0,200,1.0
98,Busan,Daegu,43.16175845221501,0.5366285984186215,Standard,1.0,1,0,100,4.442946483827816
99,Daegu,Daegu,46.48252323953046,0.6326695643401606,Same-day,0.0,17,0,200,1.0
100,Daegu,Daegu,12.861034460728938,0.9855499353234677,Same-day,1.0,12,0,200,1.0960544813375594
101,Busan,Incheon,35.569975057755606,0.08476269156636959,Same-day,1.0,17,0,430,1.0
102,Daejeon,Busan,27.793375600559237,0.28068026906019616,Express,1.0,10,1,250,2.30517118077877
103,Seoul,Daejeon,25.70603003798383,0.9766713851833073,Same-day,1.0,7,0,200,3.403926755830395
104,Seoul,Daegu,21.77691344129672,0.6010225730573435,Express,0.0,14,0,200,1.6017254341899065
105,Incheon,Seoul,8.01572176284386,0.6027319383432759,Same-day,1.0,15,0,200,1.0
106,Daegu,Daejeon,8.110974648396153,0.6600686888556843,Standard,1.0,20,0,150,1.105189690037656
107,Daegu,Daejeon,43.69624801884264,0.9253333952517955,Same-day,1.0,8,1,150,1.0
108,Seoul,Seoul,25.992565199460305,0.8374628122808551,Express,0.0,23,0,200,1.0
109,Daegu,Daejeon,13.678785471565584,0.37205046697150773,Standard,1.0,22,0,150,1.0
110,Busan,Daegu,2.2010917145888564,0.0815384818690302,Standard,1.0,15,0,100,1.0
111,Daejeon,Busan,46.90632061459963,0.8580615827319077,Same-day,1.0,1,1,250,1.1822630449345874
112,Daejeon,Seoul,38.38187064161857,0.0647773605220564,Express,0.0,9,0,200,2.091300548716263
113,Daegu,Seoul,30.92189212839522,0.7563702986117026,Same-day,1.0,22,0,200,1.7363232032714175
114,Seoul,Busan,23.166845289166815,0.8693333351786268,Standard,0.0,15,1,200,4.833635476839604
115,Incheon,Daejeon,9.438204047481719,0.33284306728816043,Standard,0.0,14,1,200,1.9209343703775774
116,Daegu,Busan,11.634444363476883,0.03319816205561909,Express,1.0,11,1,100,3.923919524210759
117,Busan,Incheon,39.463305979678466,0.7564247383196767,Same-day,0.0,3,0,430,4.229375272374695
118,Daegu,Seoul,44.4565312316311,0.05710338320672143,Same-day,1.0,14,0,200,2.962441038031934
119,Daejeon,Incheon,33.63390888056586,0.8912218536702109,Express,1.0,23,1,200,2.6130127920818245
120,Busan,Seoul,37.28846165351011,0.07231588775532913,Express,1.0,2,0,200,4.236211855479494
121,Seoul,Busan,9.33059125349643,0.8255816459549944,Standard,1.0,13,0,200,7.767661277732653
122,Seoul,Incheon,1.5019580246398827,0.4756408881758607,Standard,0.0,13,0,200,5.976240732765488
123,Seoul,Incheon,8.66747158968843,0.9335323039812189,Standard,1.0,8,0,200,5.340368528825577
124,Busan,Seoul,8.259824454833415,0.8203371743371589,Standard,1.0,1,0,200,1.0
125,Seoul,Daejeon,29.663398033886377,0.16190265986885702,Express,1.0,7,0,200,3.9474737036331655
126,Daegu,Seoul,23.07410846977012,0.5267483187646501,Express,0.0,2,0,200,3.2706307490022812
127,Daejeon,Daejeon,19.98211715967667,0.6808379651229393,Standard,0.0,4,0,200,2.9399885558158267
128,Daegu,Incheon,37.81439491680231,0.40290368811876476,Express,1.0,14,1,200,1.4026300991067517
129,Daejeon,Daegu,19.23056978863715,0.7944666915810361,Express,0.0,2,1,150,3.528578109831292
130,Daejeon,Busan,7.255784740634013,0.2639011506775105,Express,1.0,17,1,250,6.388903520640026
131,Incheon,Seoul,47.862521286669455,0.1741687770642021,Same-day,1.0,13,0,200,1.0681055991893071
132,Daejeon,Incheon,28.18035098707207,0.4042572684399176,Express,0.0,22,1,200,1.7066509234423837
133,Seoul,Daejeon,3.2675179387979947,0.6124462070936285,Standard,1.0,14,0,200,2.1660770000021996
134,Daejeon,Daegu,4.77190044340586,0.9489649766243521,Express,0.0,15,0,150,1.0
135,Seoul,Daegu,40.92258837169368,0.1534505088468943,Express,1.0,8,0,200,2.4577684719566664
136,Seoul,Busan,7.751249855133635,0.6259633907336445,Standard,1.0,15,0,200,5.426094198762798
137,Incheon,Daejeon,18.20611251045221,0.1918314506052735,Same-day,1.0,5,1,200,2.349214180037248
138,Seoul,Incheon,27.96139012857961,0.2700785463488212,Express,1.0,10,0,200,1.0
139,Daegu,Daegu,25.22912943915534,0.5571341406261491,Standard,1.0,12,0,200,5.033441083831712
140,Seoul,Incheon,30.591307888068574,0.4014536054908083,Express,0.0,4,0,200,2.2513380319736416
141,Incheon,Daegu,46.844664837576104,0.5949957392653726,Standard,1.0,8,0,200,1.1776762826326341
142,Daejeon,Busan,4.8891741442608545,0.8926480331525383,Express,1.0,23,0,250,1.0
143,Daegu,Incheon,28.16795998312687,0.5652367218611575,Same-day,1.0,0,0,200,1.7187052595514647
144,Seoul,Seoul,27.037002734550224,0.13746883295610543,Same-day,1.0,13,0,200,4.604917226644875
145,Daejeon,Seoul,39.080686097538894,0.5138841161066637,Express,0.0,12,0,200,1.0
146,Incheon,Daejeon,15.925593450753103,0.34670867974572056,Express,1.0,12,0,200,3.382249222677017
147,Daejeon,Daejeon,0.9860177966323043,0.8604381555118727,Express,0.0,0,0,200,2.4686417176420097
148,Incheon,Daegu,6.107440031634229,0.5267975139116858,Standard,1.0,6,0,200,3.634410490288168
149,Incheon,Daejeon,42.818102839263375,0.2077584477818166,Same-day,1.0,14,1,200,2.437766591942653
150,Daegu,Busan,42.223051896137804,0.09229079673472566,Same-day,0.0,21,1,100,1.0
151,Incheon,Busan,42.529304235056564,0.7237981882691735,Express,0.0,0,0,430,7.2442849648246845
152,Daejeon,Daegu,14.948384995054528,0.3803242373076099,Same-day,1.0,16,0,150,2.73293982147433
153,Incheon,Seoul,42.176230356192754,0.9038322572827064,Express,1.0,16,0,200,4.578343169295492
154,Daegu,Daegu,15.090249119214908,0.5154759904280333,Express,0.0,13,0,200,4.071548124308094
155,Daegu,Seoul,19.02157893427836,0.6647876684449094,Express,0.0,17,1,200,1.0764819918633057
156,Incheon,Seoul,6.592068242647993,0.15561769286606483,Same-day,0.0,8,1,200,1.0
157,Busan,Seoul,13.455486885197585,0.9623730466117016,Standard,0.0,23,1,200,2.0943505985861
158,Daegu,Seoul,22.894946811339498,0.7340901192600152,Standard,1.0,20,1,200,3.1623493378342804
159,Busan,Daegu,31.457436658464214,0.5122997876421483,Standard,1.0,16,1,100,1.1739479185359845
160,Seoul,Incheon,43.300952725839636,0.05955965782603348,Standard,0.0,19,0,200,5.438131470501549
161,Incheon,Daejeon,45.37269363896498,0.8333118146477747,Express,1.0,20,1,200,2.565508502656741
162,Daegu,Daejeon,11.319016944167462,0.11493560437331168,Standard,1.0,20,1,150,1.0
163,Incheon,Seoul,31.2185264764169,0.09472706647861714,Standard,1.0,9,0,200,4.644108009532006
164,Seoul,Busan,37.79200547596103,0.623852011646639,Same-day,0.0,19,0,200,1.0
165,Daegu,Daegu,38.04252725026416,0.6073706300895201,Express,0.0,5,0,200,4.406767100676117
166,Busan,Daegu,18.81583709778464,0.8087612122061173,Standard,1.0,1,0,100,3.010139223535244
167,Busan,Daegu,10.882381484361295,0.625608362732508,Standard,0.0,18,0,100,1.0
168,Busan,Daejeon,40.22406249741623,0.8659925436259952,Standard,0.0,10,0,250,5.463993755661555
169,Daegu,Incheon,43.96112936945216,0.29633647646005756,Standard,0.0,12,1,200,7.096266109495833
170,Incheon,Daegu,33.881200451141595,0.3488369567620594,Standard,0.0,9,1,200,1.0
171,Seoul,Daejeon,7.818399328861357,0.445152175040213,Same-day,0.0,9,1,200,2.570053024721408
172,Daegu,Busan,4.243485326958883,0.6074952076505451,Standard,1.0,6,0,100,1.0
173,Busan,Seoul,36.995179742553105,0.050181832223897,Standard,0.0,2,1,200,1.4945351102361664
174,Daegu,Incheon,16.93839646753592,0.1153363936721985,Same-day,1.0,3,0,200,1.1294912495325213
175,Seoul,Busan,17.189541557078126,0.3944364167938245,Standard,1.0,22,0,200,3.6663299693424314
176,Incheon,Busan,18.059555844063095,0.44188647332171976,Standard,1.0,0,0,430,8.622770927684336
177,Incheon,Daejeon,,0.6129212495154901,Same-day,1.0,12,1,200,1.2364711328184594
178,Seoul,Busan,5.279572805015626,0.9005210273083768,Express,1.0,19,1,200,1.0
179,Seoul,Daejeon,20.558591622374408,0.040074764992051766,Express,0.0,23,0,200,4.247723951253677
180,Seoul,Busan,31.45324738479085,0.16952053358995134,Same-day,0.0,8,0,200,1.0
181,Daegu,Seoul,7.41616295387962,0.6796046599123258,Same-day,1.0,6,1,200,5.149297806734992
182,Daejeon,Daegu,36.187631806037906,0.8859289856287995,Same-day,1.0,8,0,150,2.1613489086928688
183,Daegu,Incheon,25.408710847683004,0.020705554460904316,Express,0.0,20,0,200,4.532943325975166
184,Incheon,Daejeon,13.354288598669092,0.10354320727890216,Express,1.0,9,0,200,3.0428021334848165
185,Daejeon,Busan,29.068781812888794,0.5480636543455024,Standard,0.0,16,0,250,8.773586315409872
186,Incheon,Seoul,11.243507657284356,0.4949521698598527,Express,0.0,18,0,200,4.206191919259563
187,Seoul,Incheon,7.731792490198513,0.7541962230476055,Same-day,1.0,10,0,200,3.9623909122598944
188,Busan,Daegu,37.83751008475201,0.6388088500934384,Same-day,0.0,17,1,100,2.0388817446312224
189,Busan,Daegu,22.12789364747094,0.7853939668897717,Standard,1.0,23,1,100,2.3839255605457033
190,Daejeon,Incheon,33.49707381537088,0.16572352122766423,Standard,0.0,5,0,200,3.80179077903416
191,Busan,Seoul,18.82375543017134,0.6315585847797792,Same-day,0.0,11,0,200,1.906729665950551
192,Daegu,Seoul,47.54414020700792,0.48725580164931603,Express,0.0,10,0,200,2.4224825135164534
193,Daegu,Incheon,9.611891711174522,0.333777083081012,Standard,0.0,6,1,200,5.9032065234823925
194,Seoul,Seoul,16.147529892664963,0.12095560282187975,Standard,1.0,23,0,200,4.5621666390652305
195,Busan,Busan,43.79943806577149,0.6533976203108732,Express,1.0,13,0,200,4.25857598853841
196,Seoul,Daegu,,0.1742274826786788,Express,1.0,3,1,200,3.7817784720896466
197,Daegu,Incheon,14.51463685619421,0.9634032350426943,Same-day,1.0,18,0,200,1.0
198,Seoul,Seoul,40.224216245540056,0.32003663727532883,Express,0.0,13,0,200,1.31035600589541
199,Daegu,Seoul,36.41383255414094,0.08438066665267108,Same-day,1.0,6,0,200,3.2255236973149106
200,Daejeon,Busan,40.47062956520814,0.23565382146772004,Standard,0.0,23,0,250,6.404531580626704
201,Seoul,Daegu,3.640787046182623,0.12896180126979304,Same-day,1.0,4,0,200,1.0
202,Daegu,Seoul,21.424821135926933,0.3531318776105536,Standard,0.0,22,1,200,1.0
203,Seoul,Seoul,13.486669128421218,0.8469711909650247,Same-day,0.0,21,0,200,2.6463444361902084
204,Incheon,Daegu,43.94749129589275,0.06789670420654628,Express,1.0,11,0,200,5.162303699090283
205,Daegu,Seoul,0.9266608494963982,0.5836742697795493,Same-day,1.0,2,0,200,1.0
206,Busan,Busan,22.510062652160034,0.030460326828282175,Express,0.0,15,1,200,3.5328625299337686
207,Busan,Daejeon,11.182954111547044,0.7553083648972041,Express,1.0,5,0,250,5.770302295088394
208,Incheon,Incheon,15.921467864506978,0.3717352063918954,Standard,1.0,4,0,200,2.6417669262764445
209,Daejeon,Seoul,48.58607697252391,0.3418689103864296,Express,1.0,16,1,200,1.0
210,Daegu,Incheon,47.71541044661571,0.9939694665788864,Same-day,1.0,23,1,200,3.9476156679586847
211,Daejeon,Daejeon,43.08165748371313,0.2649501195378478,Same-day,1.0,14,1,200,1.0
212,Daegu,Incheon,,0.8391930399140641,Express,0.0,12,0,200,3.0045568175176838
213,Daejeon,Incheon,49.70191329163958,0.5321395793954258,Same-day,0.0,4,0,200,2.4385436779637626
214,Daegu,Daegu,41.41397394277039,0.012967876030627433,Same-day,0.0,5,1,200,1.0
215,Busan,Daegu,2.816712583875405,0.36890053633133,Standard,1.0,10,1,100,6.3125853357443775
216,Daegu,Daejeon,6.063802499796922,0.6242949830378012,Same-day,0.0,19,0,150,1.231020689033982
217,Daejeon,Daejeon,20.031649318756237,0.11338776820444547,Same-day,0.0,22,0,200,2.3800164064480924
218,Seoul,Daejeon,5.051125944065983,0.14348123417637093,Express,0.0,9,1,200,1.9202669173654316
219,Seoul,Seoul,,0.8021011458138666,Same-day,0.0,8,0,200,2.061498232587179
220,Daejeon,Incheon,41.63082553181531,0.22350861877914383,Standard,0.0,2,0,200,4.863591071123377
221,Daejeon,Daegu,32.84144237621818,0.8468323302056671,Express,0.0,1,0,150,1.5325803543113963
222,Seoul,Daegu,28.499024526349714,0.6979299596821884,Same-day,0.0,16,0,200,1.0
223,Daejeon,Seoul,28.494372981729004,0.0993270576684654,Same-day,1.0,3,0,200,1.0
224,Busan,Seoul,16.66268742937352,0.0460189494671659,Standard,0.0,11,1,200,2.565268641494355
225,Busan,Seoul,41.71515442945325,0.37145585551255067,Standard,1.0,19,0,200,7.358660871019932
226,Seoul,Busan,40.31658524447866,0.796348311546864,Standard,0.0,18,1,200,1.0
227,Daegu,Seoul,16.404607465792505,0.7216152536789339,Standard,1.0,0,0,200,7.248297957486061
228,Daegu,Daejeon,41.88853313972931,0.29039675886006033,Express,1.0,21,1,150,5.694749519381876
229,Incheon,Incheon,32.840776925529504,0.9155540137168394,Express,1.0,5,0,200,2.6021533870915188
230,Daegu,Daejeon,26.499704672472244,0.38950287433775355,Express,1.0,11,0,150,5.0553606190496065
231,Daegu,Busan,39.698404791259655,0.2294996652726317,Same-day,1.0,11,0,100,1.0
232,Daegu,Busan,40.90943437991858,0.36553928121292206,Standard,,9,0,100,1.2317908858121198
233,Daejeon,Seoul,37.997252860369954,0.5783050375360776,Standard,1.0,19,1,200,2.6404079237985503
234,Busan,Daejeon,21.926264310034494,0.21792588300749943,Standard,1.0,2,0,250,4.279701381463226
235,Seoul,Incheon,46.5135819029188,0.01178168395865491,Express,0.0,12,0,200,3.7444169610257334
236,Busan,Daegu,16.660301935404554,0.1543053787569842,Standard,0.0,12,1,100,1.9082074545246408
237,Daejeon,Daegu,10.920593630419496,0.6642007980904474,Express,0.0,1,1,150,1.0806067045678402
238,Incheon,Busan,43.79191770838372,0.5740845711107829,Same-day,1.0,21,0,430,1.0
239,Incheon,Busan,26.328657242583937,0.4975298288904241,Standard,0.0,22,1,430,5.671930719033961
240,Daegu,Seoul,4.8046209609177275,0.19447591973985714,Same-day,1.0,4,0,200,1.0
241,Busan,Busan,15.61925126120446,0.6547442663863633,Express,0.0,1,0,200,1.2046501486367893
242,Incheon,Daegu,26.046338774387692,0.5345201238435555,Same-day,1.0,2,0,200,8.262761386902541
243,Incheon,Incheon,47.478626927175625,0.08594547006899021,Express,0.0,16,0,200,4.926669795906582
244,Seoul,Incheon,2.885833158892363,0.2565012136380355,Express,1.0,12,0,200,5.4130302078934305
245,Seoul,Busan,22.222677548738694,0.1087827814363328,Same-day,1.0,22,0,200,1.4731860424182213
246,Seoul,Daegu,43.603309863283556,0.8491514604091135,Standard,0.0,1,1,200,1.8896994487977503
247,Daegu,Seoul,5.384293088276265,0.6173449832415032,Standard,0.0,6,1,200,1.0
248,Busan,Daejeon,44.745101877545906,0.6769886604147258,Standard,1.0,16,1,250,5.938208695745535
249,Seoul,Busan,26.757879301101635,0.7160992303758903,Standard,1.0,4,0,200,3.74469951786773
250,Seoul,Seoul,26.483404894978026,0.7507900674288567,Standard,0.0,5,1,200,3.689262463283412
251,Daegu,Seoul,3.815797968238364,0.23799605917544717,Express,1.0,1,0,200,1.1112936545487904
252,Daejeon,Busan,44.55248250288569,0.9795014981510942,Same-day,0.0,10,0,250,1.0969422668180657
253,Daejeon,Daegu,12.744939805691113,0.9594673810014746,Same-day,1.0,20,0,150,1.0
254,Daejeon,Daejeon,28.45591625670577,0.6999151183378293,Express,1.0,15,0,200,1.0867751982606615
255,Daegu,Daegu,44.732457907177334,0.9081162078524754,Same-day,1.0,2,1,200,1.0
256,Seoul,Daegu,49.21197156784623,0.5960388007017137,Express,,12,1,200,4.83428562343501
257,Daegu,Busan,10.628519731817041,0.6160278936456745,Standard,1.0,20,0,100,1.0340394697122268
258,Daejeon,Daegu,33.40965024753452,0.7747072248686014,Same-day,0.0,11,0,150,3.5642722922265366
259,Seoul,Daegu,16.69522068921809,0.21005950401588905,Standard,0.0,19,0,200,3.827943517332069
260,Busan,Busan,14.269169888511389,0.8242070951179861,Same-day,0.0,8,0,200,1.0
261,Busan,Busan,23.254859379921577,0.8131911244152588,Standard,0.0,23,0,200,3.349336067221508
262,Busan,Daejeon,33.05861496173498,0.13859294893965163,Same-day,1.0,1,0,250,3.103809323476523
263,Busan,Incheon,45.63480329179103,0.31325392924099216,Standard,1.0,2,0,430,9.802569385096133
264,Daegu,Busan,17.578097422377134,0.9758681873843916,Express,0.0,6,1,100,1.0
265,Seoul,Incheon,25.307881035259413,0.2855853607627112,Standard,1.0,23,0,200,7.30428919784471
266,Seoul,Daegu,5.510976562724465,0.7796583111831608,Standard,1.0,12,1,200,5.288622661349361
267,Incheon,Busan,22.278575069446386,0.35345111133168977,Same-day,1.0,12,0,430,5.779691560140191
268,Daegu,Seoul,38.26795929655761,0.9500011982397376,Same-day,0.0,14,0,200,1.9412807191685677
269,Daejeon,Daejeon,4.805202777309978,0.030922478741277154,Same-day,0.0,14,1,200,4.019574439014864
270,Daejeon,Incheon,49.143222644197046,0.7535398539731459,Same-day,0.0,11,0,200,1.0
271,Daegu,Busan,42.372197288990975,0.49761591370725367,Same-day,0.0,23,0,100,2.246621052278151
272,Incheon,Seoul,17.969583730301146,0.8053075947433747,Express,1.0,10,0,200,1.2546653017047418
273,Seoul,Incheon,46.23941674858799,0.01652852703272559,Same-day,0.0,0,0,200,4.329319768621437
274,Daejeon,Daejeon,37.98917096674061,0.20021986083306734,Express,1.0,16,0,200,1.0
275,Daegu,Incheon,25.622579776198936,0.762486672491077,Express,0.0,16,0,200,5.97936414642154
276,Daegu,Daejeon,46.21935789822954,0.6488216580470664,Same-day,0.0,22,1,150,1.0
277,Daejeon,Daegu,11.775951924621452,0.3867604579043429,Standard,0.0,3,1,150,1.0
278,Seoul,Daegu,11.456318315456805,0.7486851774613646,Same-day,1.0,11,1,200,1.0
279,Daejeon,Incheon,2.1389874065406826,0.2630043824823262,Express,0.0,16,0,200,2.9615131047211833
280,Busan,Daejeon,2.4725853034995895,0.9585233882888763,Same-day,0.0,18,1,250,2.349862357204141
281,Incheon,Incheon,27.64411021802945,0.9586364304428755,Same-day,0.0,20,0,200,2.4825232912967246
282,Daegu,Seoul,21.473068434211317,0.5146756831705926,Same-day,1.0,18,0,200,1.0
283,Seoul,Daejeon,46.810248888323386,0.8465425753431172,Standard,0.0,6,0,200,3.8078850549176266
284,Daejeon,Busan,,0.5066745199535635,Same-day,1.0,14,0,250,1.0
285,Daejeon,Incheon,32.57585184569922,0.03754800512770133,Express,0.0,8,0,200,2.518002222758747
286,Busan,Daegu,16.260657259187624,0.03200924405237363,Standard,1.0,11,0,100,2.713049799769271
287,Daegu,Daegu,40.535501334133585,0.75764042284187,Same-day,1.0,17,0,200,1.0724725010924914
288,Daejeon,Daegu,44.707905375432155,0.10430484219238002,Same-day,0.0,20,1,150,1.3918763536755967
289,Daejeon,Busan,26.109620429354223,0.9602287849508575,Same-day,0.0,16,1,250,1.0
290,Seoul,Seoul,33.827312729010174,0.4041595254176562,Same-day,0.0,18,0,200,3.366269763588485
291,Busan,Daejeon,44.35314681575596,0.42258103074024056,Standard,0.0,17,1,250,6.2669552222144675
292,Incheon,Incheon,21.11292264532839,0.20341972604577843,Same-day,0.0,0,0,200,1.8161713908340171
293,Seoul,Busan,25.594336086251232,0.7164858886244293,Standard,1.0,13,1,200,2.3747758661735956
294,Incheon,Daegu,6.282650221470212,0.8694343288982893,Standard,0.0,0,0,200,2.5255626091777867
295,Daejeon,Incheon,46.73407736562385,0.32274192512965605,Same-day,1.0,6,0,200,1.0
296,Seoul,Busan,25.761920231722808,0.800489303591517,Same-day,0.0,16,0,200,3.5830528490314313
297,Busan,Daegu,17.738947678174878,0.8814833920237111,Same-day,1.0,9,0,100,1.0
298,Seoul,Busan,44.26093055201189,0.34809741598693283,Standard,1.0,15,0,200,1.3822340779785134
299,Incheon,Daejeon,41.308920741766556,0.16401445456623273,Standard,0.0,14,0,200,2.298875189209779
300,Incheon,Busan,11.639125870194736,0.8265671695022523,Express,0.0,12,0,430,7.242261730667458
301,Daejeon,Seoul,46.16891446618205,0.19826266887995697,Standard,0.0,17,0,200,4.60651218529603
302,Seoul,Daejeon,26.571088320538234,0.3898074520832927,Standard,1.0,3,0,200,5.371309622419545
303,Daejeon,Busan,24.234005954270344,0.3996258534062854,Express,0.0,17,0,250,1.843051040699982
304,Incheon,Busan,25.914917327559433,0.6176447683729173,Express,1.0,15,0,430,5.729177474266457
305,Daejeon,Seoul,3.258149278461375,0.6353403367280988,Same-day,1.0,22,0,200,2.9988882738100564
306,Incheon,Daegu,29.07404971801333,0.33599715805637675,Express,1.0,16,1,200,1.2138361522993455
307,Daejeon,Daegu,3.9218871139107745,0.5643428139244767,Same-day,0.0,5,0,150,4.317513587162189
308,Daegu,Daejeon,7.903289870091257,0.5778384331913036,Same-day,1.0,20,0,150,2.576863907049978
309,Incheon,Daegu,46.55388680239256,0.11222763058850181,Standard,1.0,7,0,200,3.3889985350925755
310,Incheon,Daegu,46.5585759149425,0.11362339290735612,Same-day,0.0,12,1,200,4.363332672696894
311,Incheon,Busan,4.249939163561403,0.847184638552308,Express,1.0,9,0,430,4.83364335755478
312,Busan,Incheon,30.645380035619958,0.787959511796685,Same-day,0.0,11,0,430,1.0
313,Daegu,Seoul,1.9453295500094534,0.8784155445975279,Same-day,0.0,2,0,200,1.3633951618875542
314,Daegu,Seoul,49.97155904672876,0.07840138308492638,Express,1.0,2,0,200,1.693049206075317
315,Incheon,Daejeon,40.4943882776536,0.258186326344991,Express,,17,0,200,2.904996760716841
316,Seoul,Daegu,7.4241467671151,0.8319685210072342,Standard,0.0,2,0,200,6.272831511750464
317,Seoul,Daejeon,11.273443044836515,0.9420918988903949,Express,1.0,0,0,200,2.5173483929714977
318,Busan,Incheon,2.536490532519052,0.2938692654510161,Express,0.0,16,0,430,4.631421794312416
319,Busan,Daegu,36.33010437214165,0.805548895698835,Express,1.0,18,0,100,1.391105656380035
320,Busan,Incheon,16.033386088205923,0.5622981789545458,Standard,0.0,16,0,430,10.425716718785154
321,Busan,Daegu,6.460425466504884,0.5363638343736338,Express,1.0,9,0,100,1.0
322,Seoul,Incheon,34.38620306947999,0.43804059641553267,Standard,0.0,14,0,200,1.0
323,Daegu,Daejeon,29.846449165974278,0.18806861659716445,Express,1.0,12,0,150,1.0
324,Daejeon,Daejeon,46.28697423671381,0.7035593582633181,Standard,1.0,5,1,200,3.020814706136313
325,Daegu,Seoul,17.902637820627717,0.8109269931341081,Same-day,0.0,7,0,200,1.126917955103091
326,Daejeon,Daejeon,36.83819692393542,0.87879987890227,Same-day,0.0,11,1,200,1.0
327,Daejeon,Busan,5.259892575536489,0.057342305557380506,Same-day,1.0,9,0,250,1.0
328,Incheon,Busan,42.90158632422759,0.501941219638606,Standard,1.0,9,0,430,6.538045131957266
329,Busan,Incheon,35.77540363716676,0.5618120098946414,Express,1.0,3,0,430,3.9066020522099847
330,Daejeon,Daegu,6.255950755540172,0.4278947598867522,Same-day,1.0,16,0,150,3.3791117215111717
331,Daejeon,Daejeon,37.040356263207485,0.812763708980854,Standard,1.0,14,1,200,3.0288407539734834
332,Daegu,Daejeon,2.228564696443933,0.5537808315062097,Express,1.0,9,0,150,1.0
333,Seoul,Daejeon,46.67553352072548,0.2814860807714593,Same-day,1.0,6,1,200,1.0
334,Daejeon,Incheon,38.43819999845838,0.7491785759889653,Express,1.0,7,0,200,4.696319444035995
335,Daegu,Daejeon,29.806921536553194,0.10410197125819239,Same-day,1.0,17,1,150,1.0
336,Daegu,Seoul,,0.4965989798516066,Express,1.0,15,0,200,2.5104183804221694
337,Daejeon,Seoul,1.5224965719391708,0.8001238207662721,Express,1.0,10,0,200,3.1164531468378596
338,Seoul,Busan,12.248114162486612,0.603972269688659,Same-day,1.0,1,0,200,1.0
339,Incheon,Daejeon,29.202802964217874,0.4304053599024176,Express,0.0,6,1,200,1.0
340,Incheon,Daejeon,18.022905468342195,0.49594315628382835,Express,1.0,10,0,200,1.9430900938445947
341,Busan,Daegu,1.093287340495277,0.07771347253055841,Express,0.0,18,1,100,1.0
342,Incheon,Seoul,39.37186968361759,0.7791369265937684,Same-day,1.0,11,0,200,1.2775445521540423
343,Daegu,Busan,10.245505700752593,0.6056532196083709,Express,0.0,17,1,100,5.754327007986718
344,Daejeon,Incheon,49.23394937497919,0.9453419185820385,Standard,1.0,15,1,200,2.7067640551651744
345,Seoul,Busan,13.369277850394065,0.7674661810083401,Express,1.0,12,0,200,5.938465096790683
346,Daejeon,Incheon,9.208655737763925,0.7883791509909802,Standard,1.0,4,0,200,1.8668223924567338
347,Daejeon,Busan,9.547481266994994,0.2158011358488799,Express,1.0,8,0,250,1.992327692680921
348,Busan,Incheon,30.537425093252704,0.378415022656748,Standard,0.0,10,0,430,6.526407166174891
349,Busan,Daegu,29.728997616525383,0.05094755552053097,Standard,0.0,15,1,100,1.0
350,Incheon,Daejeon,18.861338557271218,0.8579925090788723,Standard,1.0,6,0,200,6.492457083606089
351,Incheon,Daejeon,17.540196677462674,0.3158437567569441,Standard,0.0,5,0,200,3.9660772567517113
352,Daegu,Daejeon,3.5831255906294985,0.5634116800055405,Express,1.0,17,0,150,1.0
353,Daejeon,Incheon,42.54210088309142,0.3552763331461285,Standard,0.0,1,0,200,2.279380024819305
354,Daegu,Incheon,8.670957439305056,0.7623587718901078,Same-day,1.0,6,1,200,1.0
355,Daegu,Seoul,49.85093456488912,0.42864116848829986,Express,1.0,22,0,200,2.3262364076432522
356,Incheon,Daejeon,16.216128150778637,0.37482709688639965,Express,1.0,13,0,200,2.422271299765932
357,Seoul,Daegu,38.13228925378541,0.5863270632718212,Same-day,1.0,13,0,200,1.0
358,Incheon,Daegu,13.788542873712489,0.47411636846553235,Standard,1.0,15,0,200,6.434047025383116
359,Daejeon,Daejeon,0.5272279574978536,0.7950251066378939,Express,0.0,9,1,200,1.0
360,Seoul,Daejeon,18.310290044618796,0.25668961628863296,Same-day,0.0,4,1,200,1.7993164813872313
361,Daejeon,Seoul,8.489065257192333,0.9111572628281306,Express,0.0,4,1,200,1.0382209292966211
362,Incheon,Incheon,1.0725822732650094,0.1422449045038512,Same-day,0.0,7,1,200,3.4834943915919556
363,Daegu,Busan,28.244384401533388,0.0813276711113416,Same-day,0.0,2,0,100,1.0
364,Busan,Incheon,16.793393344982064,0.7219492767484176,Same-day,0.0,0,0,430,1.6427211492185692
365,Seoul,Seoul,1.5904394477680404,0.3166858577925233,Same-day,0.0,5,0,200,5.2463927108483785
366,Seoul,Seoul,29.50347554009553,0.7353655549055544,Standard,0.0,18,0,200,2.8728291768885033
367,Seoul,Busan,39.73783786502684,0.44781142719552036,Standard,1.0,7,0,200,1.1135237450740005
368,Busan,Daejeon,40.981079508336116,0.3201051246173483,Same-day,1.0,15,0,250,2.1509599110795725
369,Incheon,Incheon,25.00134279036248,0.84072791983743,Express,1.0,13,1,200,5.498897075909395
370,Seoul,Busan,24.582730869560415,0.8721338015330125,Same-day,0.0,9,0,200,2.1435175531305934
371,Daejeon,Daejeon,27.21413169365325,0.16801641880766943,Express,1.0,2,1,200,3.1897982404487237
372,Daegu,Busan,2.3219980036843353,0.1308395570636699,Standard,1.0,13,1,100,1.0
373,Busan,Busan,,0.683734905632973,Standard,0.0,4,0,200,5.032431662969289
374,Seoul,Busan,19.435288782610797,0.8424420821082189,Standard,1.0,0,0,200,2.7413760131006306
375,Daejeon,Seoul,32.13004269282388,0.7991734324884715,Express,1.0,12,0,200,1.0739163992353224
376,Daegu,Daegu,33.649327748815175,0.5797414682373999,Same-day,0.0,15,0,200,1.0
377,Busan,Busan,48.50042925433984,0.8947285243756743,Express,0.0,22,0,200,1.7035603462429212
378,Seoul,Incheon,36.37052945902765,0.8771707923726463,Same-day,1.0,2,0,200,1.0
379,Busan,Incheon,28.44913941297904,0.2812407828122615,Standard,1.0,10,1,430,7.11665218658054
380,Daejeon,Daejeon,11.450449879723,0.6089084664496413,Same-day,0.0,22,0,200,1.0
381,Incheon,Daejeon,43.5432611332284,0.1359434325199573,Express,0.0,7,0,200,5.002209108752025
382,Daegu,Daegu,14.039330698022486,0.2734928125936886,Standard,0.0,7,0,200,1.0
383,Daejeon,Incheon,14.502587687215708,0.8207806592237339,Same-day,0.0,19,1,200,1.3131279852014992
384,Daegu,Busan,19.09495495653319,0.96830837967144,Same-day,0.0,7,0,100,1.5078288106342779
385,Seoul,Busan,26.805209956373425,0.05132645458806985,Express,0.0,1,0,200,1.0970855029986863
386,Seoul,Incheon,25.034857950302804,0.6334689406112912,Standard,1.0,6,0,200,2.569737950720536
387,Daejeon,Daegu,29.364366757147575,0.3764680798032173,Standard,0.0,3,0,150,5.8386319935987645
388,Seoul,Daejeon,36.291728928002414,0.733426059842863,Same-day,1.0,9,1,200,1.0
389,Incheon,Busan,4.215217145250742,0.38886377053351984,Same-day,0.0,21,0,430,6.229154185465198
390,Daegu,Seoul,21.965143194443133,0.7006366070750941,Same-day,0.0,5,0,200,2.275761025179105
391,Incheon,Daegu,15.437676971263931,0.852589794703583,Standard,0.0,0,0,200,7.444729050236201
392,Busan,Busan,1.8523952741427423,0.44637479448287914,Standard,1.0,6,0,200,5.346885351769063
393,Daejeon,Incheon,20.27049627254116,0.4798054954921962,Same-day,0.0,21,0,200,1.0
394,Seoul,Incheon,,0.7655165622762706,Express,0.0,17,0,200,3.864591247269405
395,Daejeon,Busan,40.60558695347469,0.6897255503743113,Same-day,1.0,20,0,250,1.0
396,Daegu,Daegu,,0.8401245534941295,Standard,0.0,3,0,200,4.131563822021614
397,Daegu,Seoul,4.088527569214758,0.971561158286989,Same-day,1.0,14,1,200,3.1076151849221705
398,Daegu,Incheon,33.16246816572374,0.6219540690814613,Standard,1.0,8,0,200,4.333380475389197
399,Seoul,Incheon,43.22384289029297,0.28818884143545914,Standard,0.0,8,0,200,3.8716739689925728
400,Daejeon,Daegu,20.955194418192658,0.5858245788737613,Same-day,1.0,4,0,150,1.669254280431519
401,Seoul,Seoul,47.92327597062786,0.4535547652319219,Express,1.0,9,0,200,7.144799436651905
402,Incheon,Busan,45.406379831020296,0.2523807412940998,Standard,0.0,19,0,430,10.853715255301633
403,Daejeon,Incheon,14.40947749340717,0.25535496436591354,Express,1.0,17,0,200,1.0
404,Daegu,Daejeon,47.2647144149592,0.3344289879113372,Express,0.0,17,0,150,4.712395068944197
405,Daejeon,Daegu,36.09236376326506,0.8706510602385994,Express,1.0,7,0,150,1.9648132062575254
406,Seoul,Seoul,39.57372734723774,0.5750637192656348,Same-day,1.0,5,0,200,1.6829949387251406
407,Daejeon,Incheon,34.278792766196304,0.4872442994993705,Same-day,0.0,2,0,200,1.8194163636458323
408,Busan,Daegu,3.792808926703712,0.33644237985165726,Express,1.0,18,1,100,3.359658997762125
409,Busan,Daejeon,48.901083657422824,0.9637959214050992,Express,1.0,20,1,250,1.0
410,Daejeon,Seoul,15.124202453173863,0.8367884083962494,Express,1.0,18,1,200,2.1262751961241113
411,Daejeon,Busan,8.767232421246728,0.835583196609928,Same-day,1.0,2,1,250,2.8291071814381143
412,Daejeon,Daejeon,43.63034038864642,0.3383134546417245,Same-day,0.0,5,1,200,2.8345550284010184
413,Seoul,Incheon,33.1570725142301,0.4730171165916942,Same-day,1.0,11,0,200,5.358263967114931
414,Busan,Daejeon,17.095316513621658,0.9001247424683873,Same-day,1.0,22,0,250,2.1524043223657534
415,Daejeon,Daegu,23.641635795088856,0.7061197945491396,Same-day,0.0,20,0,150,1.0
416,Seoul,Busan,46.865068972653944,0.4550920060923668,Same-day,1.0,21,0,200,1.0
417,Daejeon,Daegu,29.455518117108074,0.7636380624072647,Same-day,0.0,20,1,150,1.0
418,Daegu,Daejeon,19.128626440302966,0.15581576823914686,Same-day,1.0,4,1,150,1.0
419,Incheon,Incheon,49.059706626709605,0.031419939609137505,Same-day,0.0,2,0,200,1.5701317961282482
420,Daegu,Daejeon,2.7856480453021906,0.8344191641307496,Standard,0.0,12,0,150,1.4794172108674428
421,Busan,Seoul,21.333873124950102,0.19945220667821043,Express,1.0,16,0,200,1.0
422,Daegu,Seoul,11.41746323068189,0.765767375306471,Same-day,0.0,9,0,200,1.0
423,Incheon,Seoul,16.30856924022442,0.41335272097505926,Express,1.0,12,0,200,1.701032988319133
424,Daejeon,Busan,2.691479632828075,0.8311900893388054,Standard,0.0,16,0,250,1.0
425,Seoul,Busan,26.6582740190551,0.652549112046885,Same-day,0.0,13,1,200,1.0
426,Daejeon,Incheon,2.511938990808857,0.02757370747016491,Express,0.0,8,0,200,2.188786114902751
427,Daegu,Daejeon,20.32876492642758,0.3559291698719453,Same-day,0.0,16,0,150,1.0
428,Seoul,Busan,43.12672724729532,0.9549323461741767,Express,0.0,15,1,200,1.2467118644936697
429,Seoul,Seoul,44.164524884261844,0.42439062218608264,Standard,0.0,23,1,200,7.578517115612785
430,Incheon,Daegu,40.423895707188876,0.45543767647493466,Standard,0.0,5,0,200,2.5525691783586666
431,Daejeon,Busan,36.14273696230676,0.6174179261913462,Express,0.0,8,1,250,2.5113247343146408
432,Busan,Seoul,44.09329611238759,0.5257528698936885,Standard,0.0,9,1,200,6.536831135221382
433,Busan,Incheon,4.804863375325119,0.3949701578624102,Standard,0.0,1,1,430,7.412472777864024
434,Daegu,Seoul,32.47553992681153,0.37051608016966053,Standard,0.0,3,0,200,3.3969240805464813
435,Busan,Daegu,16.009489628804232,0.8320715022861283,Express,1.0,13,0,100,1.0
436,Daejeon,Daejeon,2.7037747988203167,0.08552429290024943,Same-day,1.0,14,0,200,1.0
437,Busan,Busan,8.75090377151,0.19058937146276225,Same-day,0.0,23,0,200,2.185663571155482
438,Seoul,Daegu,4.421572951940258,0.8216962993953789,Standard,1.0,9,0,200,7.2282116768125295
439,Daegu,Daegu,7.901495645018606,0.8274326892773782,Same-day,1.0,3,0,200,1.0
440,Daejeon,Incheon,39.44341373058384,0.18314418251530337,Express,0.0,22,0,200,1.0
441,Incheon,Daegu,37.49888311387306,0.8020316325404431,Standard,0.0,5,0,200,3.970516759172672
442,Seoul,Daegu,2.5181853013780273,0.961269056161566,Express,0.0,9,0,200,2.436675337300902
443,Seoul,Busan,32.539187416692464,0.8820649193851352,Same-day,1.0,7,0,200,1.105496923165578
444,Incheon,Daejeon,14.691719484083405,0.3499502708595051,Same-day,1.0,19,0,200,2.57725847982066
445,Seoul,Seoul,33.323600589607054,0.811515672260403,Standard,0.0,13,0,200,6.9172072609153155
446,Busan,Busan,3.5986362404861767,0.026717299870561616,Standard,0.0,8,0,200,4.846184007625065
447,Seoul,Busan,34.165249627721565,0.4490499420698289,Standard,0.0,12,1,200,5.302939560898075
448,Incheon,Busan,31.082475132827756,0.2972267321920575,Standard,0.0,17,0,430,10.507340874646932
449,Seoul,Daegu,1.2519130380229182,0.5298847522685156,Same-day,1.0,7,0,200,4.24243708660497
450,Daegu,Seoul,23.99682712759468,0.3749661680264547,Standard,0.0,18,0,200,4.945827197350362
451,Seoul,Daegu,20.946863506089635,0.18475966283092018,Same-day,0.0,16,1,200,1.0
452,Daegu,Seoul,11.435658063133134,0.04784638435908397,Same-day,1.0,9,0,200,3.315300199817788
453,Seoul,Seoul,21.86598632744284,0.43249679846265143,Express,0.0,2,1,200,6.696970066074039
454,Incheon,Incheon,34.30704269249164,0.42592617110670455,Same-day,0.0,22,0,200,1.0
455,Seoul,Seoul,44.18397619408792,0.3006412245057975,Same-day,1.0,7,0,200,2.055273192190567
456,Busan,Busan,35.07865121805497,0.40727541321439126,Standard,0.0,6,1,200,5.136548840423183
457,Daejeon,Seoul,3.0488653350333434,0.14112768906974982,Standard,1.0,4,1,200,4.735312472963223
458,Busan,Daegu,36.729813632012906,0.36057433354373725,Express,0.0,6,1,100,2.465322264667329
459,Daejeon,Daegu,14.989167919288413,0.25118550639645365,Standard,1.0,16,0,150,1.1911209830758267
460,Daejeon,Busan,18.290647699574127,0.8490157740816434,Standard,1.0,20,0,250,6.829339356825888
461,Busan,Daegu,33.874655993199354,0.3082964899670516,Express,0.0,10,1,100,3.9605852979360145
462,Seoul,Daegu,8.38701859943183,0.03273459996465317,Standard,1.0,4,1,200,2.5680417905589055
463,Incheon,Daegu,4.719442495172915,0.9623522043635665,Standard,1.0,1,0,200,2.0554096175374306
464,Daegu,Daegu,12.935985076461249,0.27417262369791345,Standard,1.0,15,1,200,3.839448372410889
465,Seoul,Daegu,45.33854623979946,0.7885105473651491,Express,0.0,23,0,200,3.300468763849742
466,Busan,Daejeon,23.04540668419927,0.9723995355877398,Standard,0.0,11,1,250,4.957856857710505
467,Busan,Daejeon,32.51388956012028,0.492296805158702,Standard,0.0,17,0,250,5.104641312086418
468,Busan,Incheon,20.095170167214896,0.3870507742340413,Standard,0.0,23,0,430,8.02233968986991
469,Daegu,Daejeon,39.24094861946164,0.18294222137116645,Standard,1.0,2,1,150,3.759676705478161
470,Incheon,Daegu,25.087421758136202,0.23635858689000325,Standard,1.0,0,0,200,1.0
471,Incheon,Daejeon,,0.8617694450091329,Express,1.0,2,0,200,1.0712727203863768
472,Seoul,Seoul,4.971317641485731,0.0698338159330075,Express,1.0,18,0,200,2.1130501004179845
473,Daegu,Daejeon,20.697571984081335,0.18809666542263437,Same-day,1.0,23,0,150,2.0605610383056696
474,Seoul,Daejeon,39.55133260678964,0.19792464327336914,Same-day,1.0,5,0,200,3.4812192252240637
475,Daegu,Seoul,36.76494294614595,0.09522807925321981,Standard,0.0,17,0,200,6.590993856883748
476,Incheon,Daejeon,40.33261704850986,0.7414251367425895,Same-day,0.0,21,0,200,1.0
477,Incheon,Incheon,11.646117870908478,0.07231970825361084,Standard,1.0,22,0,200,1.0
478,Daejeon,Daejeon,48.30911606648381,0.8034386489734974,Same-day,0.0,4,0,200,1.0
479,Daejeon,Incheon,34.22338029327843,0.8798727055996913,Standard,0.0,3,0,200,1.528814032263468
480,Incheon,Seoul,36.89372363018968,0.3232055730515659,Express,1.0,3,0,200,1.0
481,Seoul,Seoul,2.127291066150387,0.236088920895472,Standard,0.0,23,1,200,2.1048312195647405
482,Seoul,Incheon,9.637890459640937,0.35036534692274096,Express,0.0,4,0,200,2.07730627002227
483,Seoul,Daegu,30.243359196440906,0.3053510564709247,Express,0.0,19,0,200,6.312608705303182
484,Busan,Busan,13.774567689630748,0.5284801015932036,Standard,0.0,23,0,200,1.0
485,Daejeon,Incheon,35.31829897987659,0.5191920047307917,Standard,1.0,19,0,200,4.089917166719776
486,Seoul,Busan,37.92917405038393,0.49195685403649175,Same-day,1.0,1,0,200,1.0
487,Incheon,Seoul,10.839640964569487,0.363918715378702,Express,1.0,15,0,200,1.0
488,Seoul,Seoul,18.364375268670646,0.5590466101850735,Standard,1.0,22,0,200,7.2887183751862885
489,Incheon,Daegu,46.08272794706102,0.1556282792928445,Standard,0.0,7,1,200,2.9075596958421013
490,Incheon,Seoul,46.2084709769216,0.6357455718337508,Express,1.0,19,1,200,2.3913389656044273
491,Daegu,Daejeon,49.5340633671289,0.7483583255117742,Express,0.0,21,0,150,3.5265671498076094
492,Seoul,Daejeon,44.86927952742087,0.10857767942318254,Standard,1.0,13,0,200,3.1007499361810327
493,Daegu,Daegu,2.772759413584785,0.17332963880648483,Standard,0.0,18,1,200,1.0
494,Incheon,Seoul,36.52222961138545,0.985197395123119,Same-day,0.0,18,1,200,3.9907547145414037
495,Incheon,Incheon,19.636577971956115,0.38204339804844956,Standard,1.0,6,0,200,2.496078123396262
496,Seoul,Busan,28.348442290837465,0.7819506257629439,Express,0.0,9,0,200,3.526306066745074
497,Daegu,Daegu,32.92553018000021,0.8499732016768732,Standard,0.0,10,0,200,3.145845120462874
498,Daegu,Incheon,28.748203837051193,0.5475686353314885,Same-day,1.0,2,0,200,1.2242482845504228
499,Incheon,Incheon,8.920344262221528,0.21699974936423078,Express,0.0,6,1,200,3.42373545059538
500,Busan,Daegu,5.941131391156055,0.043427421053944384,Standard,0.0,18,0,100,2.82235627161451
501,Incheon,Daejeon,10.793455656023449,0.7158717469335921,Same-day,1.0,2,0,200,1.9747271514341778
502,Daejeon,Daegu,14.508857110281198,0.554952171507011,Same-day,0.0,10,1,150,1.0
503,Seoul,Incheon,36.95850236404797,0.05998959686137825,Standard,0.0,0,1,200,1.6190957541780366
504,Daegu,Daejeon,19.193408480556755,0.7688651641572591,Standard,0.0,17,1,150,1.0
505,Seoul,Incheon,,0.38782662291163333,Same-day,,7,0,200,1.5454898300871123
506,Incheon,Incheon,14.05988140732143,0.9516190148395756,Express,1.0,1,1,200,3.0201027721981766
507,Daegu,Daegu,1.5967266243955331,0.2075299751086207,Same-day,0.0,7,1,200,1.0
508,Busan,Daejeon,42.107472982301346,0.6051400253799702,Express,1.0,16,1,250,3.1284245165436064
509,Daegu,Incheon,42.30828122924322,0.7389299145117828,Standard,1.0,5,0,200,3.1621315271517916
510,Incheon,Daegu,31.942506367236422,0.14080255489530882,Standard,0.0,5,0,200,7.64209396831725
511,Incheon,Daegu,36.39842297475898,0.2742592100215914,Express,1.0,15,1,200,1.0
512,Seoul,Incheon,39.205273234548734,0.2010997721240808,Same-day,0.0,20,0,200,1.0
513,Incheon,Daejeon,28.326648946518112,0.5952492426222081,Same-day,1.0,12,0,200,1.6452655869856496
514,Busan,Seoul,40.34402435653915,0.02201468719292584,Same-day,1.0,5,1,200,1.0
515,Seoul,Daejeon,16.997197203766603,0.41414525735326685,Express,0.0,4,1,200,1.0
516,Busan,Seoul,31.057061526828885,0.567025236148165,Express,0.0,5,1,200,1.0
517,Daejeon,Daegu,28.16855887856004,0.7576293673928166,Same-day,0.0,17,0,150,1.0
518,Seoul,Seoul,11.273401302870113,0.10359801609271899,Express,0.0,2,0,200,2.017479540095214
519,Daegu,Daegu,40.541766743671694,0.46193770546220636,Standard,0.0,20,0,200,1.0382920628720118
520,Daegu,Daegu,7.093223153920103,0.7129160509647655,Same-day,0.0,15,0,200,1.7421785445587825
521,Incheon,Seoul,15.80825846307131,0.4342650610422299,Express,0.0,10,0,200,3.038349730063465
522,Busan,Daejeon,26.212603487159292,0.1924249312549487,Express,1.0,13,0,250,6.61209119010451
523,Incheon,Incheon,27.965604798076054,0.2105501082995674,Express,1.0,17,0,200,3.285558894114744
524,Daejeon,Seoul,38.37680536141402,0.31640382594241157,Same-day,1.0,17,0,200,2.519137581449029
525,Seoul,Seoul,3.9996288766168617,0.3108524661160433,Same-day,0.0,2,0,200,2.4585737540022343
526,Busan,Busan,33.786860556329906,0.42162267227762223,Express,1.0,3,1,200,4.7722925291227405
527,Daegu,Daejeon,28.181349339340322,0.8784635325412273,Standard,1.0,15,0,150,1.0
528,Daejeon,Busan,14.303362778901388,0.4191687195419652,Express,1.0,19,0,250,3.200523366009927
529,Busan,Busan,49.90042358807132,0.7819735941889108,Same-day,0.0,0,0,200,1.0
530,Busan,Daegu,42.74162149114527,0.2038227869030292,Same-day,0.0,7,0,100,1.6914950130643738
531,Seoul,Busan,1.15067342386643,0.88444794496421,Express,1.0,21,1,200,1.6712221501503537
532,Daegu,Daejeon,37.42349653057213,0.6968164233744009,Express,0.0,20,1,150,5.525271600869225
533,Daejeon,Daegu,32.80298215009149,0.7033953788439714,Same-day,1.0,12,0,150,1.8956212408279973
534,Busan,Incheon,25.066669416219888,0.04857953229978297,Standard,1.0,2,1,430,10.107763866618559
535,Busan,Incheon,48.200495136450186,0.6686572140398498,Same-day,1.0,23,0,430,1.3443616251209334
536,Daejeon,Daejeon,25.099223367096624,0.03389716917609762,Same-day,0.0,21,0,200,1.0279186236734397
537,Incheon,Busan,16.276538116193425,0.5107942632329031,Express,1.0,8,1,430,4.816418150384477
538,Seoul,Incheon,19.105179421107735,0.36828373518243024,Standard,1.0,12,1,200,3.425919671765944
539,Incheon,Daegu,43.34822945581926,0.3000686852491636,Express,1.0,23,0,200,4.622321629249334
540,Busan,Busan,6.110980846356539,0.5714495846680159,Standard,1.0,2,0,200,4.4702788142704835
541,Daegu,Seoul,10.995299941519825,0.631576151348691,Express,0.0,1,0,200,1.0
542,Incheon,Daegu,10.302276854727745,0.9988612492906985,Express,0.0,9,0,200,1.0
543,Busan,Seoul,39.29574546323221,0.05650871952674958,Same-day,0.0,22,1,200,4.2644305754898495
544,Daejeon,Daejeon,8.787417683902184,0.08872138901822423,Express,1.0,10,1,200,1.0
545,Incheon,Busan,16.425526597178298,0.03649516641069881,Express,1.0,5,1,430,4.529924642372455
546,Seoul,Daegu,10.401416773885948,0.5076229904899633,Same-day,0.0,10,0,200,4.011282156948078
547,Daejeon,Incheon,15.792795980483325,0.03183733465619279,Same-day,1.0,7,0,200,1.0
548,Incheon,Daegu,33.7429469691884,0.43922149655136794,Express,0.0,0,0,200,1.7611521064369047
549,Daejeon,Busan,24.527605477708395,0.8778303143333862,Express,0.0,17,1,250,2.8442818114968555
550,Busan,Seoul,22.911076499221977,0.9903840019135088,Same-day,0.0,3,0,200,1.0
551,Seoul,Seoul,46.49562495868005,0.848529746608328,Standard,,7,0,200,2.842715146360068
552,Incheon,Daejeon,46.3320358496427,0.3875334349013282,Same-day,1.0,9,0,200,1.0
553,Daejeon,Busan,3.6861529675914078,0.4667674225170226,Standard,0.0,6,0,250,7.279698459867388
554,Incheon,Incheon,18.795149707915606,0.16048486717618202,Standard,1.0,20,0,200,4.585358428382556
555,Seoul,Incheon,28.247914716999205,0.19265731702067826,Express,1.0,5,0,200,1.0
556,Incheon,Incheon,27.166000986584393,0.85935472895157,Standard,0.0,9,0,200,7.90320841080603
557,Busan,Seoul,33.273869888921375,0.02768693218349977,Express,1.0,6,1,200,5.570322614186286
558,Daegu,Seoul,5.2987257571618835,0.9942114315612959,Express,1.0,21,1,200,3.85113926217205
559,Incheon,Daegu,15.73766363084374,0.3249839097830746,Express,1.0,7,1,200,2.6683772843985034
560,Daejeon,Busan,5.294006504191,0.44492644736527065,Standard,0.0,19,0,250,4.185774305921048
561,Busan,Daejeon,49.633703705980516,0.21312541028089405,Same-day,0.0,16,0,250,3.4866990020439776
562,Daejeon,Busan,9.100798034938661,0.1220780301763783,Standard,0.0,10,0,250,9.826339496032158
563,Daejeon,Daejeon,28.50745288890826,0.5958269339824103,Standard,0.0,16,0,200,8.504285537628121
564,Incheon,Daejeon,34.84583735878206,0.7783467860461274,Express,0.0,1,0,200,1.0597082307342574
565,Busan,Seoul,49.505381126223355,0.31433363604636055,Express,0.0,22,0,200,5.266442093746363
566,Daejeon,Busan,34.426635288439506,0.8814099913696969,Same-day,1.0,4,1,250,1.0
567,Busan,Daegu,21.896882487278894,0.7681604015761498,Express,0.0,11,1,100,4.182106143344402
568,Seoul,Incheon,19.773250964869433,0.057166702595498185,Standard,0.0,21,1,200,3.498398526362332
569,Incheon,Busan,22.50862013294441,0.5937414931061984,Standard,0.0,19,0,430,9.464558295774438
570,Daegu,Daegu,41.87564959382208,0.37629580232659005,Standard,0.0,19,1,200,2.268686027903211
571,Busan,Busan,38.826410420721935,0.7973905731133856,Express,1.0,8,1,200,1.0
572,Seoul,Seoul,47.040928243685244,0.17852924106328882,Standard,0.0,6,1,200,4.69074001176171
573,Daegu,Busan,32.77289511988634,0.518863991426536,Same-day,0.0,21,0,100,1.0
574,Daejeon,Daegu,46.07043451636032,0.6038916164172202,Express,1.0,15,1,150,1.0
575,Incheon,Busan,49.60926215408673,0.9644652593892615,Express,0.0,14,0,430,6.909727777280677
576,Daejeon,Seoul,28.28306490584026,0.8188958201177128,Same-day,1.0,13,1,200,1.0
577,Daejeon,Daegu,36.42933796889005,0.39574942728258394,Same-day,0.0,7,0,150,1.0
578,Seoul,Seoul,10.871741896129121,0.06710726917184473,Standard,1.0,13,1,200,2.3777277547781748
579,Busan,Seoul,48.8279422436346,0.7975325013191223,Express,1.0,1,0,200,6.1891443146189875
580,Daejeon,Daegu,19.278959145691953,0.42127824986774876,Express,0.0,15,0,150,3.4707900312357975
581,Daegu,Seoul,36.10431409478885,0.08180117790671697,Standard,0.0,12,1,200,4.994727806566585
582,Busan,Seoul,25.4933149676127,0.589445334685236,Standard,0.0,2,0,200,5.55620235257168
583,Daegu,Incheon,3.169208334091823,0.45647329170140705,Standard,1.0,1,0,200,2.5311985558559815
584,Daejeon,Daejeon,19.082652713469336,0.3775782768002789,Standard,0.0,6,0,200,1.0
585,Daejeon,Busan,46.4756160060546,0.20179524069672888,Standard,1.0,6,0,250,4.02557397885679
586,Seoul,Seoul,6.981893227372914,0.445077685115096,Express,0.0,4,1,200,3.477043734351474
587,Daegu,Seoul,16.555536334997637,0.9670215232193392,Standard,0.0,1,0,200,4.193034337232338
588,Daegu,Daejeon,12.866993196770558,0.9349502391060249,Express,0.0,21,0,150,1.3984259946408168
589,Seoul,Daejeon,24.507577793456605,0.513721499285872,Standard,1.0,9,0,200,4.565232175554039
590,Daejeon,Daejeon,36.7569738516652,0.9698562535095239,Express,0.0,2,0,200,4.142683295732473
591,Incheon,Seoul,1.767880012399084,0.7634506770976878,Same-day,1.0,12,0,200,1.0
592,Incheon,Daegu,15.626251814592209,0.8235401995831426,Same-day,1.0,20,1,200,2.362040473368355
593,Daejeon,Incheon,26.01614136973913,0.3018926859228894,Same-day,1.0,6,0,200,4.191051687776361
594,Busan,Daegu,18.533206550471768,0.6476287177144914,Standard,1.0,5,0,100,4.750943142982457
595,Incheon,Busan,40.162407031934116,0.14653199743758297,Standard,1.0,1,0,430,6.873210562900974
596,Busan,Daegu,42.91514612258607,0.43558495040634543,Standard,1.0,14,0,100,4.255870685315211
597,Daejeon,Daegu,5.283715372773553,0.7899053385287198,Same-day,0.0,3,0,150,1.0
598,Daejeon,Daejeon,27.852514612771802,0.8352385280305372,Standard,0.0,14,0,200,4.734876491222542
599,Daegu,Daegu,13.766913723140258,0.2981559134773071,Same-day,1.0,2,1,200,3.8824115403145436
600,Daegu,Daejeon,8.838205941094946,0.43643537442876906,Express,1.0,6,0,150,1.0
601,Busan,Busan,38.28892511554588,0.7687931218987626,Standard,1.0,12,0,200,1.1852605004933943
602,Seoul,Daegu,47.32918798501775,0.48145930352498145,Express,1.0,2,0,200,1.4802264913950223
603,Incheon,Busan,43.52804006451228,0.8941728118456264,Express,1.0,15,0,430,4.385579471211455
604,Daejeon,Seoul,20.071816471108587,0.6508243257949584,Express,1.0,18,1,200,1.0
605,Incheon,Incheon,,0.42322254482937205,Same-day,1.0,17,0,200,1.1976210948858594
606,Incheon,Busan,17.161947536248782,0.2823064350906184,Express,0.0,7,0,430,4.6114741297303095
607,Daegu,Busan,6.0653068609088105,0.7357312314127396,Standard,0.0,14,1,100,2.443821657048286
608,Daejeon,Daegu,21.200652126729697,0.595778446371206,Standard,0.0,2,0,150,1.8489932437706398
609,Daejeon,Incheon,28.49797454366841,0.3312098264628729,Same-day,0.0,4,0,200,5.2280645046101
610,Incheon,Busan,1.732301410924208,0.5367937128064593,Express,1.0,9,0,430,5.097768514637769
611,Daejeon,Daejeon,26.430558285337646,0.6869789889734664,Same-day,1.0,9,1,200,2.2703199546526407
612,Seoul,Seoul,3.041537616501386,0.013467322161022371,Express,0.0,14,1,200,5.752126741022582
613,Seoul,Incheon,1.2289251575682032,0.09157918448379505,Standard,0.0,1,0,200,1.7634669527498876
614,Daejeon,Busan,12.943958506070457,0.7677049618463112,Same-day,1.0,3,0,250,1.1693485144471119
615,Daegu,Daegu,37.00047272342357,0.460937607197827,Standard,0.0,20,0,200,1.561699193520551
616,Incheon,Busan,9.713967529367885,0.14073255750547864,Same-day,0.0,9,0,430,1.0
617,Busan,Daejeon,30.850086432445384,0.26604211803776445,Same-day,0.0,10,0,250,1.0
618,Daegu,Daegu,29.058336989348664,0.8385578146572509,Express,,22,0,200,1.0
619,Seoul,Daejeon,25.930177366355124,0.24281080066357125,Express,1.0,10,1,200,5.555082968593823
620,Daejeon,Busan,46.79939367538627,0.8699710483585087,Express,1.0,23,0,250,1.2240755247462003
621,Seoul,Busan,,0.48768301212008724,Standard,1.0,0,0,200,4.7329931380376395
622,Daejeon,Seoul,21.786275734180638,0.7269959712983306,Same-day,0.0,11,0,200,3.299468529184364
623,Seoul,Incheon,26.504947297418017,0.9910607466057726,Standard,0.0,9,0,200,3.3506507600599518
624,Daegu,Incheon,31.364633706639044,0.9376961860614722,Standard,1.0,8,0,200,7.007621260126996
625,Busan,Daegu,34.278356127156144,0.37092982683274844,Express,0.0,4,1,100,1.0
626,Daejeon,Incheon,11.802081474732564,0.28386098640106017,Express,,16,0,200,3.3083322865301352
627,Seoul,Incheon,39.92128325739153,0.562985407242551,Express,0.0,11,0,200,3.0853616013745544
628,Seoul,Daegu,27.240644656708803,0.7726884452297912,Express,1.0,18,1,200,1.0
629,Busan,Daejeon,30.395375288893337,0.6494623694218129,Express,1.0,15,1,250,5.141719499127339
630,Seoul,Daejeon,,0.9931330857638766,Same-day,1.0,17,0,200,2.8439147663586404
631,Daejeon,Busan,45.82496974983938,0.16572178765435464,Standard,0.0,3,0,250,2.329186499700355
632,Incheon,Daejeon,14.937270602364455,0.10034181970959084,Standard,1.0,6,0,200,2.726422481148033
633,Seoul,Daegu,46.33674822215502,0.27190485510073525,Standard,0.0,0,0,200,6.581028535995906
634,Daegu,Seoul,35.07249357184484,0.32031104485024187,Same-day,0.0,3,0,200,1.0
635,Daegu,Seoul,40.95789510541337,0.4292153016686053,Same-day,1.0,11,0,200,4.689943993655146
636,Daejeon,Incheon,31.525800040283897,0.6397109953707026,Same-day,0.0,5,1,200,4.558091069718241
637,Daegu,Busan,15.56199572910892,0.9388396041583928,Express,1.0,10,0,100,1.0
638,Daegu,Incheon,38.080172865988885,0.9283332195458966,Same-day,1.0,2,1,200,1.2350673937440986
639,Busan,Daejeon,23.63915831468081,0.21022868153091384,Express,1.0,0,0,250,1.0
640,Incheon,Seoul,34.68543486583277,0.7675625040109417,Express,1.0,18,0,200,1.2448298796942325
641,Daejeon,Incheon,11.028510653520886,0.49543570885652716,Same-day,1.0,0,0,200,1.0
642,Busan,Incheon,2.8074108878099207,0.949596470770024,Same-day,0.0,5,0,430,1.0
643,Seoul,Seoul,31.890098188334093,0.5115010674424623,Same-day,1.0,15,1,200,1.0
644,Seoul,Seoul,43.77568272121111,0.4484879322201924,Standard,1.0,3,0,200,4.460975168406585
645,Busan,Busan,38.30689446723764,0.8053550171319365,Express,0.0,0,0,200,2.6596481141748236
646,Incheon,Busan,43.19776348122445,0.3568537872156198,Express,1.0,8,0,430,3.3093882907303422
647,Seoul,Busan,1.2803009168078452,0.9432559455091117,Express,0.0,13,0,200,5.589057123105222
648,Incheon,Incheon,43.626686472140676,0.06393869787890887,Standard,1.0,16,1,200,4.631364071517031
649,Busan,Daejeon,18.881991035028978,0.5993483088781466,Same-day,,1,1,250,1.0
650,Busan,Seoul,5.743940231778416,0.5030474922965507,Same-day,1.0,0,1,200,1.0
651,Daegu,Incheon,38.152850099989074,0.27207067401405927,Express,0.0,4,0,200,3.2697069471893636
652,Incheon,Daegu,29.735795754201092,0.03874636301732525,Standard,1.0,0,1,200,8.521366336074818
653,Daegu,Seoul,15.713897098425903,0.5218481366815505,Same-day,1.0,18,1,200,3.3978587086470675
654,Daegu,Daegu,44.62304094814827,0.9020289889863599,Express,1.0,11,0,200,2.5104438110835345
655,Daegu,Seoul,45.145547304087366,0.5311530845693515,Same-day,1.0,22,0,200,1.4810812985680368
656,Busan,Daejeon,28.546853710907076,0.601120273019527,Express,1.0,5,0,250,6.054276790240925
657,Seoul,Busan,46.106169706931404,0.08230212525979717,Standard,0.0,5,0,200,6.173315434684595
658,Seoul,Daegu,3.436111843731383,0.7327704503641169,Same-day,1.0,2,0,200,2.0997352403552116
659,Busan,Daejeon,10.489908273110546,0.8043906585886004,Same-day,0.0,22,0,250,1.0
660,Incheon,Incheon,35.325310385837746,0.22923367561095725,Same-day,1.0,7,1,200,1.5286030157641493
661,Daejeon,Busan,10.027632237788092,0.527790449381547,Express,0.0,14,0,250,5.369787764342042
662,Busan,Daejeon,40.028836095005204,0.44388674149499413,Express,1.0,17,0,250,4.495103067262766
663,Busan,Daejeon,12.75055698818406,0.6920505571805525,Standard,0.0,10,0,250,4.957868816661046
664,Daegu,Daejeon,36.972257047533915,0.8371155564675629,Express,1.0,19,0,150,1.6749328146551787
665,Seoul,Seoul,43.116028691953765,0.12959462365574148,Same-day,1.0,3,0,200,3.0330362897896
666,Incheon,Busan,40.98320873551113,0.5240116346489786,Same-day,0.0,3,0,430,2.6291098469426286
667,Busan,Seoul,7.423837704263774,0.6213899468587504,Express,1.0,17,0,200,1.0
668,Daegu,Incheon,38.23681205604324,0.01611902912468058,Standard,0.0,4,0,200,1.6497333439109263
669,Incheon,Busan,44.44132831511955,0.809526816816274,Express,1.0,6,0,430,3.305145239481668
670,Daegu,Incheon,16.60931428608769,0.44106391082798724,Express,0.0,4,0,200,1.628452347423956
671,Seoul,Busan,23.277629301997724,0.5360585983036646,Same-day,0.0,5,0,200,5.118389923848428
672,Seoul,Seoul,49.444960021974865,0.06219284692132975,Express,1.0,6,0,200,2.5719643906704825
673,Daegu,Daegu,47.70887123636516,0.2218415361384976,Same-day,0.0,23,1,200,2.9399971327078975
674,Seoul,Seoul,9.409825747354775,0.3017410815862909,Standard,1.0,10,1,200,3.062466281246889
675,Daejeon,Busan,20.888626019933884,0.5403563191519877,Standard,0.0,9,0,250,2.6132721394694154
676,Daegu,Daegu,43.08525033762213,0.3133500912834175,Standard,1.0,9,0,200,6.121034966504767
677,Seoul,Daegu,44.44757024211486,0.5360962203015481,Standard,0.0,10,1,200,1.0
678,Incheon,Daegu,19.384146090562425,0.36419006916165564,Same-day,1.0,8,0,200,1.0
679,Daegu,Busan,0.6907664882391642,0.12834594439206573,Standard,0.0,1,0,100,1.0
680,Busan,Daejeon,44.68422600089299,0.8861549633835589,Standard,0.0,19,0,250,2.5054364767128265
681,Busan,Daegu,20.87278209701363,0.7729371730076773,Same-day,0.0,19,0,100,3.224457672454848
682,Busan,Daegu,29.158043118901645,0.6307774430451725,Standard,0.0,20,1,100,1.0
683,Incheon,Daegu,37.97778146198916,0.5430619532734473,Standard,1.0,9,0,200,4.860585072490346
684,Daegu,Daejeon,30.310195962812475,0.21194327277967942,Standard,0.0,8,1,150,4.067217574028062
685,Seoul,Incheon,12.62444080997244,0.7792772519238617,Same-day,1.0,18,1,200,1.898608634228382
686,Busan,Seoul,4.352813751178266,0.7522010109526304,Same-day,1.0,11,0,200,1.0
687,Busan,Incheon,48.2158415477953,0.19140546364093333,Express,0.0,1,0,430,1.6925753322226047
688,Incheon,Seoul,24.611137086661767,0.5877753382460058,Express,1.0,3,1,200,1.0
689,Daegu,Busan,,0.05027247054770862,Standard,1.0,19,1,100,1.0
690,Daegu,Daejeon,35.70672341504187,0.3247417636308297,Express,1.0,18,1,150,2.582370252817608
691,Seoul,Seoul,20.833314825941358,0.8138207658776128,Standard,0.0,14,1,200,1.0
692,Daegu,Incheon,8.821703864871413,0.332778030465709,Standard,0.0,7,0,200,1.0
693,Daejeon,Incheon,18.82670784843767,0.34554633673537566,Standard,1.0,5,0,200,6.117797871155242
694,Seoul,Incheon,18.07807056732755,0.8911671934244242,Standard,1.0,9,0,200,4.1867220476082805
695,Incheon,Incheon,,0.30939756028484805,Standard,0.0,6,0,200,4.135522945286301
696,Daegu,Daegu,33.885655866502724,0.1528296657560991,Same-day,0.0,15,0,200,1.8266919985679149
697,Seoul,Daegu,1.9152088971776937,0.9325851024208898,Standard,1.0,3,1,200,3.78828048539118
698,Daegu,Seoul,19.872156452071323,0.5197147221344571,Standard,1.0,11,0,200,6.217379156712825
699,Daejeon,Daegu,32.03684880269655,0.6208905272616504,Standard,1.0,15,0,150,1.6611661059638378
700,Incheon,Daegu,49.9066974236631,0.21219382608596385,Same-day,0.0,17,1,200,1.0
701,Daegu,Daegu,30.675350097414896,0.5943875831052018,Standard,0.0,17,1,200,6.27571187940373
702,Daegu,Busan,46.30388144529756,0.26149051774899534,Express,0.0,8,0,100,1.0
703,Busan,Busan,18.800835808936707,0.194351194110691,Standard,0.0,2,0,200,5.01608578209867
704,Daejeon,Daejeon,24.227252278647807,0.05060625631348335,Same-day,1.0,23,0,200,4.68843651710094
705,Incheon,Daegu,47.681762374380845,0.3697158311848519,Express,1.0,13,0,200,2.289551625308193
706,Busan,Seoul,19.206062326305076,0.7512861632869963,Express,0.0,7,0,200,1.0
707,Daegu,Seoul,35.00785655911027,0.8922217726521725,Same-day,0.0,14,1,200,1.0
708,Daegu,Daegu,4.529596659290309,0.7594411902437311,Standard,0.0,21,0,200,5.171712047927736
709,Daejeon,Daejeon,19.598037337781857,0.5857745085528205,Same-day,1.0,17,1,200,1.0
710,Busan,Daejeon,12.525593845283243,0.8275819300940012,Standard,1.0,11,1,250,7.304369077528226
711,Daegu,Incheon,12.57163238707878,0.5559504019715702,Express,0.0,17,0,200,1.4861330395563193
712,Daejeon,Incheon,36.96450347343103,0.7403668438841504,Express,0.0,15,1,200,2.1929033016749218
713,Incheon,Daegu,17.577011527991385,0.17737416949191162,Express,1.0,3,1,200,1.0
714,Busan,Seoul,7.419523986415069,0.8009395670289589,Same-day,1.0,21,0,200,2.6817943065028356
715,Seoul,Busan,47.16508058791216,0.5347197691708363,Same-day,0.0,5,0,200,1.3969342180257103
716,Daejeon,Incheon,10.835235250690836,0.52750131569094,Express,1.0,16,0,200,4.704471717618816
717,Seoul,Daegu,49.92888945743979,0.8125656600172854,Standard,1.0,11,1,200,1.0
718,Busan,Daejeon,1.368471116418714,0.6749396600376834,Express,1.0,21,0,250,1.389543329430361
719,Incheon,Incheon,8.194057220987137,0.08199374352779498,Standard,,23,0,200,3.797328845671614
720,Daegu,Busan,30.967255453610687,0.1822055636634487,Same-day,1.0,4,1,100,1.0
721,Seoul,Seoul,47.00290891939043,0.5550236531343143,Standard,0.0,13,0,200,5.952016832138534
722,Incheon,Seoul,38.98435966820115,0.4460640099508786,Same-day,0.0,9,0,200,1.0
723,Daegu,Seoul,17.599985092325827,0.1972334961647332,Same-day,1.0,22,0,200,1.7269953439655406
724,Busan,Daegu,30.87764443488626,0.602564095514064,Express,1.0,18,1,100,1.0
725,Busan,Daegu,49.35628624366854,0.6036195279705637,Express,0.0,7,0,100,2.0322699702897453
726,Busan,Daejeon,7.5048009383357455,0.4617792316346204,Standard,0.0,20,0,250,3.7170509833604326
727,Seoul,Busan,,0.609629914543209,Same-day,0.0,17,1,200,1.0758221148061164
728,Busan,Busan,37.636955510272855,0.9137699601654844,Express,,19,0,200,5.6880774465624775
729,Incheon,Busan,17.22523189338949,0.1642042999397453,Same-day,0.0,23,1,430,4.570222233735787
730,Seoul,Daejeon,26.11409095813336,0.47974908059363247,Same-day,1.0,11,0,200,3.4719193565561266
731,Seoul,Daejeon,27.932780750628876,0.7245160778120562,Same-day,0.0,14,1,200,1.0
732,Seoul,Busan,39.59038352782821,0.7069389369911685,Express,0.0,11,0,200,4.408442119145422
733,Busan,Incheon,42.22303562659529,0.5357091520728646,Express,1.0,12,0,430,8.951645030419558
734,Busan,Incheon,42.97407463933384,0.7799831644510536,Express,0.0,6,0,430,3.7235067256599046
735,Seoul,Busan,37.33162205754748,0.9164191198129701,Express,1.0,19,0,200,2.245498371554841
736,Seoul,Busan,21.37339134316783,0.9959017905534422,Standard,0.0,22,0,200,2.8007279706299206
737,Daegu,Seoul,40.71003197016744,0.01866515179111406,Standard,0.0,16,1,200,4.277603846049376
738,Daegu,Incheon,24.61726815499563,0.33379139048428735,Standard,1.0,9,0,200,4.535677594327256
739,Busan,Daegu,6.155553893791587,0.18634271791387338,Same-day,0.0,16,1,100,1.0
740,Busan,Incheon,13.952875100256614,0.24691152650190865,Same-day,1.0,13,0,430,2.7795354264847867
741,Incheon,Seoul,24.766353368537573,0.46571769386686634,Standard,0.0,22,0,200,3.8115584612886004
742,Seoul,Daejeon,7.5343664268757315,0.8430010373868497,Standard,0.0,19,1,200,8.406397751744352
743,Daegu,Busan,26.660221936586826,0.1916114442053414,Express,0.0,4,0,100,1.0
744,Daegu,Incheon,28.964828121547438,0.4994384623743175,Express,0.0,20,1,200,8.406851821292271
745,Incheon,Daegu,44.36048903161522,0.8175299499917599,Same-day,0.0,6,0,200,2.301231105209979
746,Daejeon,Daejeon,13.107901072962491,0.5512445238046308,Standard,0.0,21,0,200,4.235807006360168
747,Daejeon,Daegu,36.816225149626256,0.17520247279366075,Standard,1.0,18,0,150,6.392808628561294
748,Daegu,Busan,48.77387421139069,0.11260556039574574,Express,0.0,20,0,100,2.8049367360028548
749,Busan,Busan,40.966401424424014,0.9927668119434572,Standard,0.0,17,0,200,5.114540573835793
750,Incheon,Daegu,32.41025511459071,0.7811102224074358,Standard,1.0,1,0,200,1.969535616143152
751,Seoul,Seoul,32.07417162097629,0.8158163710879869,Standard,1.0,3,1,200,3.0230337658541555
752,Seoul,Busan,40.08282526815769,0.6800615879983182,Standard,0.0,15,0,200,2.2084836080703463
753,Seoul,Daegu,24.278304558506928,0.7738804741853785,Standard,0.0,14,1,200,1.0
754,Daejeon,Busan,29.147168162135472,0.6005465186867505,Express,1.0,1,1,250,3.543390436653262
755,Seoul,Incheon,31.439279866026588,0.8002245676916503,Express,0.0,0,1,200,5.0729069964446385
756,Incheon,Busan,19.744199587446623,0.964189523496029,Standard,0.0,23,1,430,8.28272286077974
757,Incheon,Busan,6.220667781381198,0.5405485799960862,Express,1.0,5,1,430,5.301730564242342
758,Seoul,Seoul,0.612241250711262,0.5182807754031206,Standard,1.0,21,0,200,2.9557298643193364
759,Daejeon,Seoul,42.78318344025577,0.6670328467568196,Standard,0.0,19,0,200,1.0
760,Seoul,Incheon,0.8223199546592671,0.9534156156704943,Express,1.0,11,1,200,2.5845878380046847
761,Incheon,Daejeon,0.8826684365614973,0.36285140851136716,Express,0.0,8,0,200,2.1868781406097204
762,Incheon,Busan,21.614272883267898,0.39690574091428404,Standard,0.0,19,0,430,11.50277552323785
763,Daegu,Seoul,19.725182889797527,0.7022162772668947,Standard,0.0,9,1,200,1.0
764,Seoul,Seoul,9.554805833526592,0.43749163863162827,Express,0.0,0,0,200,1.0
765,Daegu,Daegu,29.98743968308024,0.5325678945810323,Same-day,1.0,19,0,200,1.0
766,Incheon,Incheon,14.807993611255474,0.8738592004166451,Standard,1.0,12,0,200,4.247007790310405
767,Incheon,Busan,36.39796872261522,0.6234419183368395,Same-day,0.0,5,0,430,6.751346078322937
768,Daegu,Daejeon,24.247391894730132,0.8714808053344758,Express,1.0,9,1,150,1.4294480359044532
769,Busan,Busan,24.85039543444949,0.6462177617890887,Standard,0.0,11,0,200,1.7645709952769164
770,Daegu,Daegu,35.95400534543734,0.5753676226401612,Standard,1.0,5,1,200,4.153667246349273
771,Daegu,Daejeon,19.581353047163216,0.40781170630536134,Same-day,0.0,3,0,150,2.3419179440443068
772,Daegu,Daejeon,32.83590438030056,0.48271302446432407,Same-day,1.0,16,0,150,1.0
773,Busan,Daejeon,49.09308365304026,0.36895074670717226,Same-day,0.0,15,0,250,1.0
774,Seoul,Seoul,40.710041552498055,0.3372562838810998,Standard,1.0,6,1,200,5.91202113035908
775,Seoul,Incheon,43.5806658934323,0.2722275253784725,Standard,,17,1,200,2.692940073691368
776,Incheon,Incheon,6.748031489833281,0.5823132350157146,Express,0.0,9,1,200,1.0
777,Busan,Daejeon,8.379113244612286,0.30395936599521495,Standard,0.0,4,1,250,5.66028912703746
778,Busan,Daejeon,46.77098624323257,0.6474223441486278,Standard,0.0,21,0,250,4.312413888585716
779,Daegu,Daegu,44.023156909809316,0.9206491808738807,Express,0.0,8,1,200,2.0264264195758823
780,Seoul,Daegu,34.64700470657406,0.39161416566927115,Express,1.0,18,0,200,3.910244001593229
781,Incheon,Daegu,24.994735144428418,0.64653752750069,Same-day,1.0,22,1,200,2.599694886305548
782,Daegu,Seoul,9.417130678592782,0.8650547462570553,Express,0.0,8,0,200,1.0
783,Incheon,Incheon,7.040536291810216,0.36550969103754,Standard,1.0,0,1,200,1.5445306354033224
784,Daejeon,Busan,36.73121064080546,0.4146899213656444,Standard,1.0,5,0,250,5.791185767387648
785,Incheon,Seoul,33.696830723146135,0.9802582864653165,Express,1.0,21,1,200,3.2956058954049285
786,Daegu,Daejeon,5.316501470579896,0.1510598640658285,Same-day,1.0,19,0,150,1.0
787,Daejeon,Incheon,,0.10690599190636307,Standard,1.0,9,1,200,2.2625172660258466
788,Incheon,Seoul,10.973972253662183,0.207828250521488,Same-day,1.0,16,0,200,3.699853902357038
789,Busan,Incheon,11.022851399491993,0.20009816102165706,Express,0.0,21,0,430,4.684639950449004
790,Daegu,Daegu,38.86323368632535,0.9301272008182822,Standard,1.0,21,1,200,3.0145465877506896
791,Daegu,Daejeon,24.90024664469604,0.23660523726277186,Express,1.0,4,0,150,4.481371422168371
792,Incheon,Incheon,31.86905163348117,0.07075563758641377,Express,1.0,7,1,200,1.0
793,Seoul,Incheon,18.096482309560628,0.6494683400549293,Standard,0.0,1,1,200,2.0465649833052852
794,Daegu,Daegu,9.83470123186946,0.44482163950677495,Same-day,0.0,4,0,200,2.5515903174441887
795,Busan,Daegu,28.471138303223412,0.3617321625984007,Same-day,0.0,12,0,100,4.145130241890665
796,Daejeon,Daegu,34.45016373803243,0.4162662726296575,Standard,0.0,1,0,150,6.298720857317203
797,Seoul,Incheon,12.324298627738834,0.7027538811037817,Same-day,0.0,0,0,200,1.2884368516527755
798,Daegu,Busan,47.871549431836165,0.5284603768418615,Same-day,0.0,1,0,100,3.046517877636996
799,Incheon,Busan,22.16843665665303,0.29109362091145025,Standard,1.0,17,1,430,6.73254450103469
800,Daegu,Incheon,43.983089915303125,0.7747258685319799,Same-day,0.0,0,0,200,1.0
801,Seoul,Incheon,10.142421214157954,0.9602904652923576,Same-day,0.0,4,0,200,1.6451508734149887
802,Busan,Incheon,1.9399929361510226,0.6131801635676795,Same-day,1.0,3,0,430,3.352664752795636
803,Daejeon,Daegu,32.3846898785833,0.09203497698910161,Same-day,1.0,10,1,150,1.7289961754989616
804,Daegu,Busan,3.3146233655460824,0.3827266461207406,Same-day,1.0,18,1,100,1.0
805,Daegu,Busan,31.31726053357516,0.4285937037632816,Express,1.0,23,0,100,1.915337924162218
806,Seoul,Seoul,23.993030331548976,0.10066100993944378,Express,0.0,6,0,200,1.757962382936356
807,Daejeon,Busan,33.06790632985707,0.5249846723356448,Express,1.0,3,0,250,2.058490835389584
808,Daejeon,Busan,4.649091949962781,0.08283671166938056,Express,0.0,0,0,250,3.636186979644217
809,Daegu,Daejeon,16.882048484079256,0.07632538651954805,Express,0.0,7,0,150,2.0525319120148406
810,Seoul,Busan,28.52367349305819,0.368858661592362,Same-day,0.0,12,0,200,1.0
811,Busan,Busan,43.85744249772389,0.15844595906074282,Express,0.0,15,0,200,3.945605769086008
812,Daejeon,Seoul,30.470540032597356,0.15146317520457242,Standard,0.0,22,1,200,7.031060438904663
813,Seoul,Busan,8.768485013769457,0.3497945443049597,Standard,0.0,18,0,200,5.619923311875964
814,Daejeon,Incheon,18.230961388417313,0.2857214951990825,Standard,0.0,4,1,200,4.747837877899442
815,Seoul,Seoul,2.8282697644117967,0.6391106465335201,Express,1.0,0,0,200,1.0
816,Daejeon,Daegu,28.68458924587899,0.31786398885073397,Standard,1.0,16,1,150,2.540885103191284
817,Busan,Incheon,8.920057364506926,0.5806234557129946,Express,0.0,9,0,430,7.613069115290234
818,Incheon,Busan,33.36112375854018,0.6049847599373558,Same-day,1.0,16,0,430,2.3377087842666042
819,Seoul,Busan,39.04953647242081,0.3612903896178186,Express,1.0,7,1,200,2.588032645954088
820,Incheon,Busan,3.7784857222089796,0.7722226075539306,Same-day,0.0,13,0,430,3.6582101987253006
821,Daegu,Incheon,2.8453919253854734,0.17048758090530547,Express,0.0,14,1,200,5.093173692747431
822,Busan,Seoul,32.85440717189708,0.633749363307227,Express,1.0,15,0,200,1.5478566106198277
823,Daegu,Daejeon,44.87898106075711,0.2005597114219531,Express,1.0,3,0,150,3.9025048384690866
824,Busan,Incheon,49.798034942383886,0.46723495160412826,Same-day,0.0,4,1,430,3.954745483135734
825,Incheon,Daegu,2.4402581645478234,0.6750462702818444,Standard,0.0,17,0,200,2.823975602051761
826,Daegu,Daejeon,42.465068673790036,0.9568495810457585,Standard,,22,0,150,1.0
827,Daegu,Daegu,38.41895831720492,0.20025140001294048,Standard,1.0,22,0,200,1.012625707625182
828,Incheon,Busan,,0.4769892291416914,Express,0.0,16,0,430,6.099080327680083
829,Seoul,Daejeon,32.39805271170585,0.6786618370311968,Same-day,1.0,14,0,200,2.3260610161488673
830,Daegu,Seoul,34.237248664565406,0.2204439977369792,Same-day,0.0,22,0,200,5.100361425415353
831,Daejeon,Seoul,4.10040923088159,0.17312718760038828,Express,1.0,10,0,200,3.704136501455089
832,Busan,Daejeon,18.983650963513945,0.7503587291215779,Express,0.0,14,1,250,2.5323572374554577
833,Daegu,Daejeon,30.91389857444965,0.8955666151365301,Same-day,1.0,19,0,150,1.0
834,Incheon,Busan,15.826708687837199,0.8984559218813493,Same-day,1.0,22,0,430,4.15073545931007
835,Daegu,Daegu,27.75603682479999,0.3274533179208479,Express,1.0,1,0,200,1.2598363834809283
836,Daegu,Incheon,11.596465745920078,0.8644512541572554,Same-day,0.0,11,0,200,2.4275799005040826
837,Daegu,Seoul,32.46502839906958,0.7837959086929038,Standard,1.0,7,1,200,1.2880159427048334
838,Seoul,Incheon,9.692681121901032,0.6997031437287999,Standard,1.0,12,1,200,5.367916596377752
839,Daejeon,Busan,12.060315520985815,0.2415186111195126,Standard,1.0,11,0,250,8.52859190296623
840,Busan,Incheon,36.58663186985781,0.07801401098765563,Standard,1.0,13,0,430,9.988737805017308
841,Daejeon,Busan,6.727105446143861,0.5943127406430883,Standard,0.0,19,1,250,4.483883800290159
842,Daejeon,Busan,25.540961677978174,0.7707495799274288,Same-day,0.0,0,0,250,1.5060240371644553
843,Busan,Daegu,38.84988718958918,0.18990063886272887,Express,1.0,22,0,100,4.300378179152477
844,Daejeon,Daejeon,37.980741460147314,0.044513996180745495,Express,1.0,13,1,200,3.674796719994919
845,Incheon,Incheon,25.96708935068725,0.633480583350844,Same-day,1.0,13,0,200,2.7046017222469696
846,Seoul,Incheon,39.79861695349566,0.4313016494816686,Standard,0.0,16,0,200,1.9541941474100142
847,Daejeon,Daejeon,20.256647260520886,0.6704410082833623,Same-day,0.0,23,0,200,1.0
848,Busan,Incheon,47.897707392750746,0.8959732640834995,Standard,0.0,5,0,430,9.606399752983853
849,Busan,Seoul,23.542499432761918,0.20954158313882182,Express,1.0,20,0,200,1.0
850,Daejeon,Seoul,48.84864615795216,0.6855266172967674,Express,1.0,16,1,200,1.0
851,Busan,Daejeon,41.50236864285122,0.2972946246232032,Same-day,0.0,11,0,250,1.0
852,Incheon,Busan,0.5394529553991976,0.4336785750833258,Same-day,1.0,23,0,430,6.54013396112588
853,Seoul,Seoul,15.618308504013527,0.7363536934211283,Standard,1.0,6,0,200,2.5369854252170723
854,Incheon,Seoul,15.859432584808772,0.08054491898018386,Standard,1.0,11,0,200,2.724908948159399
855,Busan,Daejeon,9.473262320212232,0.22758573619692382,Standard,0.0,12,0,250,6.513878610179504
856,Busan,Busan,15.50677477280958,0.08329975572698803,Standard,1.0,22,0,200,3.163927446241376
857,Daegu,Daegu,19.426327464695078,0.9002973806049432,Express,1.0,5,1,200,1.0
858,Incheon,Daegu,,0.5442418147088617,Express,1.0,21,0,200,7.2952539985131555
859,Daejeon,Daejeon,46.88491961208277,0.8689796707201123,Express,1.0,8,1,200,4.505064336711214
860,Daejeon,Daejeon,28.519742666758606,0.5560741889829405,Same-day,1.0,13,0,200,2.609050572539063
861,Incheon,Daegu,46.22222827729014,0.9160789263834159,Same-day,0.0,10,0,200,1.0
862,Busan,Daejeon,36.973756098917946,0.23371110856917238,Express,1.0,14,0,250,4.240660947578304
863,Incheon,Daejeon,,0.5025385998240809,Express,1.0,12,1,200,1.0
864,Daejeon,Daejeon,46.07109914794424,0.8156318742135955,Express,0.0,15,1,200,1.6057896588209275
865,Seoul,Incheon,17.100772670678325,0.24098026533584824,Express,,4,0,200,3.1768173508264113
866,Busan,Busan,15.15087222457291,0.22182638766590287,Express,1.0,16,1,200,1.0825310789898706
867,Busan,Seoul,35.83990357266109,0.9175529225400322,Standard,1.0,21,0,200,6.626114741311073
868,Incheon,Daejeon,14.332849383597285,0.68337765148807,Same-day,0.0,13,0,200,2.5600801396990818
869,Seoul,Incheon,25.92319916834805,0.2840577821913418,Standard,0.0,7,1,200,4.928833637542727
870,Busan,Incheon,16.393776574967895,0.6217532426813722,Same-day,0.0,2,0,430,1.0
871,Incheon,Daejeon,14.205697793727976,0.9209065081028994,Standard,1.0,1,0,200,5.323067738377334
872,Incheon,Daejeon,16.389053729134524,0.28980925591729834,Same-day,0.0,15,0,200,1.0
873,Daegu,Incheon,48.7605195629338,0.5697656117842962,Standard,1.0,7,0,200,4.821317279567491
874,Busan,Incheon,42.17652927369747,0.3263787870095422,Express,0.0,1,0,430,4.79173990893353
875,Busan,Daegu,33.338436162792,0.31033382475060894,Express,1.0,0,0,100,1.0
876,Daejeon,Daegu,11.32619827578073,0.7671914445496725,Express,1.0,21,0,150,4.012657757209275
877,Daejeon,Daegu,15.183922802790072,0.3251166259133851,Express,1.0,21,1,150,1.0
878,Busan,Daejeon,46.775868257036734,0.46852289288007704,Standard,0.0,11,1,250,4.240095743286522
879,Daegu,Busan,26.24378549195939,0.3933630909865068,Express,0.0,23,0,100,1.0
880,Busan,Daegu,3.3246156096303676,0.8326229610278709,Standard,1.0,9,0,100,4.7806374912133744
881,Daegu,Busan,37.380129499285076,0.03474985742249209,Standard,0.0,6,0,100,1.9431743334868548
882,Busan,Busan,14.307175043026398,0.4710692826294639,Express,0.0,4,0,200,4.5809995073697145
883,Busan,Daejeon,6.93558586973357,0.32395430329732644,Same-day,0.0,7,1,250,1.5200826756619417
884,Daegu,Busan,36.790029776388174,0.6981719780447108,Express,0.0,10,1,100,1.0
885,Seoul,Incheon,11.30549025910366,0.8440260409810156,Same-day,0.0,8,1,200,3.718158855418971
886,Busan,Daejeon,42.15964187824692,0.4820058576282716,Same-day,1.0,5,0,250,1.9384804192000127
887,Incheon,Busan,36.86300996934274,0.0440114242574365,Standard,0.0,0,1,430,6.9795831476306365
888,Seoul,Seoul,48.048383470610766,0.4107836071065619,Express,1.0,4,1,200,6.783306751820707
889,Seoul,Incheon,37.36952874221234,0.7231975475286233,Express,1.0,18,1,200,1.4516060614972506
890,Incheon,Busan,18.419785184801594,0.2790165084696627,Standard,1.0,0,1,430,6.932648449010303
891,Busan,Daejeon,42.3793075443445,0.3524392731270781,Express,0.0,22,0,250,1.0
892,Incheon,Busan,17.64742238473779,0.9550379242956784,Same-day,1.0,3,0,430,3.4047628635094505
893,Incheon,Incheon,21.281034337109453,0.22535087954169092,Same-day,1.0,17,1,200,1.5527278912048603
894,Busan,Busan,21.569096765803682,0.4876989798097712,Express,1.0,15,0,200,2.421951419246686
895,Incheon,Daegu,3.372207983330891,0.36143271365381446,Express,1.0,2,0,200,6.674933798712857
896,Daegu,Daejeon,43.99648004184916,0.0490514297327135,Express,0.0,1,0,150,1.0
897,Busan,Incheon,14.313716586621828,0.2867773425800518,Standard,1.0,16,0,430,10.432878575396142
898,Seoul,Daejeon,16.79818202686416,0.4656091182965336,Standard,0.0,15,1,200,1.3784484262002898
899,Seoul,Incheon,17.824919016405097,0.7630330219059153,Standard,,21,0,200,5.723197026545796
900,Busan,Incheon,39.899618108554535,0.7911782144157079,Standard,0.0,22,0,430,5.5077036330296405
901,Busan,Daejeon,35.519523152024945,0.8257928311635391,Standard,0.0,21,0,250,5.022166238523432
902,Daegu,Busan,45.399529563787375,0.774677073933194,Express,1.0,18,1,100,1.7852249875571382
903,Daejeon,Incheon,20.52072220132218,0.031200922263598947,Standard,1.0,9,1,200,1.5940098813445283
904,Daegu,Incheon,31.466491828946417,0.30272082078888507,Same-day,0.0,19,0,200,1.0
905,Daejeon,Busan,35.95556094444004,0.030493001155689183,Standard,1.0,23,0,250,3.4386066952955905
906,Daegu,Daegu,13.684291612973183,0.772058067800493,Express,0.0,23,0,200,3.1823525830511192
907,Daegu,Incheon,34.27068993982553,0.9746649975757207,Same-day,1.0,12,1,200,2.290236340529346
908,Daegu,Daejeon,40.82945272063258,0.6313225870272434,Express,1.0,0,1,150,2.846931789306562
909,Daejeon,Incheon,30.278105567661164,0.4255031442807215,Same-day,0.0,16,0,200,1.0
910,Daejeon,Incheon,42.296445687109546,0.7662435022840481,Express,1.0,22,0,200,3.925544984904743
911,Daegu,Incheon,17.257586503803868,0.8073572864590597,Express,0.0,18,0,200,1.3558749025582786
912,Seoul,Incheon,31.446892511390654,0.769298268741408,Standard,0.0,4,0,200,3.202944928325702
913,Daegu,Incheon,7.020522543497322,0.6252041491497676,Standard,0.0,4,0,200,8.509777858730311
914,Daejeon,Busan,13.042694560909046,0.32828655449605143,Standard,0.0,15,0,250,4.523688628737703
915,Daejeon,Daejeon,,0.08187178181916682,Express,0.0,12,1,200,1.0
916,Daegu,Incheon,14.34040660566369,0.8791984987228024,Standard,0.0,6,0,200,7.264627741172433
917,Busan,Seoul,43.42591189898221,0.8586598359818746,Standard,0.0,12,0,200,3.8164902668663316
918,Daegu,Incheon,18.760895929952195,0.5830334303677681,Express,0.0,8,0,200,1.0
919,Daejeon,Incheon,41.025629759995205,0.5681755430120211,Same-day,1.0,7,0,200,1.0
920,Daegu,Incheon,25.15720133860758,0.926614233029708,Same-day,1.0,5,0,200,1.0
921,Daejeon,Daegu,47.706473810693396,0.509711251385017,Standard,1.0,9,1,150,3.957563253122432
922,Seoul,Daegu,6.062625937655577,0.9917052681190034,Same-day,0.0,20,0,200,2.5117766899498126
923,Daegu,Seoul,26.86589189512237,0.32529831057820485,Standard,1.0,4,0,200,1.750017789738275
924,Busan,Seoul,1.9831413856143394,0.6249356660406324,Standard,1.0,17,0,200,6.343813556953651
925,Daegu,Seoul,42.12290669646716,0.9310114136296016,Express,0.0,19,1,200,2.9450164438646986
926,Incheon,Busan,12.338047352508852,0.42009622456904355,Standard,0.0,5,0,430,7.962743924780836
927,Seoul,Busan,40.653335243392945,0.6030063512564703,Standard,1.0,0,1,200,2.193588951809004
928,Incheon,Daegu,36.29586149760133,0.2246926661713527,Express,,11,0,200,2.9994556571994013
929,Daegu,Daejeon,19.47179184185321,0.33261434680677354,Standard,1.0,5,1,150,1.0
930,Daegu,Daegu,44.967915593500706,0.7611752821280445,Same-day,0.0,23,0,200,1.677166893133477
931,Incheon,Daegu,3.072457665684298,0.297277077586774,Same-day,1.0,15,1,200,1.0
932,Daegu,Daejeon,2.3454284590965067,0.8331871330550911,Standard,1.0,23,0,150,7.239745360246038
933,Busan,Daejeon,10.344837135474712,0.6867620230535304,Standard,1.0,7,0,250,3.2187861290155713
934,Incheon,Daejeon,15.10191240590269,0.02742144361678161,Same-day,0.0,11,0,200,1.0
935,Busan,Busan,20.018031405470744,0.6019803744820287,Same-day,0.0,5,0,200,1.232992888367124
936,Daejeon,Daejeon,48.41466430650456,0.19934740335020712,Express,0.0,20,0,200,5.653607510901778
937,Daegu,Incheon,5.26402507346645,0.5584844631729253,Same-day,0.0,13,0,200,1.0
938,Incheon,Busan,49.7218588835922,0.20172612066893938,Standard,0.0,0,0,430,4.550964651269778
939,Seoul,Busan,31.324441419190133,0.8932406384979382,Same-day,0.0,18,0,200,2.6120902393799628
940,Seoul,Busan,21.045727123936068,0.48940146678005386,Standard,1.0,6,0,200,1.0
941,Daejeon,Daegu,4.181562857585099,0.41023220559457063,Same-day,1.0,9,0,150,3.9259243550129885
942,Incheon,Incheon,5.213108407711047,0.707766851969983,Standard,0.0,3,1,200,5.316887453416552
943,Daejeon,Daegu,46.57704096319239,0.4844089094743811,Express,0.0,21,1,150,1.0
944,Incheon,Daegu,22.582971475729504,0.3663829846306635,Express,1.0,22,1,200,2.909348464063218
945,Busan,Daegu,27.680294209513995,0.3722969246034221,Express,,21,0,100,2.525608007822559
946,Incheon,Daegu,24.01164434917847,0.5689372567160791,Standard,1.0,10,0,200,1.8818290840217031
947,Seoul,Incheon,11.528743483794653,0.02112949254386745,Same-day,1.0,14,0,200,4.322258189777285
948,Incheon,Daegu,45.70319907318388,0.681189088478959,Same-day,0.0,11,1,200,4.481348997999857
949,Incheon,Seoul,36.835107936302556,0.8351286096113066,Same-day,1.0,10,0,200,1.0
950,Busan,Daejeon,37.69368067102911,0.998919482967702,Express,1.0,20,0,250,4.111496726912508
951,Daejeon,Daegu,8.512366972975821,0.9349489194257512,Standard,1.0,23,0,150,4.1561336539353215
952,Busan,Incheon,11.68031763418437,0.1879957038565727,Standard,0.0,22,0,430,4.616396260448759
953,Daejeon,Seoul,41.821533743237076,0.32732420370756576,Express,1.0,7,0,200,1.0
954,Incheon,Daegu,40.24551591352463,0.7746008595932168,Express,0.0,13,0,200,2.909181766507275
955,Daejeon,Daejeon,24.32573392490721,0.6563867148399485,Standard,1.0,21,0,200,2.563561971532403
956,Incheon,Incheon,20.54667339507774,0.05491779192365162,Standard,0.0,11,0,200,5.490124499216594
957,Incheon,Daegu,31.550981630173396,0.7240483347055681,Standard,0.0,16,0,200,2.3256434642869195
958,Daegu,Busan,8.212517604659977,0.941954531291731,Express,0.0,17,0,100,1.0
959,Daegu,Daejeon,4.21272327035172,0.64154606717297,Same-day,,3,0,150,1.6205652718588457
960,Seoul,Daegu,22.641618089033354,0.5330113748908953,Express,0.0,19,1,200,3.9893822990288177
961,Incheon,Daejeon,8.44399965622097,0.37515142767945053,Same-day,1.0,4,1,200,1.0
962,Daegu,Daegu,6.197098021242577,0.2462310741508798,Same-day,0.0,11,1,200,1.2773807608768601
963,Busan,Daejeon,14.462456276549899,0.7190048882149798,Standard,0.0,9,0,250,7.257529863351346
964,Incheon,Busan,27.540453419139517,0.7532400940852326,Express,1.0,15,0,430,7.31441358926414
965,Seoul,Daegu,5.024444838965992,0.25325233308306694,Same-day,0.0,9,0,200,1.8871067837558408
966,Busan,Daegu,23.811536097403,0.615549179099922,Same-day,0.0,18,0,100,1.3279722403922747
967,Incheon,Daegu,,0.4816975864458809,Express,0.0,14,0,200,1.4750233987910837
968,Seoul,Daejeon,11.732904505229092,0.3348157055991061,Same-day,1.0,5,1,200,1.3074580453974818
969,Busan,Daegu,26.7717593841485,0.40258877286250794,Same-day,0.0,14,1,100,1.0
970,Daegu,Incheon,4.478937029250824,0.5587442948844095,Same-day,1.0,18,1,200,4.255388912985616
971,Busan,Seoul,22.751401093080712,0.7136424456858635,Standard,0.0,13,1,200,5.192950083224716
972,Daejeon,Daegu,34.34362922201323,0.8287069177644637,Express,,19,1,150,2.9416884408162702
973,Incheon,Seoul,38.05080764652799,0.14498118003837732,Same-day,1.0,9,1,200,1.0
974,Incheon,Busan,1.9290079739983583,0.2917540343345991,Same-day,0.0,12,0,430,2.99601306554147
975,Seoul,Busan,38.22288265617215,0.9683678223135563,Standard,0.0,19,1,200,2.7500333201686598
976,Seoul,Seoul,45.026571667300544,0.22714783368642305,Express,0.0,8,0,200,1.9615800775950243
977,Daegu,Busan,10.136864168152659,0.07066875603101974,Standard,1.0,22,0,100,3.164064251286697
978,Daegu,Daejeon,24.29427116222516,0.1041813784175892,Standard,1.0,6,0,150,4.179534970152837
979,Busan,Seoul,36.05526145778881,0.9257620467692161,Express,0.0,2,0,200,1.9394202645142848
980,Busan,Daejeon,23.225318232967634,0.10555887191717445,Express,0.0,20,0,250,2.88310388585543
981,Daejeon,Seoul,,0.7452914093243371,Express,0.0,10,1,200,1.8498135889022553
982,Incheon,Daegu,49.85252610354364,0.6427723758930197,Standard,0.0,17,0,200,3.8098989045530125
983,Busan,Daegu,,0.7090916251750298,Same-day,0.0,2,1,100,1.0
984,Daejeon,Busan,8.287007639724578,0.7259788722642182,Standard,0.0,11,0,250,4.394645684294797
985,Busan,Daejeon,30.20952637545954,0.015106206893679724,Standard,0.0,0,1,250,5.139084463574167
986,Busan,Seoul,40.23923439222246,0.8081669663426887,Same-day,0.0,3,0,200,4.007615030012357
987,Daegu,Seoul,39.47549371436175,0.3556246817781359,Standard,0.0,23,0,200,2.86347351982449
988,Daegu,Seoul,24.00134233386228,0.4660282781127846,Standard,0.0,19,0,200,5.151608391149815
989,Seoul,Seoul,45.09924554003361,0.8666528443123175,Same-day,1.0,2,0,200,3.1505145460037314
990,Incheon,Incheon,17.634816841541184,0.2472839935395428,Standard,0.0,11,0,200,5.33242356726106
991,Daegu,Busan,22.356709428314254,0.9688390631229994,Express,1.0,16,1,100,1.0
992,Incheon,Daejeon,7.665953870309941,0.8387227435920714,Express,0.0,14,0,200,4.208470163282771
993,Seoul,Daejeon,,0.16310131424846577,Express,1.0,17,1,200,3.5346161916054912
994,Daejeon,Daejeon,29.667029529006953,0.9196774393326512,Standard,0.0,19,0,200,6.381115373671591
995,Seoul,Daejeon,22.02998584029346,0.12657734752056848,Express,0.0,15,0,200,4.1221437438516935
996,Seoul,Incheon,48.85871173806201,0.6378161129338754,Express,0.0,22,0,200,2.4743768675618996
997,Daejeon,Daegu,22.3769480852859,0.9980943273336536,Express,0.0,12,1,150,4.066213485877411
998,Incheon,Incheon,18.708076066173458,0.1754352765455766,Express,1.0,4,0,200,1.0
999,Seoul,Incheon,17.658646533769428,0.6687886843515265,Same-day,1.0,14,1,200,1.0
1000,Daejeon,Seoul,13.272169061726904,0.4428578123322242,Standard,,19,1,200,4.638535560783376
