email_id,word_count,link_count,has_attachment,capital_ratio,exclamation_count,sender_domain,time_sent,is_spam
1,203.0,14,0,0.20296866452134776,3,gmail,17,1
2,369.0,6,0,0.1152278834721569,3,company,3,0
3,,4,1,0.04918370834909486,8,company,14,0
4,82.0,6,1,0.3211848488758059,6,company,1,1
5,459.0,16,1,0.07142715780077152,5,gmail,5,1
6,87.0,8,1,0.41915200781436174,8,yahoo,21,1
7,157.0,5,0,0.480368671347722,2,unknown,22,1
8,331.0,8,0,0.06789458912145618,3,unknown,8,1
9,77.0,16,1,0.18802647560393332,8,gmail,10,1
10,364.0,1,1,0.46863605273463466,3,unknown,19,1
11,,19,0,0.23535229108995065,6,yahoo,15,1
12,343.0,12,1,0.26770802818306766,8,unknown,7,1
13,94.0,16,1,0.3737579994819142,3,company,16,1
14,88.0,19,0,0.10526670545438149,8,yahoo,22,1
15,48.0,5,1,0.4895745353743037,6,gmail,22,0
16,315.0,18,0,0.39044176550384185,3,gmail,3,1
17,29.0,5,1,0.08068668490441155,2,company,6,1
18,79.0,1,1,0.05553478858438593,5,unknown,10,1
19,165.0,12,1,0.4674771134938427,2,gmail,10,1
20,126.0,19,0,0.3425138999384412,6,gmail,10,1
21,377.0,9,0,0.019283653061558992,0,yahoo,20,1
22,436.0,8,0,0.07099361026172041,6,yahoo,20,0
23,,12,0,0.023914622612926373,2,yahoo,14,1
24,37.0,6,0,0.48704085320946544,8,yahoo,4,1
25,384.0,17,0,0.2489254496095048,5,gmail,5,1
26,107.0,13,1,0.23107421933095207,6,yahoo,22,1
27,471.0,3,1,0.477889383089428,8,company,4,1
28,338.0,7,1,0.2523179977342395,5,company,8,1
29,160.0,11,1,0.25887742347986314,9,yahoo,10,1
30,373.0,7,0,0.4920485816766668,1,yahoo,22,1
31,428.0,15,1,0.0557161083736471,5,unknown,2,1
32,31.0,0,0,0.4928773983939949,5,yahoo,19,1
33,270.0,9,1,0.08283894991045293,1,gmail,3,1
34,69.0,6,1,0.23645573180752588,6,company,22,1
35,434.0,13,0,0.16880683981066752,8,company,14,1
36,422.0,16,0,0.4777106242993098,9,gmail,17,1
37,172.0,18,1,0.24275165441061347,3,yahoo,4,1
38,123.0,4,0,0.011507258395422715,4,unknown,10,1
39,363.0,18,0,0.1108455671469944,5,company,10,1
40,205.0,2,1,0.21540602304310058,0,unknown,3,0
41,54.0,0,0,0.3381952038144937,7,company,15,1
42,122.0,7,0,0.28095149917747453,8,unknown,10,1
43,402.0,8,0,0.4249546468683101,0,company,0,0
44,188.0,4,1,0.414216794016458,3,unknown,12,1
45,279.0,0,0,0.29525465026123043,5,yahoo,18,1
46,334.0,16,0,0.28565746822849564,9,yahoo,5,1
47,379.0,13,0,0.13908235800378177,0,gmail,19,1
48,65.0,16,1,0.47895293249725407,2,gmail,18,1
49,376.0,8,1,0.0384256688693404,6,unknown,5,1
50,356.0,2,1,0.19851512922462133,7,unknown,12,1
51,276.0,2,0,0.3304179448130141,7,company,10,1
52,423.0,12,1,0.47283155004285665,4,gmail,18,1
53,124.0,19,0,0.2507648851915045,0,gmail,6,1
54,366.0,4,1,0.44795966325331105,0,company,11,1
55,176.0,5,1,0.0523998889980431,7,unknown,15,1
56,363.0,13,0,0.26579208736529497,4,gmail,0,0
57,124.0,5,0,0.15802527987051945,8,unknown,14,1
58,417.0,16,0,0.39784838095368996,0,yahoo,12,1
59,89.0,8,0,0.22249740595095935,1,unknown,9,1
60,323.0,3,0,0.2376262430702134,3,yahoo,17,0
61,295.0,14,0,0.032391047262343764,9,yahoo,3,1
62,417.0,17,0,0.2190050306193954,6,company,21,1
63,332.0,14,1,0.04041434846622327,3,company,5,1
64,38.0,17,1,0.1497810590451697,7,yahoo,7,0
65,,6,1,0.06344073444179471,6,company,23,1
66,469.0,14,0,0.16724046221867944,4,gmail,19,1
67,128.0,4,1,0.11369417240712548,6,gmail,21,1
68,71.0,10,0,0.14258997696689857,7,unknown,8,1
69,164.0,13,1,0.07419292005048178,2,yahoo,22,0
70,294.0,7,1,0.2198038065073314,2,unknown,7,1
71,459.0,3,0,0.24878823673603234,1,yahoo,23,1
72,450.0,9,1,0.4183238465819569,3,yahoo,17,1
73,198.0,6,1,0.26941270132802514,3,unknown,6,1
74,294.0,0,1,0.11437876450195339,3,unknown,18,1
75,113.0,19,1,0.36794784831599686,1,unknown,22,1
76,66.0,11,1,0.1486233733724726,6,unknown,17,1
77,466.0,12,0,0.37819827327298977,9,gmail,0,1
78,320.0,15,0,0.1935820291030509,2,yahoo,10,1
79,381.0,13,1,0.25683753129309234,9,company,8,1
80,181.0,12,0,0.25187778404509786,0,yahoo,9,1
81,393.0,4,0,0.4778179197101814,1,gmail,9,0
82,165.0,13,1,0.07683265758306784,4,yahoo,0,0
83,174.0,12,0,0.4692777992792389,8,gmail,16,1
84,,13,0,0.2809942936694311,3,yahoo,11,1
85,342.0,11,0,0.49684429068482977,5,gmail,11,1
86,78.0,19,1,0.2865691380093599,2,company,18,0
87,489.0,14,1,0.3281880546999273,8,company,16,1
88,485.0,18,1,0.3747871015486253,1,company,6,1
89,67.0,10,1,0.4108945896364241,7,company,22,1
90,216.0,14,1,0.23878180487390205,2,gmail,10,1
91,481.0,11,1,0.3392969435421293,7,yahoo,23,1
92,425.0,18,1,0.3074414979510364,2,company,1,1
93,94.0,15,0,0.20354349853624476,3,company,15,0
94,334.0,3,1,0.4103988082070144,7,yahoo,22,1
95,110.0,17,0,0.09622427660884986,9,yahoo,8,1
96,301.0,8,1,0.08356535568868872,3,unknown,9,1
97,260.0,15,1,0.3682191072483076,8,yahoo,20,1
98,229.0,6,1,0.31874265685781655,8,yahoo,9,1
99,169.0,18,1,0.15883023276818514,5,yahoo,2,1
100,196.0,10,0,0.3175649522582652,0,unknown,16,1
101,393.0,16,1,0.38532359420680945,8,yahoo,13,1
102,453.0,4,0,0.10848308910266946,8,gmail,18,1
103,96.0,11,0,0.29069706590241984,6,company,17,1
104,473.0,18,0,0.412332950258807,8,gmail,17,1
105,339.0,1,1,0.20561926921320356,7,unknown,13,1
106,358.0,0,1,0.28586835378598396,8,unknown,2,1
107,164.0,3,0,0.03926785213623435,8,unknown,9,1
108,364.0,10,1,0.41523436382932905,6,unknown,22,0
109,499.0,17,1,0.3980631844444334,5,unknown,12,1
110,289.0,15,1,0.2281272264983093,1,company,21,1
111,352.0,9,0,0.05962420509411881,6,yahoo,11,0
112,332.0,11,0,0.3301993920445948,0,gmail,8,0
113,173.0,1,0,0.2864900599063572,5,gmail,9,1
114,407.0,0,0,0.45973994873590185,5,yahoo,18,0
115,77.0,9,0,0.13990426490205576,6,unknown,15,1
116,437.0,9,1,0.016163232183887544,1,yahoo,20,0
117,441.0,9,0,0.12736980502387107,3,unknown,2,1
118,371.0,1,0,0.21395348969153155,1,company,11,1
119,384.0,19,0,0.0777222198025963,3,gmail,7,1
120,297.0,2,0,0.4898674720073606,2,gmail,14,0
121,221.0,0,1,0.11119551299477681,1,company,10,0
122,129.0,17,1,0.3389304271638696,1,company,22,0
123,410.0,10,0,0.22705634317804047,2,unknown,12,1
124,486.0,11,1,0.27757392741333714,9,yahoo,5,1
125,194.0,0,0,0.4663399961844039,3,unknown,12,1
126,432.0,5,0,0.2657769208260724,6,unknown,10,1
127,425.0,15,0,0.1526132449407933,3,gmail,5,1
128,461.0,19,1,0.11040715375350624,6,unknown,5,1
129,225.0,2,1,0.4459964350322529,3,yahoo,4,0
130,499.0,16,0,0.49336253283577375,2,unknown,6,1
131,139.0,15,0,0.1259160794474759,7,gmail,22,1
132,87.0,10,0,0.3609668690682736,2,yahoo,22,0
133,497.0,15,1,0.2528762429161496,7,yahoo,18,1
134,179.0,11,0,0.34929149897953526,1,gmail,10,1
135,47.0,0,0,0.482107286385322,2,gmail,5,1
136,64.0,10,1,0.13804336421062352,3,unknown,8,0
137,,5,0,0.36997299102982006,2,gmail,19,1
138,299.0,18,1,0.21897340531609139,5,company,17,1
139,55.0,11,0,0.32626705668356726,8,gmail,7,1
140,180.0,1,1,0.20332595794231878,9,company,17,0
141,139.0,9,0,0.3541679900829883,7,gmail,4,1
142,173.0,18,0,0.16875078916376673,3,company,5,1
143,79.0,14,1,0.24417754879636921,1,company,1,1
144,301.0,7,0,0.3543968224507789,9,gmail,21,1
145,415.0,10,1,0.021353398946130364,0,yahoo,23,1
146,78.0,15,0,0.16404476563693832,3,yahoo,3,1
147,431.0,12,1,0.2730923513133747,4,company,18,1
148,114.0,12,0,0.037067589033328185,1,yahoo,3,0
149,63.0,4,1,0.3515783855004887,2,gmail,15,0
150,415.0,11,1,0.40664347824584846,3,company,0,1
151,377.0,9,0,0.08166365478092957,2,unknown,15,1
152,468.0,18,0,0.3667315005301404,7,company,0,1
153,372.0,16,1,0.3231000673802166,1,unknown,23,1
154,257.0,0,1,0.20543923943155262,8,unknown,16,1
155,424.0,14,1,0.08249406602240478,5,company,4,1
156,318.0,15,0,0.477439181142094,0,unknown,15,1
157,382.0,19,1,0.2320054887312229,7,yahoo,2,1
158,115.0,9,1,0.09182172614257916,9,unknown,9,1
159,358.0,9,1,0.35908212288418456,5,yahoo,17,1
160,324.0,16,0,0.3039489777747733,3,company,20,1
161,106.0,16,0,0.40809899495035695,5,unknown,17,1
162,351.0,1,0,0.4980483558512236,1,unknown,16,0
163,442.0,8,1,0.02243358313946231,0,yahoo,10,0
164,36.0,3,1,0.36965787946376466,5,yahoo,8,1
165,81.0,6,0,0.4945654445533605,7,company,10,1
166,387.0,4,0,0.269115819481049,4,company,8,0
167,194.0,18,0,0.35785102712121547,7,unknown,16,1
168,143.0,3,0,0.2205552574961659,2,gmail,19,1
169,183.0,17,1,0.178386857004257,5,unknown,4,1
170,290.0,2,0,0.3482290459184521,0,unknown,11,1
171,107.0,3,0,0.4940447020537786,2,company,17,1
172,402.0,13,1,0.04583320784265699,3,company,15,1
173,73.0,13,1,0.21106074021096938,4,unknown,8,1
174,493.0,16,0,0.4703094014652242,2,yahoo,7,1
175,424.0,8,0,0.05639914627390408,7,company,5,1
176,412.0,18,0,0.3254666557734424,4,unknown,16,0
177,122.0,2,0,0.21508240531493567,6,gmail,13,0
178,74.0,14,1,0.18844620873960605,4,unknown,20,1
179,225.0,0,0,0.10471988704390905,7,gmail,23,1
180,363.0,18,0,0.08816713634558448,0,gmail,13,1
181,410.0,3,0,0.25814334983949544,2,gmail,3,1
182,299.0,13,0,0.1887186065793875,2,unknown,7,1
183,492.0,17,1,0.2457721919355036,9,company,21,1
184,429.0,11,0,0.09796872931632356,9,yahoo,16,1
185,406.0,5,1,0.17510087603531732,2,yahoo,0,1
186,324.0,9,0,0.4982088354266154,5,unknown,2,1
187,98.0,3,0,0.1840354140574787,8,unknown,16,1
188,256.0,15,0,0.20635458103009952,5,gmail,19,1
189,341.0,0,1,0.009938031123493618,4,company,2,0
190,158.0,2,1,0.19041289842526482,0,unknown,6,1
191,366.0,6,0,0.3816956705563812,1,yahoo,10,0
192,375.0,2,1,0.2577983980286554,0,unknown,14,1
193,495.0,14,1,0.3285227081771212,5,company,6,1
194,458.0,5,0,0.2782760692211555,2,company,4,1
195,249.0,15,1,0.052745530187127354,4,unknown,16,0
196,15.0,16,1,0.1660721957074049,5,unknown,4,1
197,246.0,1,1,0.3471165410086816,4,company,0,1
198,374.0,9,1,0.2739694521499596,2,company,21,1
199,276.0,10,1,0.33748053449752974,1,gmail,23,0
200,345.0,5,0,0.18009024412654345,1,unknown,6,1
201,415.0,17,0,0.09684454217962568,1,unknown,16,1
202,247.0,14,0,0.4149070184331167,9,unknown,7,1
203,148.0,15,1,0.18815057969552818,3,yahoo,11,1
204,174.0,12,0,0.32750549704163145,3,gmail,1,1
205,291.0,15,1,0.1906231814686037,2,company,16,1
206,194.0,1,0,0.4636267786382696,7,gmail,21,1
207,163.0,19,1,0.495969657312409,3,yahoo,19,1
208,115.0,11,1,0.32446440032619966,7,gmail,13,1
209,158.0,13,1,0.3010756045359443,2,yahoo,22,1
210,194.0,7,0,0.4204134897932851,1,gmail,2,1
211,419.0,5,1,0.25811589762569437,7,gmail,18,1
212,280.0,13,0,0.4347529502614533,5,gmail,13,1
213,368.0,14,1,0.20646914402416255,1,unknown,7,1
214,200.0,19,1,0.015948544132639964,6,company,6,1
215,172.0,2,0,0.46329516885278027,9,gmail,4,1
216,404.0,6,0,0.36076423554423076,6,unknown,2,1
217,210.0,15,1,0.2553835604680977,3,unknown,0,1
218,115.0,1,1,0.4724468689663257,7,unknown,18,1
219,224.0,16,1,0.443384022293587,2,yahoo,14,1
220,333.0,10,0,0.05421298864158325,8,gmail,0,1
221,487.0,2,1,0.31219872243321034,4,company,4,0
222,229.0,7,1,0.2690520688680023,2,gmail,19,1
223,354.0,18,1,0.3882368858664341,8,gmail,10,1
224,479.0,17,1,0.1503839660170303,1,company,13,1
225,226.0,6,0,0.004057826216845251,1,unknown,21,1
226,483.0,15,0,0.09269980053823101,2,gmail,17,1
227,443.0,13,0,0.1054702919836027,8,unknown,19,1
228,38.0,7,0,0.1457081858731848,9,unknown,8,1
229,247.0,12,1,0.18519642415443677,2,unknown,14,1
230,73.0,2,1,0.35327739696495136,4,company,10,1
231,434.0,1,0,0.03712243748546906,8,unknown,4,1
232,105.0,12,1,0.24327363783047912,9,gmail,14,1
233,163.0,2,1,0.24932184068659408,5,unknown,23,1
234,37.0,0,1,0.3079348927801544,5,yahoo,1,1
235,349.0,1,0,0.15527372864630273,0,yahoo,11,1
236,185.0,9,0,0.12989444775302528,1,yahoo,22,0
237,260.0,10,0,0.24194245534852804,8,unknown,6,1
238,203.0,2,1,0.32980399446378944,7,gmail,1,1
239,288.0,7,1,0.02229603564797611,1,gmail,7,1
240,48.0,14,1,0.14679092082552508,4,unknown,8,1
241,78.0,4,0,0.3936551574666175,4,unknown,4,1
242,286.0,7,0,0.24209477101008858,5,company,14,1
243,129.0,17,0,0.4759129017004955,3,unknown,18,1
244,95.0,17,0,0.43377086463370124,8,yahoo,18,1
245,186.0,11,1,0.17197248935099757,4,company,12,1
246,468.0,3,1,0.3631354977476139,3,company,12,0
247,103.0,7,0,0.13715424307788954,8,unknown,5,1
248,101.0,1,0,0.08764824493004342,1,unknown,0,1
249,429.0,19,1,0.4405101832232102,1,company,9,1
250,90.0,2,1,0.1751246400190833,2,company,5,0
251,350.0,7,0,0.10170902133431703,9,company,2,1
252,430.0,11,0,0.4824882498244134,3,company,12,1
253,237.0,1,0,0.015514403145251154,9,company,18,1
254,392.0,16,1,0.18344967485490132,8,gmail,9,1
255,482.0,13,1,0.019208947097892726,4,company,12,0
256,97.0,13,1,0.2520501484625538,1,company,6,1
257,359.0,5,1,0.20058771056960933,2,gmail,14,1
258,137.0,7,1,0.3603344360436865,7,yahoo,22,1
259,307.0,9,0,0.47701724434567844,5,yahoo,3,1
260,199.0,17,0,0.2598444195718249,4,yahoo,10,1
261,364.0,0,0,0.14269978872293376,3,yahoo,7,1
262,478.0,6,0,0.43608781940313174,3,unknown,1,1
263,143.0,6,0,0.302269890376135,7,unknown,0,1
264,478.0,12,1,0.27674227310733307,5,company,0,1
265,145.0,15,0,0.09428733079529139,4,company,15,1
266,334.0,11,0,0.020295756735554837,4,yahoo,17,1
267,49.0,18,0,0.23070247241633068,5,yahoo,10,1
268,147.0,5,1,0.26402346347363337,2,gmail,21,1
269,296.0,6,0,0.06354686246256819,6,gmail,7,1
270,265.0,16,1,0.029698314498810996,0,gmail,18,0
271,295.0,18,0,0.10804017489242729,4,yahoo,11,1
272,444.0,4,0,0.03154915770084815,5,gmail,5,1
273,94.0,2,1,0.02806913342344941,1,company,23,0
274,429.0,17,0,0.2220831147105502,1,yahoo,15,1
275,326.0,16,0,0.4051220926820542,8,unknown,7,1
276,36.0,10,1,0.33199411383192595,1,yahoo,6,1
277,239.0,8,0,0.33970682863911145,2,unknown,19,1
278,300.0,16,1,0.1312182818841538,0,unknown,2,1
279,325.0,18,1,0.005552092469990999,8,yahoo,22,1
280,297.0,12,1,0.2253232956736133,0,gmail,0,1
281,355.0,5,1,0.18856207593658364,3,company,22,1
282,141.0,3,1,0.4736174996325189,6,yahoo,5,1
283,100.0,17,0,0.03600975618967345,1,gmail,2,1
284,365.0,11,0,0.3882096614239435,7,unknown,18,1
285,238.0,3,0,0.1927080887884038,7,unknown,1,1
286,36.0,4,1,0.4148099137347218,2,unknown,16,1
287,312.0,11,0,0.24745394816354688,3,unknown,15,1
288,399.0,17,1,0.410250904272645,6,yahoo,20,1
289,475.0,16,0,0.2334241840765225,4,company,6,1
290,291.0,9,1,0.20092975426124277,4,unknown,22,1
291,289.0,5,1,0.48185424931493503,1,gmail,5,1
292,208.0,16,0,0.18442904708016655,5,gmail,10,1
293,384.0,7,0,0.4026500137461085,3,company,14,0
294,309.0,1,0,0.033516301153162564,4,company,21,0
295,407.0,11,1,0.031324309020896834,4,company,10,1
296,406.0,2,0,0.21905409685296856,1,unknown,6,0
297,163.0,19,1,0.29278508674063836,7,yahoo,14,1
298,308.0,6,0,0.3042664923905952,0,unknown,15,0
299,52.0,0,1,0.01819304321090004,1,unknown,7,1
300,331.0,16,1,0.3483699770022222,6,gmail,4,1
301,119.0,7,0,0.0649630000535582,6,yahoo,16,1
302,120.0,9,0,0.47767248998986084,1,yahoo,22,1
303,480.0,16,0,0.16677437733855333,0,gmail,1,1
304,421.0,15,1,0.1307225157426471,9,gmail,20,1
305,10.0,9,1,0.14563300868469187,0,gmail,6,1
306,489.0,14,0,0.4686767201803519,0,company,22,1
307,149.0,15,0,0.24142060525895548,5,yahoo,20,1
308,375.0,17,0,0.2173398752959529,9,gmail,5,1
309,187.0,3,1,0.2829491090576409,6,gmail,11,1
310,446.0,6,1,0.46538095152048853,1,gmail,15,1
311,69.0,11,0,0.15416993146485386,5,unknown,10,1
312,192.0,11,0,0.09041000519560405,3,yahoo,21,1
313,428.0,0,1,0.29774546639062477,8,yahoo,16,1
314,454.0,11,1,0.24583738614396172,7,company,9,1
315,291.0,6,0,0.030984132750831783,7,unknown,22,1
316,424.0,14,0,0.2609686624337206,1,yahoo,15,1
317,322.0,1,0,0.2812089380917853,4,company,15,1
318,405.0,0,1,0.34707530508894124,1,company,14,0
319,230.0,3,0,0.4977710397961992,2,gmail,14,0
320,398.0,7,1,0.21079047425045738,7,company,22,1
321,236.0,16,0,0.25510163649369866,4,company,19,1
322,400.0,17,0,0.0375011560126724,3,unknown,3,1
323,153.0,4,0,0.41579403378505014,4,gmail,21,1
324,233.0,5,0,0.04907789863701728,7,gmail,2,1
325,61.0,11,0,0.46691501114670336,9,gmail,13,1
326,90.0,15,0,0.17425017098856188,6,company,9,1
327,158.0,8,1,0.16879123400806,5,gmail,5,1
328,36.0,14,1,0.16430449034747024,1,yahoo,10,1
329,241.0,7,0,0.4752447979162707,9,unknown,3,1
330,120.0,11,1,0.49005390339287885,4,unknown,9,1
331,381.0,13,1,0.48662020837660275,9,company,15,1
332,88.0,16,1,0.3523935750021614,8,gmail,23,1
333,288.0,13,1,0.055529079879932663,8,unknown,20,1
334,136.0,19,0,0.1931811135635727,8,company,7,1
335,465.0,4,0,0.14465460697676696,2,company,8,1
336,290.0,12,0,0.3541947692182138,8,unknown,3,1
337,404.0,5,0,0.2463272427550659,8,gmail,16,1
338,328.0,13,0,0.30825067438607195,4,gmail,9,1
339,450.0,5,1,0.00436553786619398,5,yahoo,22,1
340,350.0,2,1,0.39143203104699925,6,yahoo,12,1
341,191.0,15,0,0.47602591834223124,9,gmail,22,1
342,128.0,11,0,0.33468664466134723,9,yahoo,20,1
343,275.0,13,0,0.42596869837512175,9,yahoo,20,1
344,187.0,1,0,0.23912519434582913,5,unknown,16,1
345,210.0,17,1,0.01010403964433565,4,gmail,18,1
346,377.0,6,1,0.4952346111586063,0,unknown,16,1
347,394.0,4,1,0.029416074996321206,3,unknown,22,0
348,479.0,11,1,0.09638710189022176,7,company,20,1
349,79.0,16,0,0.026220075292470058,7,gmail,3,1
350,167.0,11,0,0.3124792002644925,5,unknown,22,1
351,320.0,10,0,0.2916154513493199,2,yahoo,5,0
352,107.0,0,1,0.10483482708728337,7,company,13,1
353,214.0,8,0,0.4783266206502161,6,yahoo,8,1
354,95.0,7,0,0.456743147864835,8,company,5,1
355,399.0,13,0,0.1399050292956741,2,yahoo,9,1
356,370.0,3,1,0.3294323820364064,5,yahoo,5,1
357,289.0,10,0,0.4276166685874615,0,yahoo,8,1
358,94.0,16,1,0.1798990532984175,7,unknown,12,0
359,368.0,7,1,0.12679124533857883,1,gmail,15,1
360,224.0,0,1,0.12809497120070773,4,company,15,0
361,142.0,17,0,0.4102282437644693,5,unknown,18,1
362,400.0,4,0,0.23153510871986488,3,company,4,1
363,396.0,7,0,0.3576690158872402,8,unknown,10,1
364,256.0,7,1,0.3251503942181789,2,company,20,0
365,150.0,8,1,0.15311285172729006,1,company,14,0
366,447.0,17,0,0.10403835152928559,2,yahoo,7,0
367,456.0,6,1,0.06289275508902398,4,company,14,0
368,85.0,9,1,0.011942809214625205,0,company,10,0
369,399.0,15,0,0.040628208489345896,9,yahoo,12,1
370,107.0,2,0,0.12812333722997832,3,unknown,22,1
371,472.0,9,1,0.35679980291532093,0,unknown,1,1
372,312.0,7,0,0.07745946809551862,8,gmail,1,1
373,475.0,17,0,0.2616976879149566,2,gmail,22,1
374,64.0,3,1,0.12256603418727652,1,gmail,11,0
375,314.0,11,1,0.2559048908920928,4,gmail,19,0
376,450.0,4,1,0.37500558773324544,0,company,21,0
377,268.0,3,0,0.13299056472834375,9,company,8,1
378,31.0,18,0,0.17394940586684726,6,gmail,19,1
379,44.0,18,1,0.3615002839791626,8,yahoo,14,1
380,37.0,4,1,0.2731690479829975,0,gmail,6,1
381,498.0,14,0,0.047283313226486656,7,unknown,13,1
382,179.0,11,1,0.3790771346234239,7,company,16,1
383,149.0,12,0,0.13871949628406383,6,yahoo,1,1
384,138.0,5,1,0.1925288672709356,9,unknown,8,0
385,109.0,16,0,0.12258846214502284,3,yahoo,12,1
386,487.0,19,0,0.2716785102359029,6,yahoo,4,1
387,382.0,9,0,0.35388415131231143,1,gmail,3,0
388,256.0,13,0,0.40160818070526677,5,unknown,22,1
389,32.0,14,1,0.4610611384133561,4,gmail,20,0
390,366.0,9,1,0.17960832582698288,4,unknown,0,1
391,293.0,5,0,0.4663071153332992,7,company,8,1
392,122.0,15,0,0.30847737214240273,0,unknown,23,1
393,382.0,1,0,0.19479727199624358,7,company,15,1
394,206.0,9,1,0.44364702434890946,3,company,18,1
395,173.0,4,1,0.2898147526504461,9,gmail,2,0
396,390.0,8,1,0.2271417643398851,5,company,2,1
397,319.0,18,1,0.005750775163567923,5,gmail,6,1
398,440.0,18,0,0.3587539450457933,0,yahoo,17,1
399,65.0,8,1,0.0386739973494209,7,yahoo,19,1
400,19.0,15,0,0.14469641401096717,3,yahoo,6,1
401,142.0,18,1,0.4808471712580176,8,unknown,23,1
402,407.0,19,1,0.07760655256152571,6,company,15,0
403,161.0,3,1,0.15589217793662302,3,gmail,20,0
404,200.0,4,1,0.4661696799025766,0,yahoo,23,1
405,293.0,17,1,0.16884190905343682,8,gmail,3,1
406,286.0,7,0,0.1643374877768305,9,yahoo,12,1
407,252.0,12,0,0.3239772934490853,5,company,9,1
408,497.0,8,0,0.06567861993242063,5,yahoo,1,0
409,341.0,9,1,0.4863758548635717,0,gmail,18,1
410,285.0,3,1,0.13751132252720022,4,yahoo,13,0
411,199.0,18,0,0.39284441600389486,3,gmail,5,1
412,124.0,3,1,0.14380717501088142,0,yahoo,12,0
413,361.0,12,1,0.1376862047142468,6,gmail,21,1
414,,16,0,0.028756354030207487,3,yahoo,11,1
415,367.0,10,1,0.05966032985965852,2,company,11,0
416,305.0,1,1,0.26098365472378365,1,yahoo,22,0
417,243.0,4,0,0.28842159105452125,7,unknown,11,0
418,350.0,12,1,0.40792176053200335,4,gmail,10,1
419,90.0,2,1,0.030107594822959216,9,yahoo,13,1
420,202.0,18,0,0.17807509283738243,8,unknown,3,1
421,380.0,18,0,0.100079425326911,4,gmail,12,1
422,373.0,15,1,0.17893875536090986,9,yahoo,7,1
423,,15,0,0.17715333312525805,0,yahoo,23,0
424,447.0,2,1,0.17713988537686248,9,company,22,1
425,267.0,8,1,0.15481671690419335,4,yahoo,2,0
426,474.0,18,1,0.38198904883697965,4,gmail,13,1
427,240.0,0,1,0.34485314347790486,7,unknown,18,1
428,23.0,13,0,0.1707346143075512,5,yahoo,17,1
429,23.0,10,0,0.07324405120992938,4,unknown,10,1
430,53.0,17,0,0.2591401836704962,7,gmail,12,1
431,219.0,19,0,0.4594238101524258,0,gmail,22,1
432,49.0,6,1,0.061779670429951083,4,yahoo,5,0
433,43.0,5,0,0.37651492397494885,2,company,22,1
434,244.0,11,1,0.29968953106705937,4,yahoo,17,1
435,330.0,1,1,0.2942950625221365,2,company,19,1
436,243.0,12,1,0.46732858652273845,3,yahoo,0,1
437,283.0,19,1,0.47797029364887067,8,unknown,1,1
438,377.0,0,1,0.12191986942790034,1,company,6,1
439,299.0,14,0,0.40423851636118396,9,company,4,1
440,352.0,19,1,0.3103996140767539,0,unknown,18,1
441,442.0,7,0,0.20442279503757904,3,yahoo,1,0
442,345.0,17,1,0.332810654913693,7,gmail,2,1
443,476.0,14,1,0.477983388138965,4,gmail,19,1
444,238.0,7,1,0.2584376684136999,8,yahoo,9,0
445,389.0,1,1,0.47003991829942393,9,unknown,9,1
446,448.0,10,1,0.3214436178401193,2,gmail,20,1
447,327.0,7,0,0.24145462040224108,8,unknown,7,1
448,137.0,12,1,0.3220852201057121,0,yahoo,8,0
449,335.0,0,0,0.3012705225303043,1,unknown,1,1
450,417.0,17,0,0.21084867046803085,8,unknown,2,0
451,218.0,4,0,0.2812301717289928,8,unknown,15,1
452,313.0,0,0,0.35162433648053915,9,gmail,3,1
453,89.0,11,0,0.4194331462049353,4,unknown,22,1
454,304.0,4,1,0.15216536791135932,9,company,5,1
455,185.0,15,1,0.007323963502147646,3,unknown,12,1
456,242.0,17,1,0.2756089509482366,8,unknown,5,1
457,335.0,1,1,0.24464208460986342,9,yahoo,9,1
458,345.0,14,0,0.02709940160138391,1,unknown,22,1
459,274.0,10,1,0.3162532050086776,2,unknown,16,1
460,294.0,9,1,0.4707001786715432,7,gmail,7,1
461,461.0,2,1,0.20111589300055088,0,company,8,1
462,453.0,12,0,0.44718009461347613,1,yahoo,1,0
463,419.0,12,0,0.4065506790959229,4,company,16,1
464,127.0,2,0,0.08085814393711521,6,unknown,19,1
465,175.0,9,0,0.3936399173850705,9,gmail,10,1
466,327.0,3,0,0.25835304076969234,8,company,17,1
467,419.0,13,1,0.4593142602156598,2,company,21,1
468,151.0,16,0,0.09471311772970742,3,company,2,0
469,492.0,0,1,0.06252322320738035,9,company,8,1
470,256.0,14,1,0.1206401997760051,0,company,7,1
471,186.0,1,1,0.029813355223650584,0,gmail,6,1
472,308.0,17,0,0.16004004941592032,0,unknown,6,1
473,353.0,6,1,0.14150444900641274,3,gmail,22,1
474,273.0,12,1,0.2081075496688939,8,gmail,20,1
475,177.0,2,0,0.2314886014580259,7,gmail,7,0
476,34.0,2,1,0.07236027425755431,3,gmail,19,0
477,200.0,12,0,0.3096869643186988,7,unknown,4,1
478,397.0,3,0,0.11178369940499727,6,unknown,2,1
479,24.0,15,0,0.060964334473123605,5,gmail,18,1
480,25.0,7,1,0.3544055463376519,9,company,1,1
481,319.0,7,1,0.011367631741425188,1,unknown,13,0
482,136.0,15,1,0.18418297032215492,2,unknown,20,1
483,276.0,1,0,0.07220163971600929,3,gmail,1,1
484,37.0,8,1,0.44139635099743657,6,company,9,1
485,272.0,12,1,0.4122291980996684,7,company,19,1
486,379.0,11,0,0.030263351179755593,7,gmail,9,1
487,393.0,1,1,0.2752255348700953,3,gmail,16,0
488,303.0,8,1,0.1476777701800283,8,unknown,1,1
489,161.0,0,0,0.09627276918007599,7,unknown,0,1
490,488.0,5,0,0.1557693180603718,4,yahoo,17,0
491,77.0,1,1,0.40794367963949346,2,yahoo,3,1
492,46.0,2,1,0.028927685438938422,1,gmail,0,1
493,385.0,14,0,0.32411669203926313,8,yahoo,21,1
494,,6,0,0.45668507266156116,0,company,16,0
495,143.0,12,0,0.2240281737032011,6,company,2,1
496,375.0,15,1,0.4507569650941905,6,company,1,1
497,170.0,12,0,0.45340021453711626,0,unknown,17,1
498,381.0,11,1,0.3047978860112258,6,yahoo,3,1
499,233.0,16,0,0.22792026671930105,0,yahoo,2,1
500,119.0,10,1,0.36883182451386176,1,gmail,11,1
501,111.0,6,0,0.45811131927077364,8,unknown,21,1
502,364.0,12,0,0.3400176722048329,7,unknown,15,1
503,474.0,9,1,0.10480359025783065,8,unknown,10,1
504,191.0,9,0,0.4100278732269211,8,company,9,1
505,489.0,12,0,0.47576667991208205,3,unknown,18,1
506,407.0,18,1,0.20513743958564717,4,yahoo,9,1
507,,16,1,0.34879483844171144,9,gmail,20,1
508,225.0,19,0,0.2590831745178624,6,yahoo,2,1
509,496.0,6,0,0.056004593480621756,5,unknown,23,0
510,148.0,3,1,0.17492100714917974,8,gmail,5,1
511,336.0,16,1,0.08191480424624459,1,company,13,0
512,438.0,3,1,0.3367866791782756,7,gmail,11,0
513,197.0,17,1,0.2910473495664964,1,unknown,7,1
514,97.0,19,0,0.01676720104181456,1,unknown,1,1
515,256.0,7,0,0.03080345713273097,2,gmail,8,0
516,195.0,7,0,0.13039624110983034,3,unknown,13,1
517,97.0,15,1,0.3724297660716002,5,unknown,0,1
518,343.0,14,1,0.06341805003024531,5,unknown,2,1
519,161.0,17,0,0.10238705052919733,1,unknown,19,1
520,276.0,18,1,0.45381319743443593,5,gmail,5,1
521,209.0,5,1,0.27306875230121413,7,gmail,19,1
522,392.0,8,0,0.3104248212386099,4,yahoo,12,1
523,437.0,15,0,0.2278830726825397,0,company,10,1
524,344.0,8,1,0.14988549526044814,7,company,14,1
525,499.0,19,0,0.12456514266149393,5,yahoo,17,1
526,255.0,16,0,0.29460979313067587,1,gmail,18,1
527,459.0,3,1,0.2354876483004607,6,yahoo,18,1
528,225.0,14,1,0.2015165617950052,7,unknown,5,1
529,438.0,10,1,0.34719258217717197,1,unknown,14,1
530,83.0,13,1,0.20207707911349526,0,company,20,0
531,169.0,16,0,0.01836519046820384,5,gmail,13,1
532,264.0,12,1,0.4198349666689486,5,company,4,1
533,26.0,8,1,0.15920172046118358,7,yahoo,10,1
534,447.0,15,0,0.4732008674587066,6,company,19,1
535,147.0,7,0,0.4397790466553576,7,company,12,1
536,479.0,13,0,0.11695812212157197,9,unknown,12,1
537,15.0,14,1,0.4827355074472218,9,company,3,1
538,228.0,6,1,0.42678037973196253,4,yahoo,8,0
539,413.0,10,0,0.4925082268261295,1,gmail,22,1
540,10.0,2,1,0.33897422757054013,4,company,12,1
541,73.0,6,0,0.46536337462212113,1,gmail,7,0
542,218.0,4,1,0.3450465610258574,8,yahoo,19,0
543,10.0,8,0,0.4275466952254455,4,company,10,1
544,366.0,19,0,0.3052146463397034,0,gmail,18,0
545,198.0,18,0,0.4645871862899811,8,unknown,0,0
546,472.0,12,0,0.25904345281472846,9,unknown,8,1
547,256.0,18,0,0.3682843628295623,4,yahoo,1,1
548,266.0,15,0,0.45848022604658895,0,company,3,1
549,474.0,1,1,0.21119505937195066,8,yahoo,3,0
550,183.0,0,1,0.01320103745180573,8,gmail,0,1
551,118.0,2,0,0.0565235569687258,9,gmail,17,1
552,69.0,11,1,0.48595572087496736,9,yahoo,13,1
553,52.0,5,1,0.4366012706119166,8,gmail,12,0
554,437.0,1,1,0.24170871989816822,5,yahoo,7,0
555,47.0,15,1,0.48044970603415876,9,yahoo,5,1
556,372.0,4,0,0.09280277288781102,9,unknown,16,1
557,267.0,11,1,0.05548318374859729,1,gmail,22,0
558,91.0,3,1,0.3007200389576573,6,yahoo,10,0
559,405.0,13,1,0.1910601485173904,1,unknown,14,1
560,230.0,16,0,0.16988481797850336,3,yahoo,6,0
561,416.0,11,0,0.36707594758240575,3,gmail,21,1
562,120.0,12,1,0.07500656746014639,9,unknown,7,1
563,274.0,16,1,0.38922451139505787,6,gmail,10,1
564,145.0,19,1,0.17972480796709828,5,company,20,1
565,443.0,14,1,0.49336877897936515,9,company,1,1
566,345.0,8,1,0.4043730434492923,6,company,19,1
567,327.0,9,0,0.3231117810490479,5,company,10,1
568,32.0,5,0,0.11472313496705278,0,unknown,13,0
569,358.0,16,1,0.478213230006987,3,gmail,23,0
570,68.0,11,1,0.01645501988355008,2,yahoo,12,0
571,275.0,8,1,0.11167489000466702,6,yahoo,7,1
572,149.0,1,0,0.018387854518560454,6,yahoo,11,0
573,455.0,15,0,0.48325808987090985,3,gmail,20,1
574,390.0,15,1,0.435724759823013,6,unknown,21,1
575,125.0,0,0,0.47605383290070147,3,gmail,8,0
576,213.0,10,1,0.35751749288329465,8,company,9,1
577,167.0,2,0,0.013712032898399118,2,yahoo,10,0
578,339.0,1,0,0.4657510201628173,9,gmail,10,0
579,471.0,13,0,0.2104763858404084,1,company,15,1
580,205.0,0,0,0.18410043452737263,4,company,17,0
581,440.0,5,0,0.1420661814698263,8,unknown,20,1
582,221.0,6,0,0.14339891364186208,2,yahoo,8,0
583,50.0,1,1,0.40031427600945696,0,gmail,2,1
584,368.0,1,1,0.12818973918456517,8,company,21,1
585,16.0,14,1,0.11108102871925857,4,company,3,0
586,359.0,4,1,0.3490098139194269,1,yahoo,19,1
587,381.0,12,1,0.14373153302033964,5,gmail,18,1
588,114.0,18,1,0.006565468826537912,2,gmail,9,1
589,481.0,18,1,0.465883193538328,8,yahoo,12,1
590,467.0,14,1,0.15678194349174912,2,company,0,1
591,317.0,0,1,0.38218872593404934,1,unknown,11,1
592,54.0,2,0,0.2344936636607413,2,yahoo,10,1
593,47.0,17,1,0.06703990927822961,5,company,23,1
594,173.0,16,1,0.33096411923680225,2,unknown,4,1
595,90.0,7,0,0.1157799134816721,8,yahoo,1,0
596,350.0,10,1,0.1439589374675158,8,yahoo,16,1
597,67.0,19,1,0.016203182031313934,8,company,16,1
598,311.0,7,0,0.008201675056853486,1,yahoo,19,0
599,132.0,5,0,0.25680972860717843,6,gmail,14,1
600,204.0,5,0,0.02889745444123465,1,gmail,3,0
601,202.0,5,1,0.10470878600212896,0,unknown,21,0
602,411.0,1,1,0.46190357588355035,4,yahoo,10,1
603,395.0,9,1,0.04142772930074273,7,gmail,22,1
604,113.0,9,1,0.14539474931084956,2,company,0,0
605,121.0,8,1,0.36326408106908464,6,company,9,1
606,141.0,2,1,0.44216254373174485,5,company,17,1
607,105.0,1,1,0.02310557475881303,0,gmail,14,0
608,92.0,3,1,0.09271975970466978,6,yahoo,18,1
609,477.0,7,1,0.19394172006904542,2,yahoo,3,1
610,179.0,8,1,0.18049711760154546,3,yahoo,5,1
611,58.0,1,0,0.14426286740271954,9,unknown,1,1
612,442.0,15,1,0.12115379516060543,1,yahoo,12,1
613,382.0,5,0,0.13432941738602233,0,gmail,1,0
614,144.0,7,1,0.06671278860608915,4,gmail,12,0
615,274.0,2,0,0.08166331126857057,5,yahoo,14,0
616,208.0,10,1,0.30338344990946325,1,company,17,1
617,292.0,19,1,0.14609556088032388,9,unknown,10,1
618,414.0,4,0,0.1998426351880941,5,unknown,4,1
619,44.0,11,0,0.2059831953531578,5,gmail,13,1
620,353.0,10,0,0.054868748355510755,7,unknown,21,1
621,489.0,4,0,0.4097468949282432,7,company,15,1
622,213.0,19,0,0.4781798338362669,5,yahoo,13,1
623,480.0,19,0,0.1317709286461552,6,unknown,8,1
624,429.0,2,1,0.14720509285755584,3,unknown,5,1
625,250.0,8,1,0.34657690660910745,4,gmail,8,1
626,358.0,17,0,0.04029419061770806,5,company,4,1
627,332.0,11,1,0.45366146788593686,5,gmail,10,1
628,52.0,3,1,0.06029465361579617,2,gmail,11,0
629,273.0,6,0,0.36603123545521554,8,unknown,16,1
630,491.0,19,1,0.14575753796308694,3,gmail,5,1
631,386.0,10,1,0.16163235914014162,7,gmail,19,1
632,87.0,1,0,0.07042232264385528,3,unknown,5,1
633,45.0,11,0,0.323168914496478,5,unknown,14,1
634,392.0,8,1,0.397497180601549,0,unknown,16,1
635,313.0,5,1,0.4751207877360414,1,yahoo,21,0
636,183.0,6,0,0.16577471731577437,5,company,2,0
637,425.0,5,0,0.31059045509191346,2,yahoo,18,0
638,144.0,17,1,0.20749647414067662,6,unknown,22,1
639,339.0,12,1,0.27892183637039314,0,company,1,1
640,149.0,8,0,0.0814658646135501,2,gmail,8,0
641,64.0,18,0,0.29087644552357284,2,company,8,1
642,261.0,3,1,0.42454113461492343,0,unknown,6,0
643,497.0,3,0,0.4318265771097622,3,yahoo,15,1
644,288.0,12,0,0.24169466380281185,7,company,5,1
645,468.0,10,1,0.1178732327232278,6,gmail,8,0
646,189.0,1,0,0.41833948703733137,6,yahoo,12,1
647,22.0,5,0,0.49971425841623296,4,yahoo,1,1
648,213.0,11,0,0.18857982096264525,3,yahoo,13,0
649,464.0,7,0,0.462184352582701,9,yahoo,4,1
650,318.0,4,0,0.49173006206669967,5,gmail,10,1
651,72.0,19,0,0.19780664290105265,1,unknown,14,1
652,83.0,8,1,0.35814220847517364,0,gmail,5,1
653,464.0,3,0,0.2905462515895343,6,unknown,5,1
654,316.0,8,0,0.3610968443483561,3,unknown,15,1
655,451.0,11,1,0.0770763672959755,6,company,19,1
656,164.0,3,1,0.18335991982857563,5,gmail,3,0
657,16.0,16,1,0.03139902037656678,8,unknown,4,1
658,384.0,19,0,0.3066080683735623,9,gmail,5,1
659,315.0,1,1,0.46334821445136143,5,gmail,12,1
660,417.0,12,1,0.2801416228162127,2,unknown,13,1
661,352.0,14,1,0.03516581026514437,6,unknown,23,1
662,162.0,7,0,0.46518869994957596,8,yahoo,12,1
663,53.0,5,1,0.06648245532323172,9,company,9,1
664,45.0,8,0,0.441470714519848,5,unknown,16,1
665,450.0,10,0,0.35711362287576165,6,unknown,23,1
666,106.0,11,1,0.31818387763588657,7,unknown,17,1
667,174.0,1,0,0.2934237988124836,3,company,6,0
668,243.0,1,0,0.06557460742073007,4,gmail,3,1
669,112.0,10,0,0.25042187618735784,3,yahoo,23,1
670,445.0,7,0,0.0983465191770313,0,yahoo,21,0
671,390.0,5,0,0.2858919360486546,5,gmail,20,1
672,456.0,17,1,0.22367187220286028,6,company,15,1
673,16.0,10,0,0.3398377808947472,1,company,9,1
674,103.0,5,0,0.4912485149311049,5,unknown,20,1
675,453.0,8,0,0.18050770180786108,1,company,19,1
676,488.0,13,0,0.3083567481699815,9,company,18,1
677,130.0,18,1,0.4322034632667977,4,unknown,2,1
678,374.0,5,1,0.04646331677545534,0,gmail,18,0
679,46.0,19,0,0.4001230306337231,2,yahoo,22,1
680,30.0,18,0,0.11971248536515161,3,gmail,23,1
681,107.0,9,1,0.2701380092954188,3,gmail,12,1
682,311.0,13,0,0.495750719267492,1,unknown,7,1
683,30.0,4,0,0.49202603938413003,7,gmail,17,1
684,241.0,11,1,0.15789881974079745,5,company,18,1
685,477.0,18,1,0.0658814780819833,8,gmail,17,1
686,363.0,1,0,0.46909251838144717,5,gmail,21,1
687,81.0,14,1,0.4467647174994634,2,unknown,18,1
688,361.0,5,0,0.30801594811870875,1,unknown,21,1
689,61.0,7,0,0.01620519441876167,8,yahoo,3,0
690,231.0,13,0,0.37564016204594647,2,company,12,1
691,,2,0,0.0804276066207007,5,company,11,1
692,334.0,5,1,0.47151063585025343,9,yahoo,14,1
693,487.0,10,1,0.21756303489854006,1,yahoo,14,0
694,469.0,8,1,0.3075578040866754,6,unknown,9,1
695,176.0,16,0,0.14053996930283796,0,yahoo,21,1
696,292.0,18,1,0.23753794120532107,8,gmail,18,1
697,214.0,1,0,0.3773177516098017,0,yahoo,20,0
698,376.0,7,1,0.2460082812356016,8,gmail,7,1
699,147.0,9,0,0.42359866473446894,0,yahoo,18,1
700,45.0,2,0,0.35651371799978654,0,unknown,8,1
701,104.0,9,1,0.03867978615227313,7,company,6,1
702,25.0,1,0,0.30341770214770564,0,gmail,7,0
703,496.0,6,0,0.3062997163301572,7,company,8,1
704,246.0,0,1,0.19044917619554147,2,gmail,16,0
705,173.0,11,1,0.16136196377083567,3,company,14,1
706,99.0,4,0,0.03144379700515254,1,unknown,15,1
707,117.0,8,0,0.2230782392192785,5,gmail,6,1
708,93.0,11,0,0.1682982289257305,6,yahoo,9,1
709,264.0,10,0,0.4755314048421254,9,unknown,18,1
710,427.0,11,1,0.33708719092267564,2,company,5,1
711,174.0,2,1,0.23003070528384162,8,gmail,11,1
712,209.0,11,0,0.3773059903109426,2,unknown,14,1
713,333.0,0,0,0.38938481879576314,6,company,9,0
714,324.0,5,0,0.2402279457872432,3,gmail,23,0
715,166.0,10,0,0.03787890103687874,4,gmail,17,1
716,40.0,1,1,0.39027556612423947,8,unknown,3,0
717,75.0,7,1,0.045142021393921705,2,company,10,0
718,98.0,10,1,0.423753413252544,2,company,4,1
719,495.0,11,1,0.16707844630430813,8,gmail,12,1
720,268.0,18,0,0.3191204822141904,8,company,9,1
721,262.0,19,0,0.3702022264560259,3,yahoo,21,1
722,243.0,8,0,0.01759623266300031,0,yahoo,6,0
723,116.0,10,1,0.1923071529225992,0,gmail,10,0
724,78.0,17,1,0.30207150399969707,8,company,3,1
725,287.0,8,1,0.42407212364847047,5,gmail,3,1
726,345.0,14,1,0.3588848415902046,4,yahoo,4,1
727,210.0,17,0,0.4480705821044734,9,gmail,8,1
728,62.0,7,0,0.04136133557728855,2,gmail,0,1
729,441.0,3,1,0.03591100110290579,2,unknown,15,1
730,466.0,12,1,0.3567624703879863,1,unknown,4,1
731,250.0,14,0,0.19926412049890802,6,yahoo,4,1
732,341.0,7,0,0.2408156306254698,8,company,6,0
733,184.0,15,0,0.30215801780451124,5,yahoo,7,1
734,51.0,10,0,0.49297073087365545,9,company,18,1
735,269.0,12,0,0.033583077768467084,0,company,0,0
736,378.0,6,1,0.054447444713092485,5,unknown,17,1
737,219.0,17,0,0.4146566178072387,7,unknown,21,1
738,475.0,7,0,0.0102621305781177,7,yahoo,10,1
739,51.0,1,1,0.225227420364202,9,yahoo,21,0
740,436.0,2,0,0.38705914481591797,2,yahoo,15,0
741,362.0,9,0,0.09763441051704652,0,unknown,20,0
742,179.0,6,1,0.09350505653278729,4,unknown,10,1
743,391.0,6,1,0.15512617216633995,5,gmail,20,1
744,268.0,3,1,0.07500516945747238,9,yahoo,8,0
745,452.0,7,1,0.3392764268609452,8,gmail,6,1
746,495.0,18,1,0.10006877574873346,1,company,21,1
747,346.0,11,1,0.11342876952290687,0,yahoo,14,1
748,213.0,9,0,0.2874675740458968,6,unknown,10,0
749,404.0,13,0,0.483670539198022,1,yahoo,22,1
750,346.0,11,0,0.4569412861842706,1,yahoo,18,1
751,172.0,19,0,0.432248364813461,2,unknown,6,1
752,114.0,3,1,0.26546191666391034,3,unknown,15,1
753,187.0,18,1,0.14887590785286037,6,company,2,0
754,200.0,6,1,0.3528835891366327,0,yahoo,15,1
755,133.0,0,0,0.1947886398895991,5,yahoo,7,0
756,207.0,7,1,0.3889544917156046,6,yahoo,9,1
757,108.0,10,0,0.008095742788656879,2,yahoo,8,0
758,15.0,0,1,0.2647700204834009,2,company,2,0
759,297.0,0,0,0.16867524749868612,1,yahoo,6,0
760,276.0,3,1,0.12452455291788939,4,company,7,1
761,52.0,3,1,0.33091841881218836,6,company,2,1
762,304.0,10,0,0.32918666680555503,2,unknown,15,1
763,150.0,0,1,0.018533588971797466,6,yahoo,21,0
764,278.0,9,1,0.47384944300794374,7,unknown,13,1
765,48.0,3,0,0.1809265180752599,2,company,6,1
766,439.0,6,0,0.45870390719949206,0,gmail,3,1
767,171.0,1,1,0.29185999408503993,2,gmail,5,0
768,204.0,12,1,0.3262952364366924,5,yahoo,6,1
769,425.0,18,1,0.48025778915998957,0,gmail,11,1
770,333.0,3,1,0.41109863983298717,8,unknown,6,1
771,113.0,5,1,0.07001750501512422,2,gmail,0,0
772,254.0,16,1,0.0026104812966670776,2,gmail,17,0
773,74.0,8,0,0.15429369017087757,6,company,10,1
774,210.0,1,1,0.24426879719381178,6,unknown,10,1
775,378.0,19,0,0.36607494558169723,5,yahoo,16,1
776,251.0,5,0,0.33052419018635076,6,unknown,11,1
777,16.0,17,1,0.1564280857050384,4,unknown,22,1
778,228.0,14,0,0.27099799458167834,7,yahoo,22,1
779,12.0,15,1,0.3254666580123869,9,unknown,18,1
780,351.0,0,0,0.2568751010219014,1,company,20,0
781,473.0,9,1,0.34448714802111535,4,yahoo,17,1
782,465.0,9,0,0.24260912697416775,8,company,20,1
783,462.0,5,1,0.2648425034918066,3,unknown,23,0
784,314.0,3,0,0.47038764639868036,7,gmail,12,1
785,323.0,13,0,0.19457906381464085,2,yahoo,9,1
786,487.0,16,0,0.377853665563832,5,yahoo,18,1
787,293.0,2,0,0.167338273082913,7,gmail,3,0
788,380.0,1,0,0.16592726769548016,8,gmail,23,1
789,420.0,17,0,0.4633357984375375,6,yahoo,14,1
790,31.0,16,1,0.349335752711325,5,gmail,17,1
791,103.0,12,1,0.46447914398878576,5,company,0,1
792,366.0,18,0,0.49729073100476273,5,unknown,18,1
793,80.0,9,0,0.00010158259720016716,9,company,1,1
794,379.0,3,0,0.49157512451430446,8,unknown,9,1
795,231.0,16,1,0.050435359839297755,2,unknown,17,1
796,22.0,15,0,0.035205739968947714,3,gmail,3,1
797,415.0,18,0,0.3839049023777887,2,gmail,21,1
798,468.0,13,0,0.1750923003102529,8,company,9,1
799,14.0,19,1,0.45890596825002605,4,gmail,20,1
800,31.0,14,0,0.27225328446580876,9,company,3,1
